mean_fit_time,std_fit_time,mean_score_time,std_score_time,param_criterion,param_max_depth,param_max_features,param_min_samples_leaf,param_min_samples_split,params,split0_test_score,split1_test_score,split2_test_score,split3_test_score,split4_test_score,mean_test_score,std_test_score,rank_test_score
0.0039035320281982423,0.0006886634315192466,0.0015926361083984375,0.0001347262865907414,gini,15,log2,8,8,"{'criterion': 'gini', 'max_depth': 15, 'max_features': 'log2', 'min_samples_leaf': 8, 'min_samples_split': 8}",0.6471148384510007,0.8590200295738675,0.8595409329210916,0.9075480575346149,0.8911480037639468,0.8328743724489043,0.09473466171993504,52
0.003100872039794922,5.0551935799151884e-05,0.0014258861541748048,4.525096699510517e-05,entropy,19,log2,11,12,"{'criterion': 'entropy', 'max_depth': 19, 'max_features': 'log2', 'min_samples_leaf': 11, 'min_samples_split': 12}",0.6492866450599752,0.897482860599543,0.8404019357440515,0.900070574001882,0.8764954967065466,0.8327475024223997,0.09418431515144794,54
0.0027473926544189452,0.00010440312283351966,0.0014146327972412109,4.94385170347731e-05,entropy,4,log2,2,13,"{'criterion': 'entropy', 'max_depth': 4, 'max_features': 'log2', 'min_samples_leaf': 2, 'min_samples_split': 13}",0.577483377326339,0.7740959806425595,0.7352130662723484,0.803367388089797,0.8066944481785187,0.7393708521019124,0.08492196350946618,100
0.003041839599609375,2.7562095204762007e-05,0.001378011703491211,1.684079215260853e-05,entropy,6,sqrt,1,13,"{'criterion': 'entropy', 'max_depth': 6, 'max_features': 'sqrt', 'min_samples_leaf': 1, 'min_samples_split': 13}",0.6432557051688997,0.888610700362952,0.8372765156607072,0.8821918268584487,0.8926771071380561,0.8288023710378127,0.09487552740672746,63
0.0010347366333007812,1.9121110587848112e-05,0.0,0.0,entropy,12,auto,17,11,"{'criterion': 'entropy', 'max_depth': 12, 'max_features': 'auto', 'min_samples_leaf': 17, 'min_samples_split': 11}",,,,,,,,128
0.0031145572662353515,0.00029304285838179395,0.0014157772064208984,5.238971469627756e-05,entropy,16,log2,15,13,"{'criterion': 'entropy', 'max_depth': 16, 'max_features': 'log2', 'min_samples_leaf': 15, 'min_samples_split': 13}",0.6327140900130308,0.8873840569969083,0.8240690953085091,0.902221400725904,0.8779237800779675,0.8248624846244639,0.09962979976480342,70
0.0010446548461914063,3.3984341827772385e-05,0.0,0.0,gini,3,auto,19,8,"{'criterion': 'gini', 'max_depth': 3, 'max_features': 'auto', 'min_samples_leaf': 19, 'min_samples_split': 8}",,,,,,,,128
0.0029297828674316405,4.782194130342844e-05,0.00142669677734375,6.465672738933873e-05,gini,9,log2,18,5,"{'criterion': 'gini', 'max_depth': 9, 'max_features': 'log2', 'min_samples_leaf': 18, 'min_samples_split': 5}",0.5982491897490729,0.8785623067616616,0.8938869471703187,0.9045234574539588,0.9003562306761662,0.8351156263622357,0.11876125163467917,42
0.003319454193115234,8.904433140595323e-05,0.0014182090759277343,4.1343349044283765e-05,gini,14,sqrt,9,3,"{'criterion': 'gini', 'max_depth': 14, 'max_features': 'sqrt', 'min_samples_leaf': 9, 'min_samples_split': 3}",0.6498379498145611,0.9048595241295874,0.8779237800779676,0.8804106734776178,0.8769827933862078,0.8380029441771881,0.094643948220911,34
0.0030602455139160157,0.00010328061690345894,0.001407957077026367,2.415950883779104e-05,entropy,15,log2,12,9,"{'criterion': 'entropy', 'max_depth': 15, 'max_features': 'log2', 'min_samples_leaf': 12, 'min_samples_split': 9}",0.6709880049450365,0.8868295469821211,0.8544159161177578,0.8518450060492002,0.8648675897298024,0.8257892127647836,0.07837709920452061,69
0.0026807785034179688,7.694251831648726e-05,0.0014324188232421875,9.089496875867425e-05,gini,3,sqrt,17,5,"{'criterion': 'gini', 'max_depth': 3, 'max_features': 'sqrt', 'min_samples_leaf': 17, 'min_samples_split': 5}",0.5746266163253032,0.7614598736389299,0.6983969619572522,0.7710041672267778,0.7747849173275977,0.7160545072951722,0.0759526309399913,104
0.003289937973022461,8.912251043867022e-05,0.0014011859893798828,2.542843404980856e-05,entropy,8,sqrt,6,11,"{'criterion': 'entropy', 'max_depth': 8, 'max_features': 'sqrt', 'min_samples_leaf': 6, 'min_samples_split': 11}",0.6734438170336463,0.9044058341174888,0.8943406371824171,0.9033808307568222,0.857171662857911,0.8465485563896571,0.08824914295433148,16
0.0039616584777832035,0.0008322058695775622,0.0017349720001220703,0.0003510202336610743,entropy,18,sqrt,12,3,"{'criterion': 'entropy', 'max_depth': 18, 'max_features': 'sqrt', 'min_samples_leaf': 12, 'min_samples_split': 3}",0.6606635704500652,0.9115640543083747,0.8871992203253125,0.912723484339293,0.9387518483667159,0.8621804355579522,0.10207008313377236,1
0.003166341781616211,0.00022307977301469278,0.0015372753143310547,5.578045071362223e-05,entropy,4,sqrt,16,16,"{'criterion': 'entropy', 'max_depth': 4, 'max_features': 'sqrt', 'min_samples_leaf': 16, 'min_samples_split': 16}",0.5981489525209664,0.8217838419142358,0.7943439978491732,0.8116346283102567,0.8105088049469015,0.7672840451083067,0.08502294105970569,96
0.0037126064300537108,0.0002930790443976121,0.002745199203491211,0.0020100519915700692,entropy,14,log2,8,17,"{'criterion': 'entropy', 'max_depth': 14, 'max_features': 'log2', 'min_samples_leaf': 8, 'min_samples_split': 17}",0.6330148016973504,0.9109591342922436,0.8777557467401532,0.8663462831025674,0.8756889366850382,0.8327529805034706,0.10100376017249295,53
0.0031722068786621095,0.0002593957062764803,0.0015282154083251954,0.00025096734654240653,gini,18,log2,13,10,"{'criterion': 'gini', 'max_depth': 18, 'max_features': 'log2', 'min_samples_leaf': 13, 'min_samples_split': 10}",0.6050152026462627,0.8501982793386207,0.8693204731818792,0.8353945422771878,0.9089427342384728,0.8137742463364848,0.10725382054311275,81
0.0010415077209472655,1.909528916673674e-05,0.0,0.0,gini,15,auto,1,8,"{'criterion': 'gini', 'max_depth': 15, 'max_features': 'auto', 'min_samples_leaf': 1, 'min_samples_split': 8}",,,,,,,,128
0.002438974380493164,6.047724004443126e-05,0.00135498046875,1.6375312833568134e-05,gini,1,log2,11,18,"{'criterion': 'gini', 'max_depth': 1, 'max_features': 'log2', 'min_samples_leaf': 11, 'min_samples_split': 18}",0.5346820809248555,0.6560357574942868,0.6154557064121522,0.6550611641349644,0.6434164538244388,0.6209302325581396,0.0455448407942379,124
0.00263066291809082,6.998978708399928e-05,0.0013855457305908202,3.170612143246386e-05,entropy,3,log2,1,6,"{'criterion': 'entropy', 'max_depth': 3, 'max_features': 'log2', 'min_samples_leaf': 1, 'min_samples_split': 6}",0.5617294263089312,0.7727013039387014,0.6994051619841376,0.7965116279069767,0.774600080656002,0.7209895201589498,0.08611788611912369,101
0.003338623046875,0.0002688212944153038,0.0014845848083496094,8.49323681554105e-05,entropy,7,sqrt,9,8,"{'criterion': 'entropy', 'max_depth': 7, 'max_features': 'sqrt', 'min_samples_leaf': 9, 'min_samples_split': 8}",0.6252130041097264,0.8892660303804274,0.8559450194918672,0.8926266971367119,0.9115640543083747,0.8349229610854214,0.10637381303636731,44
0.003168535232543945,6.996623026696256e-05,0.0014269828796386718,5.702151044812156e-05,gini,8,sqrt,1,17,"{'criterion': 'gini', 'max_depth': 8, 'max_features': 'sqrt', 'min_samples_leaf': 1, 'min_samples_split': 17}",0.6580574025192957,0.8862918403011157,0.857289286194381,0.8912824304341981,0.8977517139400456,0.8381345346778071,0.09109633472704654,33
0.0026912689208984375,4.825818203537883e-05,0.0013885021209716797,6.170490237478429e-05,gini,5,log2,12,9,"{'criterion': 'gini', 'max_depth': 5, 'max_features': 'log2', 'min_samples_leaf': 12, 'min_samples_split': 9}",0.5848508135921681,0.8182215351525743,0.7636947170318591,0.8327564188735045,0.8859053636241431,0.7770857696548498,0.10369828835802934,95
0.001031494140625,1.562876977185493e-05,0.0,0.0,entropy,3,auto,3,6,"{'criterion': 'entropy', 'max_depth': 3, 'max_features': 'auto', 'min_samples_leaf': 3, 'min_samples_split': 6}",,,,,,,,128
0.0032797813415527343,0.00010943206045487657,0.0014397144317626954,3.1363273103352796e-05,gini,14,log2,1,6,"{'criterion': 'gini', 'max_depth': 14, 'max_features': 'log2', 'min_samples_leaf': 1, 'min_samples_split': 6}",0.628938487754352,0.8765795133754537,0.79879688130125,0.8396289823901062,0.859440112918403,0.800676795547913,0.08969861018226762,87
0.0031766414642333983,0.00012417579371012827,0.0015133857727050782,0.000154346273566418,entropy,14,log2,9,16,"{'criterion': 'entropy', 'max_depth': 14, 'max_features': 'log2', 'min_samples_leaf': 9, 'min_samples_split': 16}",0.6286878946840857,0.9490858986422905,0.8508200026885334,0.8579446162118565,0.8787975534346013,0.8330671931322735,0.10794123581096855,50
0.0012377262115478515,0.0003041967916568819,0.0,0.0,gini,10,auto,19,8,"{'criterion': 'gini', 'max_depth': 10, 'max_features': 'auto', 'min_samples_leaf': 19, 'min_samples_split': 8}",,,,,,,,128
0.0029508590698242186,0.00023050470000438378,0.0014696121215820312,0.00015601431230190298,gini,4,sqrt,5,8,"{'criterion': 'gini', 'max_depth': 4, 'max_features': 'sqrt', 'min_samples_leaf': 5, 'min_samples_split': 8}",0.6426208693908918,0.8334285522247614,0.7976710579378948,0.8239850786396021,0.8254469686785859,0.7846305053743471,0.07201778698806006,89
0.0030771732330322266,6.527979065206614e-05,0.001429605484008789,6.979768953907935e-05,gini,15,log2,4,14,"{'criterion': 'gini', 'max_depth': 15, 'max_features': 'log2', 'min_samples_leaf': 4, 'min_samples_split': 14}",0.6914698118881353,0.895617690549805,0.9115136443070305,0.9031623874176636,0.8738909799704262,0.8551309028266122,0.08277935758463607,4
0.0029667377471923827,0.00014808880980138382,0.001467132568359375,5.826329605607465e-05,entropy,7,log2,19,3,"{'criterion': 'entropy', 'max_depth': 7, 'max_features': 'log2', 'min_samples_leaf': 19, 'min_samples_split': 3}",0.6365899294998163,0.895852937222745,0.875554510014787,0.8904926737464713,0.8573060895281623,0.8311592280023964,0.09820136979588981,59
0.003488445281982422,3.0874092126144274e-05,0.0014069557189941406,3.1658324638761925e-05,entropy,13,sqrt,6,13,"{'criterion': 'entropy', 'max_depth': 13, 'max_features': 'sqrt', 'min_samples_leaf': 6, 'min_samples_split': 13}",0.6640716362056867,0.8732524532867321,0.871975399919344,0.9244690146525072,0.9051451808038715,0.8477827369736282,0.09397339525766187,13
0.003430032730102539,0.00011522438169644879,0.0014301300048828124,5.91206161678731e-05,entropy,11,sqrt,7,2,"{'criterion': 'entropy', 'max_depth': 11, 'max_features': 'sqrt', 'min_samples_leaf': 7, 'min_samples_split': 2}",0.6258311336830499,0.904960344132276,0.8771340233902406,0.9415243984406506,0.9183189944885065,0.8535537788269447,0.11574940956773501,7
0.0010642051696777345,4.111724539425196e-05,0.0,0.0,gini,13,auto,3,8,"{'criterion': 'gini', 'max_depth': 13, 'max_features': 'auto', 'min_samples_leaf': 3, 'min_samples_split': 8}",,,,,,,,128
0.0031035423278808595,0.00010210033401069515,0.0014133453369140625,3.769939831208199e-05,entropy,8,log2,9,6,"{'criterion': 'entropy', 'max_depth': 8, 'max_features': 'log2', 'min_samples_leaf': 9, 'min_samples_split': 6}",0.6627518460356177,0.8818389568490388,0.8278498454093293,0.8688667831697809,0.8618933996504905,0.8206401662228515,0.08093655410259007,77
0.003239011764526367,6.425964120200155e-05,0.0013836383819580077,1.6886095801763638e-05,gini,19,sqrt,12,16,"{'criterion': 'gini', 'max_depth': 19, 'max_features': 'sqrt', 'min_samples_leaf': 12, 'min_samples_split': 16}",0.6767015269471082,0.8962226105659362,0.8439810458394945,0.9082369942196532,0.8895516870547115,0.8429387729253808,0.08592054132138299,23
0.0010327816009521485,1.619028931174411e-05,0.0,0.0,gini,9,auto,17,13,"{'criterion': 'gini', 'max_depth': 9, 'max_features': 'auto', 'min_samples_leaf': 17, 'min_samples_split': 13}",,,,,,,,128
0.0033558368682861327,5.5614546203981675e-05,0.0015065193176269532,9.130621044948657e-05,entropy,7,sqrt,3,18,"{'criterion': 'entropy', 'max_depth': 7, 'max_features': 'sqrt', 'min_samples_leaf': 3, 'min_samples_split': 18}",0.6267833873500618,0.8938029305014115,0.8829479768786126,0.8873168436617824,0.89425662051351,0.8370215517810757,0.10520353297595654,38
0.0010322093963623046,1.409584194089955e-05,0.0,0.0,gini,17,auto,17,3,"{'criterion': 'gini', 'max_depth': 17, 'max_features': 'auto', 'min_samples_leaf': 17, 'min_samples_split': 3}",,,,,,,,128
0.001059579849243164,5.9620168571705736e-05,0.0,0.0,entropy,5,auto,1,3,"{'criterion': 'entropy', 'max_depth': 5, 'max_features': 'auto', 'min_samples_leaf': 1, 'min_samples_split': 3}",,,,,,,,128
0.0033307552337646486,6.300846891508768e-05,0.0014392852783203125,5.872969267713454e-05,gini,12,sqrt,6,5,"{'criterion': 'gini', 'max_depth': 12, 'max_features': 'sqrt', 'min_samples_leaf': 6, 'min_samples_split': 5}",0.6473320191118983,0.869068423175158,0.9083042075547789,0.8978693372765156,0.9044730474526146,0.8454094069141931,0.09999071405276384,17
0.002938365936279297,5.621738204722567e-05,0.0014410972595214843,6.775193245759616e-05,gini,11,log2,17,7,"{'criterion': 'gini', 'max_depth': 11, 'max_features': 'log2', 'min_samples_leaf': 17, 'min_samples_split': 7}",0.6157238798489759,0.8842754402473451,0.8965586772415646,0.8997681139938164,0.9244522113187257,0.8441556645300856,0.11495828144068244,21
0.0029836654663085937,8.62794113735239e-05,0.001392698287963867,1.9616851193314702e-05,entropy,5,sqrt,6,12,"{'criterion': 'entropy', 'max_depth': 5, 'max_features': 'sqrt', 'min_samples_leaf': 6, 'min_samples_split': 12}",0.6469310701994722,0.8683290764887753,0.8058374781556661,0.8504167226777792,0.8564323161715285,0.8055893327386443,0.08210150442840954,86
0.0010418891906738281,1.2861350974332025e-05,0.0,0.0,gini,16,auto,9,7,"{'criterion': 'gini', 'max_depth': 16, 'max_features': 'auto', 'min_samples_leaf': 9, 'min_samples_split': 7}",,,,,,,,128
0.002623319625854492,6.987446176914431e-05,0.0013989448547363282,4.624376495627998e-05,entropy,3,log2,4,4,"{'criterion': 'entropy', 'max_depth': 3, 'max_features': 'log2', 'min_samples_leaf': 4, 'min_samples_split': 4}",0.5617294263089312,0.7727013039387014,0.6994051619841376,0.7901263610700362,0.774600080656002,0.7197124667915616,0.08502894946319904,102
0.003038501739501953,6.39085615316114e-05,0.0014066219329833985,1.5000602793409343e-05,gini,19,log2,9,2,"{'criterion': 'gini', 'max_depth': 19, 'max_features': 'log2', 'min_samples_leaf': 9, 'min_samples_split': 2}",0.6551839353135754,0.8998017206613791,0.8617757763140207,0.9175292378007797,0.890089393735717,0.8448760127650944,0.0965487033270476,19
0.0030811786651611327,4.2995166718382986e-05,0.001401805877685547,2.9963287535050763e-05,entropy,7,sqrt,8,2,"{'criterion': 'entropy', 'max_depth': 7, 'max_features': 'sqrt', 'min_samples_leaf': 8, 'min_samples_split': 2}",0.6164589528550903,0.8909463637585697,0.8682114531523054,0.9138661110364297,0.9183189944885065,0.8415603750581804,0.11396482898995977,26
0.0030240535736083983,0.000106062605157359,0.0013895511627197265,2.083696542699703e-05,gini,18,log2,10,4,"{'criterion': 'gini', 'max_depth': 18, 'max_features': 'log2', 'min_samples_leaf': 10, 'min_samples_split': 4}",0.6468976577901033,0.8851156069364163,0.8590200295738675,0.876629923376798,0.8779741900793117,0.8291274815512993,0.09151876987029836,61
0.0031402111053466797,5.072054786836751e-05,0.0013863086700439454,1.602527601840645e-05,gini,16,sqrt,16,18,"{'criterion': 'gini', 'max_depth': 16, 'max_features': 'sqrt', 'min_samples_leaf': 16, 'min_samples_split': 18}",0.6607471014734873,0.9090267509073802,0.8702782632074202,0.8965586772415647,0.9058341174889097,0.8484889820637523,0.09485332688768391,11
0.00248260498046875,9.065418072433092e-05,0.0013495445251464843,1.975890288342336e-05,entropy,1,sqrt,12,6,"{'criterion': 'entropy', 'max_depth': 1, 'max_features': 'sqrt', 'min_samples_leaf': 12, 'min_samples_split': 6}",0.5346820809248555,0.6560357574942868,0.6154557064121522,0.6570607608549537,0.6434164538244388,0.6213301519021374,0.04585053439635978,120
0.001056814193725586,4.6483087978908286e-05,0.0,0.0,gini,9,auto,3,17,"{'criterion': 'gini', 'max_depth': 9, 'max_features': 'auto', 'min_samples_leaf': 3, 'min_samples_split': 17}",,,,,,,,128
0.0027252197265625,4.7828834960589835e-05,0.0014034271240234374,3.920883238286123e-05,entropy,3,sqrt,1,12,"{'criterion': 'entropy', 'max_depth': 3, 'max_features': 'sqrt', 'min_samples_leaf': 1, 'min_samples_split': 12}",0.5837482040829964,0.7643500470493345,0.6987498319666621,0.7504368866783169,0.7747849173275977,0.7144139774209817,0.07036308862084718,107
0.003500509262084961,0.00030297451801692457,0.0016300201416015625,0.00014560145911512328,gini,8,sqrt,8,4,"{'criterion': 'gini', 'max_depth': 8, 'max_features': 'sqrt', 'min_samples_leaf': 8, 'min_samples_split': 4}",0.6333155133816699,0.8932316171528432,0.8527691894071785,0.8773356633956177,0.9242505713133484,0.8361805109301315,0.10405220066442439,39
0.0011103153228759766,4.2869490392410916e-05,0.0,0.0,entropy,3,auto,18,15,"{'criterion': 'entropy', 'max_depth': 3, 'max_features': 'auto', 'min_samples_leaf': 18, 'min_samples_split': 15}",,,,,,,,128
0.002925205230712891,0.00010838734120524715,0.001691436767578125,0.0003431029609624025,entropy,2,sqrt,3,17,"{'criterion': 'entropy', 'max_depth': 2, 'max_features': 'sqrt', 'min_samples_leaf': 3, 'min_samples_split': 17}",0.5339135955093721,0.7318187928485012,0.667982927812878,0.7332134695523592,0.7094199489178652,0.6752697469281952,0.07450659723640421,112
0.0017812728881835937,0.0013502676490023406,0.0,0.0,gini,9,auto,4,2,"{'criterion': 'gini', 'max_depth': 9, 'max_features': 'auto', 'min_samples_leaf': 4, 'min_samples_split': 2}",,,,,,,,128
0.004164838790893554,0.0002854190695307128,0.00206756591796875,0.0004010771700518074,entropy,16,log2,3,18,"{'criterion': 'entropy', 'max_depth': 16, 'max_features': 'log2', 'min_samples_leaf': 3, 'min_samples_split': 18}",0.6615991179123926,0.9037673074337949,0.8903750504100014,0.9014820540395214,0.883956176905498,0.8482359413402417,0.0935989580487617,12
0.025271081924438478,0.024128895385527486,0.031345033645629884,0.04817870848925894,entropy,1,log2,19,15,"{'criterion': 'entropy', 'max_depth': 1, 'max_features': 'log2', 'min_samples_leaf': 19, 'min_samples_split': 15}",0.5346820809248555,0.6560357574942868,0.6154557064121522,0.6570607608549537,0.6434164538244388,0.6213301519021374,0.04585053439635978,120
0.005849361419677734,0.0015618375043919873,0.0029644489288330076,0.00116941189408266,entropy,6,sqrt,13,9,"{'criterion': 'entropy', 'max_depth': 6, 'max_features': 'sqrt', 'min_samples_leaf': 13, 'min_samples_split': 9}",0.6410337799458719,0.8836369135636509,0.8318322355155262,0.886661513644307,0.9005242640139804,0.8287377413366672,0.09671064094883862,65
0.001796579360961914,0.0006832980077400285,0.0,0.0,gini,2,auto,1,16,"{'criterion': 'gini', 'max_depth': 2, 'max_features': 'auto', 'min_samples_leaf': 1, 'min_samples_split': 16}",,,,,,,,128
0.0012649059295654296,0.00032200455645949434,0.0,0.0,entropy,1,auto,16,5,"{'criterion': 'entropy', 'max_depth': 1, 'max_features': 'auto', 'min_samples_leaf': 16, 'min_samples_split': 5}",,,,,,,,128
0.0010548114776611328,5.49978281331939e-05,0.0,0.0,gini,17,auto,12,15,"{'criterion': 'gini', 'max_depth': 17, 'max_features': 'auto', 'min_samples_leaf': 12, 'min_samples_split': 15}",,,,,,,,128
0.0031691074371337892,0.00023582161840117463,0.0015061378479003906,8.218609004329152e-05,gini,6,log2,9,6,"{'criterion': 'gini', 'max_depth': 6, 'max_features': 'log2', 'min_samples_leaf': 9, 'min_samples_split': 6}",0.6054328577633733,0.8545503427880092,0.8281355020836133,0.866245463099879,0.8913832504368866,0.8091494832343523,0.10386964314790317,84
0.005085611343383789,0.002133098559731002,0.0024663925170898436,0.0015211287664797682,entropy,17,sqrt,3,2,"{'criterion': 'entropy', 'max_depth': 17, 'max_features': 'sqrt', 'min_samples_leaf': 3, 'min_samples_split': 2}",0.6681145377393164,0.9041033741094233,0.8557097728189274,0.8959033472240892,0.8922906304610834,0.8432243324705679,0.08911583959799149,22
0.0026584148406982424,0.00018281170506112207,0.0014392852783203125,5.125775443217009e-05,entropy,1,log2,18,11,"{'criterion': 'entropy', 'max_depth': 1, 'max_features': 'log2', 'min_samples_leaf': 18, 'min_samples_split': 11}",0.5346820809248555,0.6560357574942868,0.6154557064121522,0.6570607608549537,0.6434164538244388,0.6213301519021374,0.04585053439635978,120
0.002717399597167969,8.944333926098442e-05,0.0014102458953857422,2.949383338107675e-05,gini,3,sqrt,18,16,"{'criterion': 'gini', 'max_depth': 3, 'max_features': 'sqrt', 'min_samples_leaf': 18, 'min_samples_split': 16}",0.5746266163253032,0.7614598736389299,0.6983969619572522,0.7710041672267778,0.7747849173275977,0.7160545072951722,0.0759526309399913,104
0.0025111675262451173,3.570348273009117e-05,0.0013987064361572266,5.575297018697626e-05,entropy,2,log2,10,3,"{'criterion': 'entropy', 'max_depth': 2, 'max_features': 'log2', 'min_samples_leaf': 10, 'min_samples_split': 3}",0.5503692071235257,0.7368429896491463,0.6777792714074472,0.7599643769323834,0.7199052291974728,0.688972214861995,0.07432957051854426,108
0.001058197021484375,3.5006667987533034e-05,0.0,0.0,entropy,17,auto,9,12,"{'criterion': 'entropy', 'max_depth': 17, 'max_features': 'auto', 'min_samples_leaf': 9, 'min_samples_split': 12}",,,,,,,,128
0.0031592845916748047,6.254824065588439e-05,0.0014750957489013672,8.50649959392413e-05,entropy,16,log2,10,4,"{'criterion': 'entropy', 'max_depth': 16, 'max_features': 'log2', 'min_samples_leaf': 10, 'min_samples_split': 4}",0.6247285241738781,0.8892660303804274,0.8710344132275842,0.9150927544024735,0.872882779943541,0.8346009004255809,0.10611930310520826,46
0.003456401824951172,7.713722063712794e-05,0.001441049575805664,3.933701365350366e-05,entropy,13,sqrt,7,5,"{'criterion': 'entropy', 'max_depth': 13, 'max_features': 'sqrt', 'min_samples_leaf': 7, 'min_samples_split': 5}",0.6533963714123425,0.8904926737464713,0.9000705740018821,0.9131771743513912,0.9133284043554241,0.8540930395735022,0.10071522533790865,6
0.0024655342102050783,3.306871708463602e-05,0.0013713359832763672,2.261706551680958e-05,gini,1,sqrt,16,15,"{'criterion': 'gini', 'max_depth': 1, 'max_features': 'sqrt', 'min_samples_leaf': 16, 'min_samples_split': 15}",0.5346820809248555,0.6560357574942868,0.6154557064121522,0.6550611641349644,0.6434164538244388,0.6209302325581396,0.0455448407942379,124
0.00314483642578125,0.0001443411045847788,0.001490306854248047,7.322011182810604e-05,entropy,19,log2,15,3,"{'criterion': 'entropy', 'max_depth': 19, 'max_features': 'log2', 'min_samples_leaf': 15, 'min_samples_split': 3}",0.6327140900130308,0.8873840569969083,0.8240690953085091,0.902221400725904,0.8779237800779675,0.8248624846244639,0.09962979976480342,70
0.0011078357696533204,9.432444056435803e-05,0.0,0.0,entropy,19,auto,17,11,"{'criterion': 'entropy', 'max_depth': 19, 'max_features': 'auto', 'min_samples_leaf': 17, 'min_samples_split': 11}",,,,,,,,128
0.0033764362335205076,7.445646941335097e-05,0.001450967788696289,3.396118466179901e-05,entropy,15,sqrt,11,6,"{'criterion': 'entropy', 'max_depth': 15, 'max_features': 'sqrt', 'min_samples_leaf': 11, 'min_samples_split': 6}",0.6572555046944436,0.8976676972711386,0.8736557332974862,0.9038681274364834,0.880528296814088,0.8425950719027279,0.09331862709108164,24
0.0011361122131347656,9.110115859326665e-05,0.0,0.0,gini,8,auto,12,13,"{'criterion': 'gini', 'max_depth': 8, 'max_features': 'auto', 'min_samples_leaf': 12, 'min_samples_split': 13}",,,,,,,,128
0.00331573486328125,0.00010772609423220817,0.0016863346099853516,0.00019989091021264366,gini,7,sqrt,13,16,"{'criterion': 'gini', 'max_depth': 7, 'max_features': 'sqrt', 'min_samples_leaf': 13, 'min_samples_split': 16}",0.6578903404724514,0.8931644038177176,0.8671696464578572,0.8899045570641215,0.8944414571851055,0.8405140809994507,0.09184942819093846,29
0.00110321044921875,9.424338719144073e-05,0.0,0.0,gini,8,auto,18,11,"{'criterion': 'gini', 'max_depth': 8, 'max_features': 'auto', 'min_samples_leaf': 18, 'min_samples_split': 11}",,,,,,,,128
0.0010282039642333985,6.725939820291692e-06,0.0,0.0,entropy,19,auto,19,6,"{'criterion': 'entropy', 'max_depth': 19, 'max_features': 'auto', 'min_samples_leaf': 19, 'min_samples_split': 6}",,,,,,,,128
0.0010197162628173828,6.184193739652052e-06,0.0,0.0,entropy,9,auto,1,2,"{'criterion': 'entropy', 'max_depth': 9, 'max_features': 'auto', 'min_samples_leaf': 1, 'min_samples_split': 2}",,,,,,,,128
0.002811098098754883,7.885646837945355e-05,0.0015407085418701171,8.623391379083675e-05,gini,2,sqrt,16,9,"{'criterion': 'gini', 'max_depth': 2, 'max_features': 'sqrt', 'min_samples_leaf': 16, 'min_samples_split': 9}",0.5402619532894518,0.7318187928485012,0.667982927812878,0.6917932517811534,0.7094199489178652,0.6682553749299699,0.06733684297088971,117
0.0011153697967529296,6.992462092623942e-05,0.0,0.0,gini,1,auto,7,6,"{'criterion': 'gini', 'max_depth': 1, 'max_features': 'auto', 'min_samples_leaf': 7, 'min_samples_split': 6}",,,,,,,,128
0.0032288074493408204,0.00013518594978130286,0.0016153812408447265,5.5164639397150564e-05,entropy,3,sqrt,16,6,"{'criterion': 'entropy', 'max_depth': 3, 'max_features': 'sqrt', 'min_samples_leaf': 16, 'min_samples_split': 6}",0.5809582679006983,0.7643332437155531,0.6975063852668368,0.7555114934803066,0.7747849173275977,0.7146188615381985,0.07200232294495611,106
0.001146984100341797,4.863093838254782e-05,0.0,0.0,entropy,14,auto,15,18,"{'criterion': 'entropy', 'max_depth': 14, 'max_features': 'auto', 'min_samples_leaf': 15, 'min_samples_split': 18}",,,,,,,,128
0.0038318634033203125,0.00011305154381651111,0.0016507148742675782,0.0001225840294111988,entropy,14,sqrt,5,13,"{'criterion': 'entropy', 'max_depth': 14, 'max_features': 'sqrt', 'min_samples_leaf': 5, 'min_samples_split': 13}",0.6296401483510976,0.9298964914639064,0.8874176636644711,0.9193776045167361,0.8921562037908322,0.8516976223574086,0.11217663129125313,8
0.001078653335571289,2.914930158187039e-05,0.0,0.0,entropy,16,auto,7,5,"{'criterion': 'entropy', 'max_depth': 16, 'max_features': 'auto', 'min_samples_leaf': 7, 'min_samples_split': 5}",,,,,,,,128
0.0030959129333496095,0.0001770268080582835,0.001589822769165039,0.00014993267735796667,gini,5,log2,10,6,"{'criterion': 'gini', 'max_depth': 5, 'max_features': 'log2', 'min_samples_leaf': 10, 'min_samples_split': 6}",0.5898125563834409,0.8175998118026616,0.7633586503562306,0.8702446565398575,0.855457722812206,0.7792946795788793,0.10168325590428536,93
0.002755403518676758,5.507995530775199e-05,0.0015844345092773438,0.0001804763195609865,entropy,2,log2,10,2,"{'criterion': 'entropy', 'max_depth': 2, 'max_features': 'log2', 'min_samples_leaf': 10, 'min_samples_split': 2}",0.5503692071235257,0.7368429896491463,0.6777792714074472,0.7599643769323834,0.7199052291974728,0.688972214861995,0.07432957051854426,108
0.001256704330444336,0.00018905074959358218,0.0,0.0,entropy,5,auto,4,17,"{'criterion': 'entropy', 'max_depth': 5, 'max_features': 'auto', 'min_samples_leaf': 4, 'min_samples_split': 17}",,,,,,,,128
0.003697967529296875,0.00016585528777618403,0.0016762733459472657,0.00012603974225064684,entropy,16,log2,2,18,"{'criterion': 'entropy', 'max_depth': 16, 'max_features': 'log2', 'min_samples_leaf': 2, 'min_samples_split': 18}",0.6532627217748672,0.9055820674821884,0.9125050410001345,0.9122025809920689,0.8887451270332034,0.8544595076564925,0.10096802754105749,5
0.0041309833526611325,0.00017575253860203284,0.0017209529876708984,9.803317389728991e-05,entropy,12,sqrt,3,2,"{'criterion': 'entropy', 'max_depth': 12, 'max_features': 'sqrt', 'min_samples_leaf': 3, 'min_samples_split': 2}",0.6506231414347288,0.8912656271004167,0.8656741497513107,0.8947103105256083,0.8862414302997715,0.8377029318223672,0.09408084437377898,36
0.004155445098876953,0.0006675889387711973,0.002319669723510742,0.0006669163140313874,gini,19,log2,5,13,"{'criterion': 'gini', 'max_depth': 19, 'max_features': 'log2', 'min_samples_leaf': 5, 'min_samples_split': 13}",0.6900497844899596,0.9102533942734239,0.8884426670251377,0.9105054442801452,0.8988607339696196,0.8596224048076572,0.08517946742185964,3
0.0014373779296875,0.00024445164695218634,0.0,0.0,gini,1,auto,8,11,"{'criterion': 'gini', 'max_depth': 1, 'max_features': 'auto', 'min_samples_leaf': 8, 'min_samples_split': 11}",,,,,,,,128
0.0010834693908691405,1.0667306577216196e-05,0.0,0.0,gini,12,auto,13,13,"{'criterion': 'gini', 'max_depth': 12, 'max_features': 'auto', 'min_samples_leaf': 13, 'min_samples_split': 13}",,,,,,,,128
0.0033127307891845704,0.00018924348222505033,0.0015308856964111328,0.00011130404813271512,gini,14,sqrt,19,19,"{'criterion': 'gini', 'max_depth': 14, 'max_features': 'sqrt', 'min_samples_leaf': 19, 'min_samples_split': 19}",0.6455945738247185,0.8988943406371823,0.8566843661782497,0.9034648474257293,0.895735313886275,0.840074688390431,0.0986656630659781,30
0.0035160064697265627,0.0001907767845814784,0.0015455245971679687,8.850020580942683e-05,gini,17,sqrt,8,11,"{'criterion': 'gini', 'max_depth': 17, 'max_features': 'sqrt', 'min_samples_leaf': 8, 'min_samples_split': 11}",0.6364729860670253,0.9025238607339696,0.8822758435273557,0.8887115203656405,0.8704630998790159,0.8360894621146014,0.10034348672964179,40
0.002692556381225586,0.00024087218426505983,0.0014173507690429688,5.024818478220271e-05,entropy,2,log2,9,8,"{'criterion': 'entropy', 'max_depth': 2, 'max_features': 'log2', 'min_samples_leaf': 9, 'min_samples_split': 8}",0.5503692071235257,0.7368429896491463,0.6777792714074472,0.7599643769323834,0.7199052291974728,0.688972214861995,0.07432957051854426,108
0.0010778427124023438,7.63360145929905e-05,0.0,0.0,entropy,18,auto,11,5,"{'criterion': 'entropy', 'max_depth': 18, 'max_features': 'auto', 'min_samples_leaf': 11, 'min_samples_split': 5}",,,,,,,,128
0.0028551101684570314,0.00010697460922308657,0.0014488697052001953,7.666809013830854e-05,gini,4,sqrt,5,10,"{'criterion': 'gini', 'max_depth': 4, 'max_features': 'sqrt', 'min_samples_leaf': 5, 'min_samples_split': 10}",0.6426208693908918,0.8334285522247614,0.7976710579378948,0.8239850786396021,0.8254469686785859,0.7846305053743471,0.07201778698806006,89
0.00108795166015625,6.105310950879723e-05,0.0,0.0,entropy,3,auto,3,17,"{'criterion': 'entropy', 'max_depth': 3, 'max_features': 'auto', 'min_samples_leaf': 3, 'min_samples_split': 17}",,,,,,,,128
0.0011460304260253907,0.00014378213084720963,0.0,0.0,entropy,18,auto,7,6,"{'criterion': 'entropy', 'max_depth': 18, 'max_features': 'auto', 'min_samples_leaf': 7, 'min_samples_split': 6}",,,,,,,,128
0.003066253662109375,6.350504311901958e-05,0.0014339447021484374,5.9592169409773144e-05,entropy,17,log2,13,4,"{'criterion': 'entropy', 'max_depth': 17, 'max_features': 'log2', 'min_samples_leaf': 13, 'min_samples_split': 4}",0.6130508870994686,0.8921898104583951,0.8749159833310929,0.9061869874983196,0.9010451673612045,0.8374777671496961,0.11271576955644043,37
0.0010785579681396485,4.3873527543916366e-05,0.0,0.0,gini,17,auto,16,14,"{'criterion': 'gini', 'max_depth': 17, 'max_features': 'auto', 'min_samples_leaf': 16, 'min_samples_split': 14}",,,,,,,,128
0.0010671138763427735,2.1165017669204277e-05,0.0,0.0,gini,19,auto,4,13,"{'criterion': 'gini', 'max_depth': 19, 'max_features': 'auto', 'min_samples_leaf': 4, 'min_samples_split': 13}",,,,,,,,128
0.00315709114074707,1.8315389112121478e-05,0.0015535354614257812,0.0001233974967170028,gini,9,log2,12,10,"{'criterion': 'gini', 'max_depth': 9, 'max_features': 'log2', 'min_samples_leaf': 12, 'min_samples_split': 10}",0.6231247285241739,0.8809819868261863,0.8325715822019089,0.8877201236725366,0.8971804005914774,0.8243157643632566,0.1030402059300131,74
0.0030344486236572265,7.12327685898789e-05,0.0014715194702148438,5.817804167078806e-05,gini,14,log2,19,16,"{'criterion': 'gini', 'max_depth': 14, 'max_features': 'log2', 'min_samples_leaf': 19, 'min_samples_split': 16}",0.6396304587523807,0.8948279338620783,0.8829311735448313,0.9006418873504504,0.8740758166420218,0.8384214540303525,0.09982312537449048,31
0.0032670974731445314,0.0003092695524185791,0.0016136646270751953,0.00012415922148602097,entropy,5,log2,12,5,"{'criterion': 'entropy', 'max_depth': 5, 'max_features': 'log2', 'min_samples_leaf': 12, 'min_samples_split': 5}",0.5704333589495139,0.8323027288614061,0.7647869337276516,0.8456445758838553,0.8067784648474257,0.7639892124539704,0.10062778920981572,97
0.0010874748229980468,4.17970005560208e-05,0.0,0.0,gini,16,auto,7,14,"{'criterion': 'gini', 'max_depth': 16, 'max_features': 'auto', 'min_samples_leaf': 7, 'min_samples_split': 14}",,,,,,,,128
0.003939247131347657,0.00026155818204464304,0.0016928672790527343,8.803214659801747e-05,gini,10,sqrt,7,15,"{'criterion': 'gini', 'max_depth': 10, 'max_features': 'sqrt', 'min_samples_leaf': 7, 'min_samples_split': 15}",0.6482007417554879,0.8514753327060088,0.8772852533942734,0.8944582605188869,0.9032632074203522,0.8349365591590019,0.09502480963478518,43
0.0034009933471679686,0.000317014073955149,0.0016798973083496094,8.331260838264792e-05,gini,5,log2,11,12,"{'criterion': 'gini', 'max_depth': 5, 'max_features': 'log2', 'min_samples_leaf': 11, 'min_samples_split': 12}",0.5839987971532627,0.817734238472913,0.7633586503562306,0.8708159698884258,0.855457722812206,0.7782730757366076,0.10396516317515825,94
0.0011205673217773438,8.865735198578952e-05,0.0,0.0,entropy,15,auto,10,13,"{'criterion': 'entropy', 'max_depth': 15, 'max_features': 'auto', 'min_samples_leaf': 10, 'min_samples_split': 13}",,,,,,,,128
0.0030221939086914062,9.940562376356034e-05,0.0015160560607910157,7.949897972657948e-05,gini,6,log2,14,14,"{'criterion': 'gini', 'max_depth': 6, 'max_features': 'log2', 'min_samples_leaf': 14, 'min_samples_split': 14}",0.6129673560760466,0.8600954429358785,0.8312441188331765,0.8770500067213335,0.8810323968275307,0.8124778642787931,0.10128507738366739,83
0.0011566162109375,0.00011838114136728218,0.0,0.0,entropy,10,auto,18,3,"{'criterion': 'entropy', 'max_depth': 10, 'max_features': 'auto', 'min_samples_leaf': 18, 'min_samples_split': 3}",,,,,,,,128
0.003117084503173828,0.00019882319847821283,0.00155181884765625,9.037522220987184e-05,gini,5,sqrt,19,9,"{'criterion': 'gini', 'max_depth': 5, 'max_features': 'sqrt', 'min_samples_leaf': 19, 'min_samples_split': 9}",0.6661432055865548,0.8815869068423176,0.8273457453958866,0.8665815297755075,0.873050813281355,0.8229416401763243,0.08057267741413524,76
0.001094818115234375,5.4232340019225055e-05,0.0,0.0,entropy,13,auto,17,8,"{'criterion': 'entropy', 'max_depth': 13, 'max_features': 'auto', 'min_samples_leaf': 17, 'min_samples_split': 8}",,,,,,,,128
0.003296947479248047,0.00028276735371824806,0.0014976978302001954,9.034980819702806e-05,gini,13,sqrt,19,13,"{'criterion': 'gini', 'max_depth': 13, 'max_features': 'sqrt', 'min_samples_leaf': 19, 'min_samples_split': 13}",0.6565371378930134,0.8988943406371823,0.8566843661782497,0.9034648474257293,0.895735313886275,0.84226320120409,0.09435479307450927,25
0.0033143997192382813,0.00034836521853746173,0.0017198562622070313,0.0003149100464078469,entropy,7,log2,10,8,"{'criterion': 'entropy', 'max_depth': 7, 'max_features': 'log2', 'min_samples_leaf': 10, 'min_samples_split': 8}",0.6277523472217581,0.9259981180266165,0.8369740556526415,0.8347728189272752,0.8378478290092755,0.8126690337675134,0.09874304576943131,82
0.0011170387268066406,5.6165952368084746e-05,0.0,0.0,entropy,3,auto,13,19,"{'criterion': 'entropy', 'max_depth': 3, 'max_features': 'auto', 'min_samples_leaf': 13, 'min_samples_split': 19}",,,,,,,,128
0.0010543346405029296,1.542802185638175e-05,0.0,0.0,entropy,8,auto,9,8,"{'criterion': 'entropy', 'max_depth': 8, 'max_features': 'auto', 'min_samples_leaf': 9, 'min_samples_split': 8}",,,,,,,,128
0.0012320995330810547,0.00016267133146113442,0.0,0.0,gini,3,auto,17,2,"{'criterion': 'gini', 'max_depth': 3, 'max_features': 'auto', 'min_samples_leaf': 17, 'min_samples_split': 2}",,,,,,,,128
0.003143596649169922,0.00015498068858938873,0.0015531539916992187,0.00022987827322661937,entropy,6,sqrt,12,14,"{'criterion': 'entropy', 'max_depth': 6, 'max_features': 'sqrt', 'min_samples_leaf': 12, 'min_samples_split': 14}",0.6410337799458719,0.8857373302863287,0.8268584487162253,0.885670116951203,0.8901734104046242,0.8258946172608507,0.09535248508284458,68
0.0011203289031982422,7.896990571403868e-05,0.0,0.0,entropy,13,auto,15,17,"{'criterion': 'entropy', 'max_depth': 13, 'max_features': 'auto', 'min_samples_leaf': 15, 'min_samples_split': 17}",,,,,,,,128
0.0010236740112304688,4.28782408644988e-06,0.0,0.0,entropy,11,auto,4,4,"{'criterion': 'entropy', 'max_depth': 11, 'max_features': 'auto', 'min_samples_leaf': 4, 'min_samples_split': 4}",,,,,,,,128
0.003154420852661133,0.00010851912804671529,0.0015297889709472655,0.000135207729055949,gini,18,log2,9,18,"{'criterion': 'gini', 'max_depth': 18, 'max_features': 'log2', 'min_samples_leaf': 9, 'min_samples_split': 18}",0.6551839353135754,0.8998017206613791,0.8617757763140207,0.9175292378007797,0.890089393735717,0.8448760127650944,0.0965487033270476,19
0.004117059707641602,0.0008777665812029897,0.001791095733642578,0.00040177854707092327,entropy,15,log2,1,4,"{'criterion': 'entropy', 'max_depth': 15, 'max_features': 'log2', 'min_samples_leaf': 1, 'min_samples_split': 4}",0.6282034147482374,0.8692868665143164,0.8342183089124882,0.8213469552359188,0.8458630192230138,0.799783712926795,0.08722901394601912,88
0.0036495208740234377,0.000338618225471669,0.0016262054443359375,0.00013081125133036553,entropy,11,sqrt,16,9,"{'criterion': 'entropy', 'max_depth': 11, 'max_features': 'sqrt', 'min_samples_leaf': 16, 'min_samples_split': 9}",0.6441077216078052,0.9058509208226913,0.8320338755209032,0.8879889770130394,0.9007259040193574,0.8341414797967592,0.09858250725657702,47
0.0011301517486572265,6.433722596046883e-05,0.0,0.0,entropy,12,auto,8,5,"{'criterion': 'entropy', 'max_depth': 12, 'max_features': 'auto', 'min_samples_leaf': 8, 'min_samples_split': 5}",,,,,,,,128
0.003341817855834961,8.71759008189614e-05,0.0016201972961425782,0.00023979858602342716,entropy,8,sqrt,18,6,"{'criterion': 'entropy', 'max_depth': 8, 'max_features': 'sqrt', 'min_samples_leaf': 18, 'min_samples_split': 6}",0.6630859701293059,0.8941558005108213,0.8441490791773089,0.8825783035354214,0.8776717300712461,0.8323281766848207,0.08623969662017018,55
0.003730630874633789,0.0013366412181200047,0.0017995834350585938,0.0002452318848088563,gini,4,log2,17,10,"{'criterion': 'gini', 'max_depth': 4, 'max_features': 'log2', 'min_samples_leaf': 17, 'min_samples_split': 10}",0.5951251294730863,0.7841779809114128,0.7386073396961956,0.8173141551283775,0.8278666487431106,0.7526182507904365,0.08466910521533717,98
0.0011304378509521484,0.00015987480263931816,0.0,0.0,gini,13,auto,13,15,"{'criterion': 'gini', 'max_depth': 13, 'max_features': 'auto', 'min_samples_leaf': 13, 'min_samples_split': 15}",,,,,,,,128
0.0031345844268798827,0.00016020973505668254,0.001568603515625,0.00015615360573719542,gini,6,sqrt,19,6,"{'criterion': 'gini', 'max_depth': 6, 'max_features': 'sqrt', 'min_samples_leaf': 19, 'min_samples_split': 6}",0.6501219552941963,0.890879150423444,0.7928821078101895,0.8890811937088319,0.8649852130662723,0.8175899240605867,0.09097760439066399,80
0.002811622619628906,0.00031658832410102366,0.0018031597137451172,0.00041918889909998145,gini,2,sqrt,18,14,"{'criterion': 'gini', 'max_depth': 2, 'max_features': 'sqrt', 'min_samples_leaf': 18, 'min_samples_split': 14}",0.5402619532894518,0.7318187928485012,0.667982927812878,0.6917932517811534,0.7094199489178652,0.6682553749299699,0.06733684297088971,117
0.0030793190002441407,0.0004641303144340953,0.0015597343444824219,8.669248370379665e-05,gini,1,sqrt,1,19,"{'criterion': 'gini', 'max_depth': 1, 'max_features': 'sqrt', 'min_samples_leaf': 1, 'min_samples_split': 19}",0.5346820809248555,0.6560357574942868,0.6154557064121522,0.6550611641349644,0.6434164538244388,0.6209302325581396,0.0455448407942379,124
0.0014489173889160156,0.00038586850202264864,0.0,0.0,entropy,15,auto,11,18,"{'criterion': 'entropy', 'max_depth': 15, 'max_features': 'auto', 'min_samples_leaf': 11, 'min_samples_split': 18}",,,,,,,,128
0.0031151771545410156,0.0004295537459172636,0.0017953872680664062,0.00039264633393082865,gini,1,sqrt,9,4,"{'criterion': 'gini', 'max_depth': 1, 'max_features': 'sqrt', 'min_samples_leaf': 9, 'min_samples_split': 4}",0.5346820809248555,0.6560357574942868,0.6154557064121522,0.6550611641349644,0.6434164538244388,0.6209302325581396,0.0455448407942379,124
0.0010433673858642578,2.302259476628853e-05,0.0,0.0,gini,1,auto,16,7,"{'criterion': 'gini', 'max_depth': 1, 'max_features': 'auto', 'min_samples_leaf': 16, 'min_samples_split': 7}",,,,,,,,128
0.0010749340057373048,7.361778917794044e-05,0.0,0.0,entropy,17,auto,5,7,"{'criterion': 'entropy', 'max_depth': 17, 'max_features': 'auto', 'min_samples_leaf': 5, 'min_samples_split': 7}",,,,,,,,128
0.0010259628295898437,6.3963754704719435e-06,0.0,0.0,gini,5,auto,5,11,"{'criterion': 'gini', 'max_depth': 5, 'max_features': 'auto', 'min_samples_leaf': 5, 'min_samples_split': 11}",,,,,,,,128
0.001021575927734375,2.4192144191676752e-06,0.0,0.0,entropy,19,auto,14,10,"{'criterion': 'entropy', 'max_depth': 19, 'max_features': 'auto', 'min_samples_leaf': 14, 'min_samples_split': 10}",,,,,,,,128
0.002686309814453125,0.0001401234812208032,0.001455545425415039,6.897528196638077e-05,entropy,1,log2,13,14,"{'criterion': 'entropy', 'max_depth': 1, 'max_features': 'log2', 'min_samples_leaf': 13, 'min_samples_split': 14}",0.5346820809248555,0.6560357574942868,0.6154557064121522,0.6570607608549537,0.6434164538244388,0.6213301519021374,0.04585053439635978,120
0.0010370731353759766,1.4428087011634517e-05,0.0,0.0,entropy,1,auto,8,3,"{'criterion': 'entropy', 'max_depth': 1, 'max_features': 'auto', 'min_samples_leaf': 8, 'min_samples_split': 3}",,,,,,,,128
0.0031131744384765626,8.417365824833253e-05,0.0014500141143798829,5.5224536813807183e-05,entropy,8,log2,2,4,"{'criterion': 'entropy', 'max_depth': 8, 'max_features': 'log2', 'min_samples_leaf': 2, 'min_samples_split': 4}",0.6142871462461158,0.8849811802661647,0.8490052426401398,0.8763778733700767,0.8957353138862749,0.8240773512817544,0.10603095255327569,75
0.0010518074035644532,3.54289045884479e-05,0.0,0.0,gini,18,auto,12,6,"{'criterion': 'gini', 'max_depth': 18, 'max_features': 'auto', 'min_samples_leaf': 12, 'min_samples_split': 6}",,,,,,,,128
0.0032680511474609377,0.0002472414873794149,0.0014727592468261718,9.416289186916336e-05,entropy,17,log2,15,16,"{'criterion': 'entropy', 'max_depth': 17, 'max_features': 'log2', 'min_samples_leaf': 15, 'min_samples_split': 16}",0.6327140900130308,0.8873840569969083,0.8240690953085091,0.902221400725904,0.8779237800779675,0.8248624846244639,0.09962979976480342,70
0.0032503604888916016,7.91986184238537e-05,0.0014268875122070313,5.6085942492160694e-05,gini,14,sqrt,11,8,"{'criterion': 'gini', 'max_depth': 14, 'max_features': 'sqrt', 'min_samples_leaf': 11, 'min_samples_split': 8}",0.6716729593370978,0.9208899045570641,0.8581126495496707,0.9175460411345612,0.9393231617152843,0.8615089432587357,0.09876289090495122,2
0.002585172653198242,6.236439423201882e-05,0.0013996124267578124,7.520110520005345e-05,entropy,2,sqrt,18,3,"{'criterion': 'entropy', 'max_depth': 2, 'max_features': 'sqrt', 'min_samples_leaf': 18, 'min_samples_split': 3}",0.5339135955093721,0.7318187928485012,0.667982927812878,0.7332134695523592,0.7094199489178652,0.6752697469281952,0.07450659723640421,112
0.002965831756591797,6.548896182360354e-05,0.001387786865234375,1.5422862796127792e-05,entropy,15,log2,19,3,"{'criterion': 'entropy', 'max_depth': 15, 'max_features': 'log2', 'min_samples_leaf': 19, 'min_samples_split': 3}",0.6300578034682082,0.898642290630461,0.8832840435542413,0.8613388896357037,0.8490724559752655,0.824479096652776,0.09871303665284027,73
0.0010729789733886718,8.370639655891995e-05,0.0,0.0,entropy,6,auto,15,11,"{'criterion': 'entropy', 'max_depth': 6, 'max_features': 'auto', 'min_samples_leaf': 15, 'min_samples_split': 11}",,,,,,,,128
0.0010138988494873048,2.8234236417937207e-06,0.0,0.0,gini,17,auto,4,11,"{'criterion': 'gini', 'max_depth': 17, 'max_features': 'auto', 'min_samples_leaf': 4, 'min_samples_split': 11}",,,,,,,,128
0.00324101448059082,0.00013293501616982057,0.0014457225799560547,9.12349620069553e-05,entropy,17,sqrt,17,6,"{'criterion': 'entropy', 'max_depth': 17, 'max_features': 'sqrt', 'min_samples_leaf': 17, 'min_samples_split': 6}",0.6635036252464166,0.9081361742169646,0.8749327866648743,0.8902070170721871,0.89744925393198,0.8468457714264845,0.09230454650857148,14
0.0010416507720947266,2.2003335363559635e-05,0.0,0.0,entropy,6,auto,2,14,"{'criterion': 'entropy', 'max_depth': 6, 'max_features': 'auto', 'min_samples_leaf': 2, 'min_samples_split': 14}",,,,,,,,128
0.003043365478515625,0.00011194339052285534,0.001438140869140625,4.8394390885390046e-05,entropy,11,log2,16,12,"{'criterion': 'entropy', 'max_depth': 11, 'max_features': 'log2', 'min_samples_leaf': 16, 'min_samples_split': 12}",0.6546326305589896,0.8896861137249631,0.8470392525877133,0.8926771071380563,0.8598769995967199,0.8287824207212886,0.08879203222428801,64
0.0010442733764648438,2.9496531475472288e-05,0.0,0.0,gini,15,auto,16,12,"{'criterion': 'gini', 'max_depth': 15, 'max_features': 'auto', 'min_samples_leaf': 16, 'min_samples_split': 12}",,,,,,,,128
0.0010137557983398438,2.9930791523886136e-06,0.0,0.0,entropy,16,auto,3,4,"{'criterion': 'entropy', 'max_depth': 16, 'max_features': 'auto', 'min_samples_leaf': 3, 'min_samples_split': 4}",,,,,,,,128
0.0010286331176757812,2.6891501999705816e-05,0.0,0.0,gini,18,auto,19,6,"{'criterion': 'gini', 'max_depth': 18, 'max_features': 'auto', 'min_samples_leaf': 19, 'min_samples_split': 6}",,,,,,,,128
0.0010226249694824218,5.361821287868728e-06,0.0,0.0,entropy,10,auto,6,2,"{'criterion': 'entropy', 'max_depth': 10, 'max_features': 'auto', 'min_samples_leaf': 6, 'min_samples_split': 2}",,,,,,,,128
0.00312957763671875,7.069399941952413e-05,0.0014121055603027344,3.481773374216297e-05,gini,9,sqrt,14,3,"{'criterion': 'gini', 'max_depth': 9, 'max_features': 'sqrt', 'min_samples_leaf': 14, 'min_samples_split': 3}",0.6568712619867019,0.9107574942868666,0.8754368866783169,0.923275977954026,0.8831160102164269,0.8498915262244676,0.09808485918579567,10
0.003325366973876953,9.107210241271035e-05,0.0014425754547119141,5.4872045044584354e-05,gini,14,sqrt,13,10,"{'criterion': 'gini', 'max_depth': 14, 'max_features': 'sqrt', 'min_samples_leaf': 13, 'min_samples_split': 10}",0.6865748939156002,0.8917193171125152,0.8830656002150827,0.8835865035623066,0.8802762468073666,0.8450445123225743,0.07932656640532404,18
0.001054525375366211,2.275617599294664e-05,0.0,0.0,entropy,15,auto,15,12,"{'criterion': 'entropy', 'max_depth': 15, 'max_features': 'auto', 'min_samples_leaf': 15, 'min_samples_split': 12}",,,,,,,,128
0.0010753154754638671,4.375624674279951e-05,0.0,0.0,gini,16,auto,17,5,"{'criterion': 'gini', 'max_depth': 16, 'max_features': 'auto', 'min_samples_leaf': 17, 'min_samples_split': 5}",,,,,,,,128
0.0010252952575683593,1.000631159409808e-05,0.0,0.0,gini,8,auto,3,16,"{'criterion': 'gini', 'max_depth': 8, 'max_features': 'auto', 'min_samples_leaf': 3, 'min_samples_split': 16}",,,,,,,,128
0.0032243728637695312,0.00013918238726820788,0.0014702320098876954,7.906883218062371e-05,gini,14,sqrt,14,3,"{'criterion': 'gini', 'max_depth': 14, 'max_features': 'sqrt', 'min_samples_leaf': 14, 'min_samples_split': 3}",0.6334157506097764,0.9171931711251512,0.8874176636644708,0.880729936819465,0.8850315902675091,0.8407576224972745,0.1044683440167139,28
0.002966642379760742,0.00011958786932025435,0.0014117240905761718,3.788182377832261e-05,gini,14,log2,19,8,"{'criterion': 'gini', 'max_depth': 14, 'max_features': 'log2', 'min_samples_leaf': 19, 'min_samples_split': 8}",0.6396304587523807,0.8948279338620783,0.8829311735448313,0.9006418873504504,0.8740758166420218,0.8384214540303525,0.09982312537449048,31
0.0030731201171875,0.00016677979307865145,0.0015040397644042968,0.00017635547517959397,gini,15,log2,14,12,"{'criterion': 'gini', 'max_depth': 15, 'max_features': 'log2', 'min_samples_leaf': 14, 'min_samples_split': 12}",0.6436065354672724,0.8575917462024465,0.8483163059551013,0.9043050141148004,0.9070271541873908,0.8321693511854023,0.09723189016452884,57
0.00331268310546875,0.00012743490672300058,0.001444530487060547,7.487245371718734e-05,gini,13,sqrt,6,4,"{'criterion': 'gini', 'max_depth': 13, 'max_features': 'sqrt', 'min_samples_leaf': 6, 'min_samples_split': 4}",0.6503057235457248,0.9011627906976745,0.8955840838822422,0.8956008872160237,0.9134460276918941,0.8512199026067119,0.10066850792266031,9
0.0010327339172363282,2.1348569916482486e-05,0.0,0.0,gini,15,auto,5,11,"{'criterion': 'gini', 'max_depth': 15, 'max_features': 'auto', 'min_samples_leaf': 5, 'min_samples_split': 11}",,,,,,,,128
0.003037834167480469,0.0001325751886784353,0.001439523696899414,6.767416348276602e-05,gini,17,log2,12,18,"{'criterion': 'gini', 'max_depth': 17, 'max_features': 'log2', 'min_samples_leaf': 12, 'min_samples_split': 18}",0.6286878946840857,0.9102533942734239,0.88645987363893,0.8656741497513107,0.8788311601021642,0.8339812944899828,0.10366557962870573,48
0.002764606475830078,6.561452563903432e-05,0.0013843059539794921,1.876849469040266e-05,gini,4,sqrt,3,10,"{'criterion': 'gini', 'max_depth': 4, 'max_features': 'sqrt', 'min_samples_leaf': 3, 'min_samples_split': 10}",0.6351531958969561,0.8310088721602366,0.7976710579378948,0.8237498319666623,0.8254469686785859,0.782605985328067,0.07461941697454146,91
0.0030926227569580077,7.808746799810128e-05,0.0014100074768066406,3.786309233326199e-05,gini,18,log2,4,16,"{'criterion': 'gini', 'max_depth': 18, 'max_features': 'log2', 'min_samples_leaf': 4, 'min_samples_split': 16}",0.6283537705903972,0.8795537034547654,0.8930635838150289,0.902339024062374,0.9005746740153246,0.8407769511875781,0.10651459298608526,27
0.0025011539459228516,5.713866268451518e-05,0.0014122962951660157,9.253867559944123e-05,entropy,2,log2,8,9,"{'criterion': 'entropy', 'max_depth': 2, 'max_features': 'log2', 'min_samples_leaf': 8, 'min_samples_split': 9}",0.5503692071235257,0.7368429896491463,0.6777792714074472,0.7599643769323834,0.7199052291974728,0.688972214861995,0.07432957051854426,108
0.003014802932739258,2.1073289385100192e-05,0.0013965606689453126,1.7528290067186296e-05,gini,12,log2,10,10,"{'criterion': 'gini', 'max_depth': 12, 'max_features': 'log2', 'min_samples_leaf': 10, 'min_samples_split': 10}",0.6439740719703297,0.8912320204328539,0.8748151633284044,0.876629923376798,0.8779741900793117,0.8329250738375394,0.09465357623762319,51
0.0029880046844482423,3.432651312473266e-05,0.001389455795288086,3.6123805941280204e-05,gini,6,sqrt,2,14,"{'criterion': 'gini', 'max_depth': 6, 'max_features': 'sqrt', 'min_samples_leaf': 2, 'min_samples_split': 14}",0.6683818370142671,0.8973652372630729,0.802611238069633,0.892273827127302,0.8966258905766904,0.831451606010193,0.0891236816100473,58
0.0010418891906738281,3.3464321691810915e-05,0.0,0.0,entropy,5,auto,1,7,"{'criterion': 'entropy', 'max_depth': 5, 'max_features': 'auto', 'min_samples_leaf': 1, 'min_samples_split': 7}",,,,,,,,128
0.0033162593841552734,4.552873548209693e-05,0.001401376724243164,1.8371168754529665e-05,entropy,16,sqrt,11,10,"{'criterion': 'entropy', 'max_depth': 16, 'max_features': 'sqrt', 'min_samples_leaf': 11, 'min_samples_split': 10}",0.6572555046944436,0.8976676972711386,0.8504335260115607,0.9038681274364834,0.880528296814088,0.8379506304455429,0.09222868675755082,35
0.002572154998779297,6.281044139049256e-05,0.0013642311096191406,1.415572040442027e-05,gini,3,log2,8,6,"{'criterion': 'gini', 'max_depth': 3, 'max_features': 'log2', 'min_samples_leaf': 8, 'min_samples_split': 6}",0.5658558588659828,0.7767173007124615,0.7045469821212529,0.7610397902943944,0.7892021777120579,0.7194724219412298,0.08208273667717363,103
0.0030813694000244142,0.00010241374343418445,0.0014911651611328124,0.00014497407089185304,entropy,6,sqrt,11,5,"{'criterion': 'entropy', 'max_depth': 6, 'max_features': 'sqrt', 'min_samples_leaf': 11, 'min_samples_split': 5}",0.6490694643990778,0.8810323968275305,0.825648608683963,0.8949959671998925,0.8868463503159026,0.8275185574852733,0.09250329113810252,67
0.003032493591308594,5.409536299814813e-05,0.0014282703399658204,6.374558451953127e-05,gini,6,sqrt,17,7,"{'criterion': 'gini', 'max_depth': 6, 'max_features': 'sqrt', 'min_samples_leaf': 17, 'min_samples_split': 7}",0.6596444919643155,0.881133216830219,0.8195994085226508,0.8885098803602635,0.8936517004973786,0.8285077396349655,0.08855234401818636,66
0.0024748802185058593,6.215560925513064e-05,0.0013578414916992187,1.1475242498361131e-05,gini,2,log2,11,9,"{'criterion': 'gini', 'max_depth': 2, 'max_features': 'log2', 'min_samples_leaf': 11, 'min_samples_split': 9}",0.5503692071235257,0.7368429896491463,0.6777792714074472,0.7156371824169916,0.6935239951606398,0.6748305291515502,0.06535975771218892,115
0.0010442733764648438,4.958533290606598e-05,0.0,0.0,entropy,19,auto,12,6,"{'criterion': 'entropy', 'max_depth': 19, 'max_features': 'auto', 'min_samples_leaf': 12, 'min_samples_split': 6}",,,,,,,,128
0.002728271484375,4.541918361376423e-05,0.0014023780822753906,4.701503148803987e-05,entropy,4,log2,1,18,"{'criterion': 'entropy', 'max_depth': 4, 'max_features': 'log2', 'min_samples_leaf': 1, 'min_samples_split': 18}",0.5890607771726419,0.771609087242909,0.7352130662723484,0.803367388089797,0.8066944481785187,0.7411889533912429,0.08032584311278274,99
0.001061391830444336,5.485894936786607e-05,0.0,0.0,entropy,15,auto,14,7,"{'criterion': 'entropy', 'max_depth': 15, 'max_features': 'auto', 'min_samples_leaf': 14, 'min_samples_split': 7}",,,,,,,,128
0.0030908584594726562,4.3912016487106055e-05,0.001412343978881836,3.5077652994578585e-05,gini,11,log2,4,14,"{'criterion': 'gini', 'max_depth': 11, 'max_features': 'log2', 'min_samples_leaf': 4, 'min_samples_split': 14}",0.5989842627551873,0.9019189407178383,0.8860902002957387,0.9018517273827127,0.8857373302863288,0.8349164922875613,0.1181822124443565,45
0.0010369777679443359,1.3621694519486332e-05,0.0,0.0,gini,3,auto,6,19,"{'criterion': 'gini', 'max_depth': 3, 'max_features': 'auto', 'min_samples_leaf': 6, 'min_samples_split': 19}",,,,,,,,128
0.0010582923889160157,5.150600659936065e-05,0.0,0.0,entropy,10,auto,10,13,"{'criterion': 'entropy', 'max_depth': 10, 'max_features': 'auto', 'min_samples_leaf': 10, 'min_samples_split': 13}",,,,,,,,128
0.003954267501831055,0.0005053517773007286,0.0014990806579589845,8.772735945370983e-05,entropy,13,sqrt,1,6,"{'criterion': 'entropy', 'max_depth': 13, 'max_features': 'sqrt', 'min_samples_leaf': 1, 'min_samples_split': 6}",0.6481005045273815,0.8927611238069633,0.823581798628848,0.8758065600215083,0.849845409329211,0.8180190792627824,0.08813846756942997,79
0.001056337356567383,1.928250700778557e-05,0.0,0.0,gini,17,auto,11,16,"{'criterion': 'gini', 'max_depth': 17, 'max_features': 'auto', 'min_samples_leaf': 11, 'min_samples_split': 16}",,,,,,,,128
0.0028931140899658204,9.865029041924503e-05,0.0014023780822753906,3.7781333976781e-05,entropy,6,log2,3,18,"{'criterion': 'entropy', 'max_depth': 6, 'max_features': 'log2', 'min_samples_leaf': 3, 'min_samples_split': 18}",0.6173443817033646,0.852920419411211,0.8516097593762603,0.84463637585697,0.8648003763946768,0.8062622625484964,0.09468117882479613,85
0.0031213760375976562,5.281302504145802e-05,0.0014364242553710938,7.743935279014797e-05,gini,12,sqrt,14,12,"{'criterion': 'gini', 'max_depth': 12, 'max_features': 'sqrt', 'min_samples_leaf': 14, 'min_samples_split': 12}",0.6479334424805372,0.9044394407850517,0.8608683962898239,0.880729936819465,0.8723618765963168,0.833266618594239,0.09376248790870689,49
0.002477407455444336,3.455441190144964e-05,0.0013888359069824218,6.014056555235907e-05,gini,2,log2,3,2,"{'criterion': 'gini', 'max_depth': 2, 'max_features': 'log2', 'min_samples_leaf': 3, 'min_samples_split': 2}",0.5503692071235257,0.7368429896491463,0.6777792714074472,0.7156371824169916,0.6935239951606398,0.6748305291515502,0.06535975771218892,115
0.003016948699951172,0.00011188361816945955,0.0013928413391113281,3.974374068081832e-05,entropy,8,log2,9,6,"{'criterion': 'entropy', 'max_depth': 8, 'max_features': 'log2', 'min_samples_leaf': 9, 'min_samples_split': 6}",0.6627518460356177,0.8818389568490388,0.8278498454093293,0.8688667831697809,0.8618933996504905,0.8206401662228515,0.08093655410259007,77
0.0010544776916503907,4.8811777552287656e-05,0.0,0.0,entropy,3,auto,5,6,"{'criterion': 'entropy', 'max_depth': 3, 'max_features': 'auto', 'min_samples_leaf': 5, 'min_samples_split': 6}",,,,,,,,128
0.0034107685089111326,9.598358903163403e-05,0.0014120101928710937,2.8401887803286617e-05,gini,14,sqrt,4,14,"{'criterion': 'gini', 'max_depth': 14, 'max_features': 'sqrt', 'min_samples_leaf': 4, 'min_samples_split': 14}",0.5945069998997627,0.9106902809517408,0.8553569028095174,0.8832504368866783,0.9175964511359054,0.832280214336721,0.12090789672266467,56
0.0031780242919921876,0.00011488160083023593,0.0014396190643310546,5.723623217303495e-05,entropy,18,log2,8,15,"{'criterion': 'entropy', 'max_depth': 18, 'max_features': 'log2', 'min_samples_leaf': 8, 'min_samples_split': 15}",0.6623676033278759,0.8907951337545368,0.8721266299233769,0.8588687995698345,0.8925090738002419,0.8353334480751732,0.08737263324987757,41
0.001051616668701172,2.741436310384636e-05,0.0,0.0,entropy,19,auto,6,2,"{'criterion': 'entropy', 'max_depth': 19, 'max_features': 'auto', 'min_samples_leaf': 6, 'min_samples_split': 2}",,,,,,,,128
0.0010182380676269532,3.9419179316406985e-06,0.0,0.0,gini,15,auto,17,2,"{'criterion': 'gini', 'max_depth': 15, 'max_features': 'auto', 'min_samples_leaf': 17, 'min_samples_split': 2}",,,,,,,,128
0.002549600601196289,3.924876744656977e-05,0.0014098167419433593,6.376248935055708e-05,gini,2,sqrt,8,9,"{'criterion': 'gini', 'max_depth': 2, 'max_features': 'sqrt', 'min_samples_leaf': 8, 'min_samples_split': 9}",0.5402619532894518,0.7318187928485012,0.667982927812878,0.6917932517811534,0.7094199489178652,0.6682553749299699,0.06733684297088971,117
0.0028763771057128905,4.625925044233814e-05,0.0013944149017333985,3.1832085851633185e-05,gini,7,log2,6,7,"{'criterion': 'gini', 'max_depth': 7, 'max_features': 'log2', 'min_samples_leaf': 6, 'min_samples_split': 7}",0.6243944000801898,0.881603710176099,0.8470728592552763,0.9050611641349644,0.8945758838553568,0.8305416035003772,0.10491028987731647,60
0.0029083251953125,6.106450448162909e-05,0.001394033432006836,1.909612266078786e-05,gini,7,log2,8,11,"{'criterion': 'gini', 'max_depth': 7, 'max_features': 'log2', 'min_samples_leaf': 8, 'min_samples_split': 11}",0.5966286878946842,0.9015324640408657,0.9043218174485819,0.9165378411076757,0.9148239010619706,0.8467689423107558,0.1252043931163886,15
0.0035104274749755858,9.995528252656596e-05,0.0015382766723632812,0.0001319131884256116,entropy,15,log2,1,8,"{'criterion': 'entropy', 'max_depth': 15, 'max_features': 'log2', 'min_samples_leaf': 1, 'min_samples_split': 8}",0.6446757325670754,0.8443675225164673,0.8674216964645786,0.9190247345073262,0.8688163731684366,0.8288612118447769,0.09526544300724923,62
0.001127910614013672,5.884108705365835e-05,0.0,0.0,gini,4,auto,6,2,"{'criterion': 'gini', 'max_depth': 4, 'max_features': 'auto', 'min_samples_leaf': 6, 'min_samples_split': 2}",,,,,,,,128
0.002941322326660156,0.00018026623013970357,0.0015501022338867188,0.0002280496628581808,gini,5,log2,1,5,"{'criterion': 'gini', 'max_depth': 5, 'max_features': 'log2', 'min_samples_leaf': 1, 'min_samples_split': 5}",0.6095425841157406,0.816020298427208,0.7655934937491597,0.8748655733297487,0.8462999059013309,0.7824643711046376,0.09372889506665529,92
0.002646350860595703,9.217098222783419e-05,0.0014214038848876954,5.806584519857201e-05,entropy,2,sqrt,5,11,"{'criterion': 'entropy', 'max_depth': 2, 'max_features': 'sqrt', 'min_samples_leaf': 5, 'min_samples_split': 11}",0.5339135955093721,0.7318187928485012,0.667982927812878,0.7332134695523592,0.7094199489178652,0.6752697469281952,0.07450659723640421,112
0.0010395526885986328,1.6848891023978194e-05,0.0,0.0,gini,6,auto,15,5,"{'criterion': 'gini', 'max_depth': 6, 'max_features': 'auto', 'min_samples_leaf': 15, 'min_samples_split': 5}",,,,,,,,128
