mean_fit_time,std_fit_time,mean_score_time,std_score_time,param_tol,param_solver,param_penalty,param_max_iter,param_class_weight,param_C,params,split0_test_score,split1_test_score,split2_test_score,split3_test_score,split4_test_score,mean_test_score,std_test_score,rank_test_score
0.13516669273376464,0.02520986115232813,0.004438543319702148,0.0017088919161155462,0.0001,newton-cg,l2,500,balanced,1000.0,"{'tol': 0.0001, 'solver': 'newton-cg', 'penalty': 'l2', 'max_iter': 500, 'class_weight': 'balanced', 'C': 1000}",0.7044004143138762,0.9930770264820541,0.9968073665815298,0.9926737464712998,0.9953622798763275,0.9364641667450175,0.11604172303957791,3
0.0042694091796875,0.0013936700839975208,0.0,0.0,0.01,lbfgs,l1,400,balanced,0.0001,"{'tol': 0.01, 'solver': 'lbfgs', 'penalty': 'l1', 'max_iter': 400, 'class_weight': 'balanced', 'C': 0.0001}",,,,,,,,62
0.003092193603515625,0.0013634428055418362,0.0,0.0,0.01,lbfgs,l1,100,balanced,0.0001,"{'tol': 0.01, 'solver': 'lbfgs', 'penalty': 'l1', 'max_iter': 100, 'class_weight': 'balanced', 'C': 0.0001}",,,,,,,,62
0.10803279876708985,0.011773578981489436,0.0050128459930419925,0.0019138267452621456,0.0001,lbfgs,l2,400,balanced,0.001,"{'tol': 0.0001, 'solver': 'lbfgs', 'penalty': 'l2', 'max_iter': 400, 'class_weight': 'balanced', 'C': 0.001}",0.715693808680544,0.8126428283371422,0.7861943809651835,0.8380158623470897,0.8245059819868261,0.7954105724633571,0.043355287653643104,30
0.009787940979003906,0.0027643729294197753,0.0037204742431640623,0.0018168147105456893,0.001,liblinear,l2,200,,0.0001,"{'tol': 0.001, 'solver': 'liblinear', 'penalty': 'l2', 'max_iter': 200, 'class_weight': None, 'C': 0.0001}",0.684252731464466,0.7160572657615271,0.6671259577900254,0.6855088049469016,0.6839628982390105,0.6873815316403861,0.01585919007727768,35
0.0027138710021972655,0.0012942358419837196,0.0,0.0,0.001,sag,l1,100,,10000.0,"{'tol': 0.001, 'solver': 'sag', 'penalty': 'l1', 'max_iter': 100, 'class_weight': None, 'C': 10000.0}",,,,,,,,62
0.003589773178100586,0.0014030529387499134,0.0,0.0,0.01,lbfgs,l1,200,,10000.0,"{'tol': 0.01, 'solver': 'lbfgs', 'penalty': 'l1', 'max_iter': 200, 'class_weight': None, 'C': 10000.0}",,,,,,,,62
0.0032355785369873047,0.0008740178233238075,0.0,0.0,0.0001,sag,none,1000,balanced,1.0,"{'tol': 0.0001, 'solver': 'sag', 'penalty': 'none', 'max_iter': 1000, 'class_weight': 'balanced', 'C': 1}",,,,,,,,62
0.010123395919799804,0.0029404676424859767,0.004900503158569336,0.0012968652619676385,0.01,liblinear,l2,300,balanced,0.01,"{'tol': 0.01, 'solver': 'liblinear', 'penalty': 'l2', 'max_iter': 300, 'class_weight': 'balanced', 'C': 0.01}",0.6526111797921749,0.6405094770802526,0.6075077295335395,0.637014383653717,0.6557669041537841,0.6386819348426936,0.017110650224224484,38
0.002513885498046875,0.0005397026349093162,0.0,0.0,0.01,saga,elasticnet,300,,10000.0,"{'tol': 0.01, 'solver': 'saga', 'penalty': 'elasticnet', 'max_iter': 300, 'class_weight': None, 'C': 10000.0}",,,,,,,,62
0.04568538665771484,0.02896098918677814,0.010007762908935547,0.010580506444199077,0.001,liblinear,l1,600,,100.0,"{'tol': 0.001, 'solver': 'liblinear', 'penalty': 'l1', 'max_iter': 600, 'class_weight': None, 'C': 100}",0.6789735707841893,0.9934803064928082,0.996975399919344,0.9925393198010485,0.9941860465116279,0.9312309287018035,0.12613735436597948,8
0.12077622413635254,0.013421167464395624,0.0048354148864746095,0.0013467089883129574,0.0001,lbfgs,l2,400,balanced,0.0001,"{'tol': 0.0001, 'solver': 'lbfgs', 'penalty': 'l2', 'max_iter': 400, 'class_weight': 'balanced', 'C': 0.0001}",0.694042567409536,0.7610902002957387,0.6830219115472509,0.7419680064524802,0.7471434332571583,0.7254532237924328,0.030984650782224375,33
0.0037122726440429687,0.0009731682004548261,0.0,0.0,0.0001,liblinear,none,800,,10000.0,"{'tol': 0.0001, 'solver': 'liblinear', 'penalty': 'none', 'max_iter': 800, 'class_weight': None, 'C': 10000.0}",,,,,,,,62
0.002620410919189453,0.0006642158372957177,0.0,0.0,0.001,sag,none,700,,0.01,"{'tol': 0.001, 'solver': 'sag', 'penalty': 'none', 'max_iter': 700, 'class_weight': None, 'C': 0.01}",,,,,,,,62
0.002512407302856445,0.0008929322624522926,0.0,0.0,0.01,sag,elasticnet,1000,,1000.0,"{'tol': 0.01, 'solver': 'sag', 'penalty': 'elasticnet', 'max_iter': 1000, 'class_weight': None, 'C': 1000}",,,,,,,,62
0.004821395874023438,0.0023441827252808265,0.0,0.0,0.01,newton-cg,none,800,,0.01,"{'tol': 0.01, 'solver': 'newton-cg', 'penalty': 'none', 'max_iter': 800, 'class_weight': None, 'C': 0.01}",,,,,,,,62
0.0020915508270263673,0.00016782158967540442,0.0,0.0,0.001,newton-cg,none,500,,100.0,"{'tol': 0.001, 'solver': 'newton-cg', 'penalty': 'none', 'max_iter': 500, 'class_weight': None, 'C': 100}",,,,,,,,62
0.017381572723388673,0.0038581177400808745,0.005223989486694336,0.001413090123945172,0.001,liblinear,l2,300,balanced,10.0,"{'tol': 0.001, 'solver': 'liblinear', 'penalty': 'l2', 'max_iter': 300, 'class_weight': 'balanced', 'C': 10}",0.725684119081827,0.9781220594165883,0.9501613120043017,0.9572523188600619,0.9546982121252857,0.9131836042976129,0.09424003930701355,23
0.0634918212890625,0.009261214396396779,0.008043193817138672,0.0050187082055054115,0.0001,newton-cg,l2,100,,0.0001,"{'tol': 0.0001, 'solver': 'newton-cg', 'penalty': 'l2', 'max_iter': 100, 'class_weight': None, 'C': 0.0001}",0.6940759798189047,0.7610902002957387,0.6830555182148138,0.7419680064524802,0.7472442532598468,0.7254867916083568,0.03098280926412234,32
0.013844537734985351,0.0038434100592915875,0.005901241302490234,0.002749444479086854,0.01,liblinear,l2,500,balanced,10.0,"{'tol': 0.01, 'solver': 'liblinear', 'penalty': 'l2', 'max_iter': 500, 'class_weight': 'balanced', 'C': 10}",0.6526111797921749,0.6405094770802526,0.6075077295335395,0.637014383653717,0.6557669041537841,0.6386819348426936,0.017110650224224484,38
0.0021107673645019533,0.00013073805341653108,0.0,0.0,0.001,newton-cg,elasticnet,300,balanced,0.001,"{'tol': 0.001, 'solver': 'newton-cg', 'penalty': 'elasticnet', 'max_iter': 300, 'class_weight': 'balanced', 'C': 0.001}",,,,,,,,62
0.0033251285552978516,0.0015367894039391026,0.0,0.0,0.001,lbfgs,elasticnet,900,,0.001,"{'tol': 0.001, 'solver': 'lbfgs', 'penalty': 'elasticnet', 'max_iter': 900, 'class_weight': None, 'C': 0.001}",,,,,,,,62
0.0037061214447021485,0.0017821490377779295,0.0,0.0,0.0001,liblinear,none,400,,0.001,"{'tol': 0.0001, 'solver': 'liblinear', 'penalty': 'none', 'max_iter': 400, 'class_weight': None, 'C': 0.001}",,,,,,,,62
0.00450601577758789,0.0036020931328129167,0.0,0.0,0.0001,saga,elasticnet,800,balanced,1000.0,"{'tol': 0.0001, 'solver': 'saga', 'penalty': 'elasticnet', 'max_iter': 800, 'class_weight': 'balanced', 'C': 1000}",,,,,,,,62
0.005569362640380859,0.0044357019413874465,0.0,0.0,0.0001,newton-cg,elasticnet,600,balanced,0.01,"{'tol': 0.0001, 'solver': 'newton-cg', 'penalty': 'elasticnet', 'max_iter': 600, 'class_weight': 'balanced', 'C': 0.01}",,,,,,,,62
0.0032668113708496094,0.0009602660300552351,0.0,0.0,0.001,newton-cg,none,100,balanced,100.0,"{'tol': 0.001, 'solver': 'newton-cg', 'penalty': 'none', 'max_iter': 100, 'class_weight': 'balanced', 'C': 100}",,,,,,,,62
0.1898026943206787,0.02714795233640245,0.005257415771484375,0.0028681831938465376,0.01,saga,l1,300,,0.1,"{'tol': 0.01, 'solver': 'saga', 'penalty': 'l1', 'max_iter': 300, 'class_weight': None, 'C': 0.1}",0.6522102308797487,0.6366783169780884,0.6066339561769054,0.6325446968678586,0.6467267105793789,0.634958782296396,0.01579352397012578,50
0.17783565521240235,0.018806253824934747,0.004610586166381836,0.0009834068493211924,0.01,lbfgs,l2,600,,1000.0,"{'tol': 0.01, 'solver': 'lbfgs', 'penalty': 'l2', 'max_iter': 600, 'class_weight': None, 'C': 1000}",0.6952120017374452,0.9828942062105122,0.9892794730474527,0.9659564457588385,0.9801384594703589,0.9226961172449215,0.11399759181380169,19
0.14651732444763182,0.0262456565842396,0.004491949081420898,0.0015712231136215812,0.01,saga,l2,900,balanced,10.0,"{'tol': 0.01, 'solver': 'saga', 'penalty': 'l2', 'max_iter': 900, 'class_weight': 'balanced', 'C': 10}",0.6521768184703799,0.636745530313214,0.6067683828471568,0.6326119102029842,0.6467267105793789,0.6350058704826228,0.015737424932191022,47
0.003945732116699218,0.0023948729959100325,0.0,0.0,0.001,newton-cg,l1,800,,0.1,"{'tol': 0.001, 'solver': 'newton-cg', 'penalty': 'l1', 'max_iter': 800, 'class_weight': None, 'C': 0.1}",,,,,,,,62
0.010249948501586914,0.0025508538289566282,0.006048774719238282,0.003883638091672433,0.01,liblinear,l2,100,balanced,1.0,"{'tol': 0.01, 'solver': 'liblinear', 'penalty': 'l2', 'max_iter': 100, 'class_weight': 'balanced', 'C': 1}",0.6526111797921749,0.6405094770802526,0.6075077295335395,0.637014383653717,0.6557669041537841,0.6386819348426936,0.017110650224224484,38
0.0026534557342529296,0.000673044079955803,0.0,0.0,0.001,liblinear,elasticnet,600,balanced,0.0001,"{'tol': 0.001, 'solver': 'liblinear', 'penalty': 'elasticnet', 'max_iter': 600, 'class_weight': 'balanced', 'C': 0.0001}",,,,,,,,62
0.0027315616607666016,0.0011676095544271047,0.0,0.0,0.0001,lbfgs,l1,200,,0.01,"{'tol': 0.0001, 'solver': 'lbfgs', 'penalty': 'l1', 'max_iter': 200, 'class_weight': None, 'C': 0.01}",,,,,,,,62
0.004056024551391602,0.0017165011421979236,0.0,0.0,0.001,newton-cg,l1,500,,10000.0,"{'tol': 0.001, 'solver': 'newton-cg', 'penalty': 'l1', 'max_iter': 500, 'class_weight': None, 'C': 10000.0}",,,,,,,,62
0.0035447120666503907,0.002347528972948991,0.0,0.0,0.001,newton-cg,elasticnet,400,,0.001,"{'tol': 0.001, 'solver': 'newton-cg', 'penalty': 'elasticnet', 'max_iter': 400, 'class_weight': None, 'C': 0.001}",,,,,,,,62
0.004703521728515625,0.001676117244161872,0.0,0.0,0.001,newton-cg,none,300,,0.001,"{'tol': 0.001, 'solver': 'newton-cg', 'penalty': 'none', 'max_iter': 300, 'class_weight': None, 'C': 0.001}",,,,,,,,62
0.004153251647949219,0.0010088842908035683,0.0,0.0,0.01,newton-cg,elasticnet,500,,0.01,"{'tol': 0.01, 'solver': 'newton-cg', 'penalty': 'elasticnet', 'max_iter': 500, 'class_weight': None, 'C': 0.01}",,,,,,,,62
0.0911679744720459,0.03802679380191334,0.004271221160888672,0.001020130458432201,0.0001,liblinear,l1,1000,,10000.0,"{'tol': 0.0001, 'solver': 'liblinear', 'penalty': 'l1', 'max_iter': 1000, 'class_weight': None, 'C': 10000.0}",0.6778375488656486,0.9928081731415512,0.9969417932517812,0.992640139803737,0.9952614598736389,0.9310978229872713,0.12664027103740802,9
0.2196420669555664,0.029309658095729746,0.008930206298828125,0.00683443648725729,0.0001,newton-cg,l2,100,balanced,10.0,"{'tol': 0.0001, 'solver': 'newton-cg', 'penalty': 'l2', 'max_iter': 100, 'class_weight': 'balanced', 'C': 10}",0.7169968926459287,0.9935475198279338,0.9969081865842183,0.9926737464712998,0.9957991665546444,0.939185102416805,0.11110446861828632,1
0.2332681179046631,0.012318958714609645,0.005801343917846679,0.0018430275471762172,0.001,lbfgs,l2,700,balanced,0.001,"{'tol': 0.001, 'solver': 'lbfgs', 'penalty': 'l2', 'max_iter': 700, 'class_weight': 'balanced', 'C': 0.001}",0.7199371846703867,0.8473921225971233,0.7918403011157414,0.8339494555719854,0.844602769189407,0.8075443666289288,0.04812490744403682,29
0.002331829071044922,0.0002151603497015398,0.0,0.0,0.0001,newton-cg,l1,300,,0.0001,"{'tol': 0.0001, 'solver': 'newton-cg', 'penalty': 'l1', 'max_iter': 300, 'class_weight': None, 'C': 0.0001}",,,,,,,,62
0.8536927700042725,0.05186095102851311,0.005023288726806641,0.0011633887155309847,0.0001,saga,l1,500,balanced,0.001,"{'tol': 0.0001, 'solver': 'saga', 'penalty': 'l1', 'max_iter': 500, 'class_weight': 'balanced', 'C': 0.001}",0.6506398476394133,0.6310660034950935,0.6049536227987632,0.6295200967872026,0.6412488237666353,0.6314856788974216,0.01529830591426145,54
0.003110361099243164,0.001062012146944201,0.0,0.0,0.0001,sag,l1,300,balanced,10.0,"{'tol': 0.0001, 'solver': 'sag', 'penalty': 'l1', 'max_iter': 300, 'class_weight': 'balanced', 'C': 10}",,,,,,,,62
0.003852558135986328,0.0007711948463996513,0.0,0.0,0.0001,newton-cg,l1,700,balanced,1000.0,"{'tol': 0.0001, 'solver': 'newton-cg', 'penalty': 'l1', 'max_iter': 700, 'class_weight': 'balanced', 'C': 1000}",,,,,,,,62
0.0024900436401367188,0.0005353601995839747,0.0,0.0,0.01,lbfgs,l1,1000,balanced,1.0,"{'tol': 0.01, 'solver': 'lbfgs', 'penalty': 'l1', 'max_iter': 1000, 'class_weight': 'balanced', 'C': 1}",,,,,,,,62
0.0021773815155029298,0.00022610387201487682,0.0,0.0,0.0001,lbfgs,none,700,balanced,1.0,"{'tol': 0.0001, 'solver': 'lbfgs', 'penalty': 'none', 'max_iter': 700, 'class_weight': 'balanced', 'C': 1}",,,,,,,,62
0.003009796142578125,0.0010475447442193232,0.0,0.0,0.01,saga,none,400,balanced,0.1,"{'tol': 0.01, 'solver': 'saga', 'penalty': 'none', 'max_iter': 400, 'class_weight': 'balanced', 'C': 0.1}",,,,,,,,62
0.19259700775146485,0.02870531137402029,0.005592250823974609,0.0007942387651249834,0.01,saga,l1,800,balanced,10.0,"{'tol': 0.01, 'solver': 'saga', 'penalty': 'l1', 'max_iter': 800, 'class_weight': 'balanced', 'C': 10}",0.6522770556984864,0.6368799569834656,0.6067011695120311,0.6326119102029842,0.6467939239145046,0.6350528032622944,0.01579645765424811,44
0.00322113037109375,0.001766582733349208,0.0,0.0,0.0001,liblinear,none,400,,1.0,"{'tol': 0.0001, 'solver': 'liblinear', 'penalty': 'none', 'max_iter': 400, 'class_weight': None, 'C': 1}",,,,,,,,62
0.0031215667724609373,0.0010291949477355062,0.0,0.0,0.001,newton-cg,none,900,,100.0,"{'tol': 0.001, 'solver': 'newton-cg', 'penalty': 'none', 'max_iter': 900, 'class_weight': None, 'C': 100}",,,,,,,,62
0.004284572601318359,0.00042064384977725914,0.0,0.0,0.001,sag,elasticnet,400,balanced,0.001,"{'tol': 0.001, 'solver': 'sag', 'penalty': 'elasticnet', 'max_iter': 400, 'class_weight': 'balanced', 'C': 0.001}",,,,,,,,62
0.003855133056640625,0.0010353303845039186,0.0,0.0,0.0001,saga,none,800,balanced,0.0001,"{'tol': 0.0001, 'solver': 'saga', 'penalty': 'none', 'max_iter': 800, 'class_weight': 'balanced', 'C': 0.0001}",,,,,,,,62
0.004651498794555664,0.0008970791000861769,0.0,0.0,0.01,saga,none,500,,0.001,"{'tol': 0.01, 'solver': 'saga', 'penalty': 'none', 'max_iter': 500, 'class_weight': None, 'C': 0.001}",,,,,,,,62
0.0038790225982666014,0.0008028558988744758,0.0,0.0,0.001,lbfgs,none,900,,0.0001,"{'tol': 0.001, 'solver': 'lbfgs', 'penalty': 'none', 'max_iter': 900, 'class_weight': None, 'C': 0.0001}",,,,,,,,62
0.0033959865570068358,0.0008231741579142522,0.0,0.0,0.0001,sag,none,500,,1000.0,"{'tol': 0.0001, 'solver': 'sag', 'penalty': 'none', 'max_iter': 500, 'class_weight': None, 'C': 1000}",,,,,,,,62
0.00475606918334961,0.000926955450081058,0.0,0.0,0.01,saga,none,1000,balanced,1.0,"{'tol': 0.01, 'solver': 'saga', 'penalty': 'none', 'max_iter': 1000, 'class_weight': 'balanced', 'C': 1}",,,,,,,,62
0.005210781097412109,0.001114045640340753,0.0,0.0,0.001,sag,elasticnet,500,,1.0,"{'tol': 0.001, 'solver': 'sag', 'penalty': 'elasticnet', 'max_iter': 500, 'class_weight': None, 'C': 1}",,,,,,,,62
0.004131174087524414,0.0012694247971575799,0.0,0.0,0.01,saga,none,100,,1.0,"{'tol': 0.01, 'solver': 'saga', 'penalty': 'none', 'max_iter': 100, 'class_weight': None, 'C': 1}",,,,,,,,62
0.010796928405761718,0.0011397959651431,0.003843355178833008,0.0006556579485448091,0.01,liblinear,l2,400,balanced,10000.0,"{'tol': 0.01, 'solver': 'liblinear', 'penalty': 'l2', 'max_iter': 400, 'class_weight': 'balanced', 'C': 10000.0}",0.6526111797921749,0.6405094770802526,0.6075077295335395,0.637014383653717,0.6557669041537841,0.6386819348426936,0.017110650224224484,38
0.0030991554260253905,0.00058828067899435,0.0,0.0,0.01,saga,none,500,,10.0,"{'tol': 0.01, 'solver': 'saga', 'penalty': 'none', 'max_iter': 500, 'class_weight': None, 'C': 10}",,,,,,,,62
0.003975009918212891,0.0013621633810453459,0.0,0.0,0.01,newton-cg,none,1000,,100.0,"{'tol': 0.01, 'solver': 'newton-cg', 'penalty': 'none', 'max_iter': 1000, 'class_weight': None, 'C': 100}",,,,,,,,62
0.004865026473999024,0.0024571093431817897,0.0,0.0,0.001,newton-cg,elasticnet,500,balanced,0.1,"{'tol': 0.001, 'solver': 'newton-cg', 'penalty': 'elasticnet', 'max_iter': 500, 'class_weight': 'balanced', 'C': 0.1}",,,,,,,,62
0.5610219001770019,0.04064689068189607,0.005817985534667969,0.0013119016196238796,0.0001,saga,l1,300,,100.0,"{'tol': 0.0001, 'solver': 'saga', 'penalty': 'l1', 'max_iter': 300, 'class_weight': None, 'C': 100}",0.6496374753583481,0.6280750100820002,0.6044159161177578,0.6284446834251916,0.6340906035757494,0.6289327377118095,0.014541926805142266,55
0.006739282608032226,0.0027113981878487984,0.0,0.0,0.01,lbfgs,l1,600,,10.0,"{'tol': 0.01, 'solver': 'lbfgs', 'penalty': 'l1', 'max_iter': 600, 'class_weight': None, 'C': 10}",,,,,,,,62
0.00377044677734375,0.0016201177665995292,0.0,0.0,0.0001,saga,elasticnet,1000,,0.1,"{'tol': 0.0001, 'solver': 'saga', 'penalty': 'elasticnet', 'max_iter': 1000, 'class_weight': None, 'C': 0.1}",,,,,,,,62
0.011379289627075195,0.0025805289440077143,0.004625129699707031,0.0009892942532289885,0.01,liblinear,l2,200,balanced,10.0,"{'tol': 0.01, 'solver': 'liblinear', 'penalty': 'l2', 'max_iter': 200, 'class_weight': 'balanced', 'C': 10}",0.6526111797921749,0.6405094770802526,0.6075077295335395,0.637014383653717,0.6557669041537841,0.6386819348426936,0.017110650224224484,38
0.004986715316772461,0.0022778639384773212,0.0,0.0,0.01,lbfgs,elasticnet,300,balanced,1000.0,"{'tol': 0.01, 'solver': 'lbfgs', 'penalty': 'elasticnet', 'max_iter': 300, 'class_weight': 'balanced', 'C': 1000}",,,,,,,,62
0.004775381088256836,0.0014530291673321115,0.0,0.0,0.001,liblinear,elasticnet,800,balanced,0.0001,"{'tol': 0.001, 'solver': 'liblinear', 'penalty': 'elasticnet', 'max_iter': 800, 'class_weight': 'balanced', 'C': 0.0001}",,,,,,,,62
0.016540384292602538,0.007540422657863644,0.007679128646850586,0.004484400670086662,0.01,liblinear,l1,500,,100.0,"{'tol': 0.01, 'solver': 'liblinear', 'penalty': 'l1', 'max_iter': 500, 'class_weight': None, 'C': 100}",0.6893648300978984,0.9901196397365237,0.9969417932517812,0.9806089528162387,0.9917327597795402,0.9297535951363965,0.12031022892339421,13
0.23038039207458497,0.03014898590359256,0.004930830001831055,0.0009118185894555013,0.0001,lbfgs,l2,700,,0.1,"{'tol': 0.0001, 'solver': 'lbfgs', 'penalty': 'l2', 'max_iter': 700, 'class_weight': None, 'C': 0.1}",0.7264191920879415,0.9782900927544024,0.9877671730071247,0.9756351660169378,0.9808441994891786,0.9297911646711169,0.10176601360346807,11
0.003646230697631836,0.0008927421199686414,0.0,0.0,0.01,sag,l1,600,,100.0,"{'tol': 0.01, 'solver': 'sag', 'penalty': 'l1', 'max_iter': 600, 'class_weight': None, 'C': 100}",,,,,,,,62
0.0038320541381835936,0.0014753626279422208,0.0,0.0,0.0001,lbfgs,elasticnet,800,,1.0,"{'tol': 0.0001, 'solver': 'lbfgs', 'penalty': 'elasticnet', 'max_iter': 800, 'class_weight': None, 'C': 1}",,,,,,,,62
0.0037836074829101563,0.0020734147780553137,0.0,0.0,0.001,saga,none,100,,0.01,"{'tol': 0.001, 'solver': 'saga', 'penalty': 'none', 'max_iter': 100, 'class_weight': None, 'C': 0.01}",,,,,,,,62
1.5671077728271485,0.052336549241856066,0.010752487182617187,0.010408489006683615,0.001,saga,l1,1000,,1000.0,"{'tol': 0.001, 'solver': 'saga', 'penalty': 'l1', 'max_iter': 1000, 'class_weight': None, 'C': 1000}",0.6445253767249157,0.6219249899179997,0.6057937894878344,0.6268651700497379,0.6276045167361204,0.6253427685833216,0.012403624153661823,61
0.5465800762176514,0.12447970076019937,0.005269765853881836,0.0028978534269288323,0.0001,sag,l2,600,,10.0,"{'tol': 0.0001, 'solver': 'sag', 'penalty': 'l2', 'max_iter': 600, 'class_weight': None, 'C': 10}",0.6443249022687025,0.6232356499529506,0.6070372361876596,0.627906976744186,0.6288479634359456,0.6262705457178889,0.011953339005070828,58
0.006354618072509766,0.0003230324661828315,0.0017806529998779298,0.0001169344915412914,0.0001,liblinear,l2,1000,balanced,0.0001,"{'tol': 0.0001, 'solver': 'liblinear', 'penalty': 'l2', 'max_iter': 1000, 'class_weight': 'balanced', 'C': 0.0001}",0.6849543920612117,0.7169310391181611,0.6673948111305281,0.6927678451404757,0.6883653716897432,0.690082691828024,0.015950124626614194,34
0.05841660499572754,0.0301840346753738,0.0025479793548583984,0.0008778291958883087,0.0001,newton-cg,l2,800,balanced,0.01,"{'tol': 0.0001, 'solver': 'newton-cg', 'penalty': 'l2', 'max_iter': 800, 'class_weight': 'balanced', 'C': 0.01}",0.7577600320759129,0.9638392257023793,0.9510350853609356,0.9572859255276246,0.9722744992606533,0.9204389535855011,0.08164405861997064,20
0.013015651702880859,0.0031789583407383485,0.003855180740356445,0.0011701937443179807,0.01,liblinear,l1,900,balanced,100.0,"{'tol': 0.01, 'solver': 'liblinear', 'penalty': 'l1', 'max_iter': 900, 'class_weight': 'balanced', 'C': 100}",0.7071068194727523,0.9894475063852669,0.9963032665680871,0.9884729130259444,0.9916319397768517,0.9345924890457805,0.11377488464401662,6
0.00430450439453125,0.0019879390799299526,0.0,0.0,0.001,sag,none,600,,10000.0,"{'tol': 0.001, 'solver': 'sag', 'penalty': 'none', 'max_iter': 600, 'class_weight': None, 'C': 10000.0}",,,,,,,,62
0.03065323829650879,0.006850214763230513,0.004425573348999024,0.0011422264960638988,0.001,liblinear,l1,900,,0.1,"{'tol': 0.001, 'solver': 'liblinear', 'penalty': 'l1', 'max_iter': 900, 'class_weight': None, 'C': 0.1}",0.7502422399679242,0.979264686113725,0.9801720661379217,0.9661580857642157,0.9819532195187525,0.9315580595005079,0.09083116672997396,7
0.022411394119262695,0.006127159735906344,0.004247474670410156,0.0007814685508390019,0.001,liblinear,l2,800,balanced,0.01,"{'tol': 0.001, 'solver': 'liblinear', 'penalty': 'l2', 'max_iter': 800, 'class_weight': 'balanced', 'C': 0.01}",0.7518460356176285,0.9079513375453689,0.7859255276246808,0.900625084016669,0.9154120177443206,0.8523520005097336,0.06915499681518009,27
0.0048525333404541016,0.003179117884480397,0.0,0.0,0.0001,newton-cg,none,200,balanced,0.0001,"{'tol': 0.0001, 'solver': 'newton-cg', 'penalty': 'none', 'max_iter': 200, 'class_weight': 'balanced', 'C': 0.0001}",,,,,,,,62
0.003800201416015625,0.0015717711756038195,0.0,0.0,0.01,sag,l1,700,,10.0,"{'tol': 0.01, 'solver': 'sag', 'penalty': 'l1', 'max_iter': 700, 'class_weight': None, 'C': 10}",,,,,,,,62
0.03522272109985351,0.005366491085457951,0.0076411724090576175,0.0026479551747467735,0.0001,liblinear,l2,200,,100.0,"{'tol': 0.0001, 'solver': 'liblinear', 'penalty': 'l2', 'max_iter': 200, 'class_weight': None, 'C': 100}",0.7023288449330081,0.992001613120043,0.9967401532464041,0.9910942330958461,0.9939844065062509,0.9352298501803104,0.11646660968995667,4
0.0032358646392822267,0.000848841013253342,0.0,0.0,0.0001,lbfgs,elasticnet,900,,0.1,"{'tol': 0.0001, 'solver': 'lbfgs', 'penalty': 'elasticnet', 'max_iter': 900, 'class_weight': None, 'C': 0.1}",,,,,,,,62
0.0037790775299072266,0.0020442122903341297,0.0,0.0,0.01,newton-cg,none,600,balanced,1.0,"{'tol': 0.01, 'solver': 'newton-cg', 'penalty': 'none', 'max_iter': 600, 'class_weight': 'balanced', 'C': 1}",,,,,,,,62
0.005699348449707031,0.002432167527693449,0.0,0.0,0.01,sag,none,600,,0.001,"{'tol': 0.01, 'solver': 'sag', 'penalty': 'none', 'max_iter': 600, 'class_weight': None, 'C': 0.001}",,,,,,,,62
0.003903484344482422,0.0017212803551651813,0.0,0.0,0.001,liblinear,none,1000,balanced,0.001,"{'tol': 0.001, 'solver': 'liblinear', 'penalty': 'none', 'max_iter': 1000, 'class_weight': 'balanced', 'C': 0.001}",,,,,,,,62
0.0037227630615234374,0.0009572505012692683,0.0,0.0,0.001,newton-cg,none,900,balanced,0.001,"{'tol': 0.001, 'solver': 'newton-cg', 'penalty': 'none', 'max_iter': 900, 'class_weight': 'balanced', 'C': 0.001}",,,,,,,,62
0.0028048038482666017,0.00045112221105859463,0.0,0.0,0.01,saga,none,600,,100.0,"{'tol': 0.01, 'solver': 'saga', 'penalty': 'none', 'max_iter': 600, 'class_weight': None, 'C': 100}",,,,,,,,62
0.041738033294677734,0.0058527579634056765,0.008539915084838867,0.00692031641758232,0.001,lbfgs,l2,100,balanced,0.001,"{'tol': 0.001, 'solver': 'lbfgs', 'penalty': 'l2', 'max_iter': 100, 'class_weight': 'balanced', 'C': 0.001}",0.7219753416418857,0.8149280817314155,0.7606533136174216,0.7742304073128108,0.7828337142088991,0.7709241717024866,0.030300465292012347,31
0.01160116195678711,0.0018357040032263411,0.0059569358825683595,0.0011719598035532612,0.01,liblinear,l1,600,,1.0,"{'tol': 0.01, 'solver': 'liblinear', 'penalty': 'l1', 'max_iter': 600, 'class_weight': None, 'C': 1}",0.7221758160980988,0.988136846350316,0.9950934265358247,0.9866917596451135,0.9903548864094636,0.9364905470077634,0.10719512154859002,2
0.0038932323455810546,0.0011265867419685258,0.0,0.0,0.01,liblinear,none,900,,10.0,"{'tol': 0.01, 'solver': 'liblinear', 'penalty': 'none', 'max_iter': 900, 'class_weight': None, 'C': 10}",,,,,,,,62
0.0032055854797363283,0.0009970517022865387,0.0,0.0,0.0001,newton-cg,none,1000,,0.1,"{'tol': 0.0001, 'solver': 'newton-cg', 'penalty': 'none', 'max_iter': 1000, 'class_weight': None, 'C': 0.1}",,,,,,,,62
0.0056800365447998045,0.002670087442353117,0.0,0.0,0.01,newton-cg,l1,900,balanced,10.0,"{'tol': 0.01, 'solver': 'newton-cg', 'penalty': 'l1', 'max_iter': 900, 'class_weight': 'balanced', 'C': 10}",,,,,,,,62
0.004911613464355469,0.0006981683091311623,0.0,0.0,0.01,newton-cg,elasticnet,400,balanced,0.0001,"{'tol': 0.01, 'solver': 'newton-cg', 'penalty': 'elasticnet', 'max_iter': 400, 'class_weight': 'balanced', 'C': 0.0001}",,,,,,,,62
0.10217852592468261,0.007476759477388753,0.0046390056610107425,0.00012422945056786983,0.001,lbfgs,l2,300,balanced,10.0,"{'tol': 0.001, 'solver': 'lbfgs', 'penalty': 'l2', 'max_iter': 300, 'class_weight': 'balanced', 'C': 10}",0.7006248120551972,0.9729466326119101,0.9653515257427074,0.9636039790294394,0.9663597257695926,0.9137773350417693,0.10662317125528506,22
0.0036156177520751953,0.0009100342283586288,0.0,0.0,0.0001,liblinear,none,900,,1.0,"{'tol': 0.0001, 'solver': 'liblinear', 'penalty': 'none', 'max_iter': 900, 'class_weight': None, 'C': 1}",,,,,,,,62
0.011788654327392577,0.0013861141565990444,0.005311918258666992,0.0015392749823039053,0.0001,liblinear,l1,800,,0.01,"{'tol': 0.0001, 'solver': 'liblinear', 'penalty': 'l1', 'max_iter': 800, 'class_weight': None, 'C': 0.01}",0.6909352133382337,0.7149482457319533,0.6435676838284715,0.6785858314289556,0.6780145180803873,0.6812102984816002,0.02309497924330528,36
0.0036588191986083986,0.001149779290827395,0.0,0.0,0.0001,lbfgs,none,800,balanced,1.0,"{'tol': 0.0001, 'solver': 'lbfgs', 'penalty': 'none', 'max_iter': 800, 'class_weight': 'balanced', 'C': 1}",,,,,,,,62
0.05691118240356445,0.012297914986682324,0.004395008087158203,0.0010248785513349758,0.01,newton-cg,l2,200,balanced,0.001,"{'tol': 0.01, 'solver': 'newton-cg', 'penalty': 'l2', 'max_iter': 200, 'class_weight': 'balanced', 'C': 0.001}",0.7400848675197969,0.8539118161043151,0.7996370479903213,0.8232289286194381,0.8402675090738002,0.8114260338615343,0.040011805539710406,28
0.004616451263427734,0.0034646931982113384,0.0,0.0,0.001,lbfgs,elasticnet,700,,10000.0,"{'tol': 0.001, 'solver': 'lbfgs', 'penalty': 'elasticnet', 'max_iter': 700, 'class_weight': None, 'C': 10000.0}",,,,,,,,62
0.004059267044067383,0.0013812868428379704,0.0,0.0,0.001,sag,none,800,,0.01,"{'tol': 0.001, 'solver': 'sag', 'penalty': 'none', 'max_iter': 800, 'class_weight': None, 'C': 0.01}",,,,,,,,62
0.005005025863647461,0.003372319588457365,0.0,0.0,0.01,lbfgs,elasticnet,400,,0.001,"{'tol': 0.01, 'solver': 'lbfgs', 'penalty': 'elasticnet', 'max_iter': 400, 'class_weight': None, 'C': 0.001}",,,,,,,,62
0.12021069526672364,0.006722604926296194,0.004311609268188477,0.0006230877581766584,0.001,saga,l2,100,,0.1,"{'tol': 0.001, 'solver': 'saga', 'penalty': 'l2', 'max_iter': 100, 'class_weight': None, 'C': 0.1}",0.6522770556984865,0.6365438903078371,0.6070036295200968,0.6325446968678585,0.6464578572388762,0.6349654259266311,0.0156331829138129,49
0.0049359798431396484,0.0026459199107100296,0.0,0.0,0.0001,liblinear,none,600,,100.0,"{'tol': 0.0001, 'solver': 'liblinear', 'penalty': 'none', 'max_iter': 600, 'class_weight': None, 'C': 100}",,,,,,,,62
0.009615612030029298,0.0011866434606661853,0.004822778701782227,0.0010867377378962694,0.01,liblinear,l2,700,balanced,10.0,"{'tol': 0.01, 'solver': 'liblinear', 'penalty': 'l2', 'max_iter': 700, 'class_weight': 'balanced', 'C': 10}",0.6526111797921749,0.6405094770802526,0.6075077295335395,0.637014383653717,0.6557669041537841,0.6386819348426936,0.017110650224224484,38
0.19763617515563964,0.011298326845909245,0.00444951057434082,0.0014237390790058542,0.0001,lbfgs,l2,700,balanced,1.0,"{'tol': 0.0001, 'solver': 'lbfgs', 'penalty': 'l2', 'max_iter': 700, 'class_weight': 'balanced', 'C': 1}",0.7132547027966187,0.9786933727651566,0.9841712595779002,0.9741228659766097,0.9875319263341846,0.927554825490094,0.10724826267411258,15
0.005023431777954101,0.0035960725624170744,0.0,0.0,0.0001,lbfgs,none,1000,,0.0001,"{'tol': 0.0001, 'solver': 'lbfgs', 'penalty': 'none', 'max_iter': 1000, 'class_weight': None, 'C': 0.0001}",,,,,,,,62
0.003404664993286133,0.00040709536104671114,0.0,0.0,0.001,newton-cg,none,300,,1000.0,"{'tol': 0.001, 'solver': 'newton-cg', 'penalty': 'none', 'max_iter': 300, 'class_weight': None, 'C': 1000}",,,,,,,,62
0.003482961654663086,0.0007830971610162674,0.0,0.0,0.0001,saga,elasticnet,600,balanced,1.0,"{'tol': 0.0001, 'solver': 'saga', 'penalty': 'elasticnet', 'max_iter': 600, 'class_weight': 'balanced', 'C': 1}",,,,,,,,62
0.003218555450439453,0.0011722423782736832,0.0,0.0,0.01,newton-cg,elasticnet,900,,1.0,"{'tol': 0.01, 'solver': 'newton-cg', 'penalty': 'elasticnet', 'max_iter': 900, 'class_weight': None, 'C': 1}",,,,,,,,62
0.0039040565490722655,0.0005834534418257017,0.0,0.0,0.0001,saga,none,200,balanced,0.1,"{'tol': 0.0001, 'solver': 'saga', 'penalty': 'none', 'max_iter': 200, 'class_weight': 'balanced', 'C': 0.1}",,,,,,,,62
0.0037258148193359377,0.001501044705485434,0.0,0.0,0.01,sag,none,1000,balanced,0.1,"{'tol': 0.01, 'solver': 'sag', 'penalty': 'none', 'max_iter': 1000, 'class_weight': 'balanced', 'C': 0.1}",,,,,,,,62
0.0039538383483886715,0.0015131646623457921,0.0,0.0,0.0001,liblinear,elasticnet,400,,0.0001,"{'tol': 0.0001, 'solver': 'liblinear', 'penalty': 'elasticnet', 'max_iter': 400, 'class_weight': None, 'C': 0.0001}",,,,,,,,62
0.0039310455322265625,0.0016472805521531898,0.0,0.0,0.01,saga,none,300,,10.0,"{'tol': 0.01, 'solver': 'saga', 'penalty': 'none', 'max_iter': 300, 'class_weight': None, 'C': 10}",,,,,,,,62
0.4732058525085449,0.042234227600509926,0.006573343276977539,0.0016359841188734803,0.0001,saga,l2,400,,0.01,"{'tol': 0.0001, 'solver': 'saga', 'penalty': 'l2', 'max_iter': 400, 'class_weight': None, 'C': 0.01}",0.6478332052524307,0.6254200833445356,0.6043150961150693,0.6282766500873773,0.6305619034816509,0.6272813876562128,0.013892764582972806,56
0.0031954765319824217,0.0013661406002726914,0.0,0.0,0.0001,lbfgs,elasticnet,100,,0.001,"{'tol': 0.0001, 'solver': 'lbfgs', 'penalty': 'elasticnet', 'max_iter': 100, 'class_weight': None, 'C': 0.001}",,,,,,,,62
0.002926063537597656,0.0009251904327590176,0.0,0.0,0.01,sag,l1,400,balanced,100.0,"{'tol': 0.01, 'solver': 'sag', 'penalty': 'l1', 'max_iter': 400, 'class_weight': 'balanced', 'C': 100}",,,,,,,,62
0.003278827667236328,0.0008276402349110761,0.0,0.0,0.0001,sag,l1,900,,0.001,"{'tol': 0.0001, 'solver': 'sag', 'penalty': 'l1', 'max_iter': 900, 'class_weight': None, 'C': 0.001}",,,,,,,,62
0.09723014831542968,0.003654224251418479,0.004332447052001953,0.0006192332915244892,0.01,sag,l2,600,balanced,100.0,"{'tol': 0.01, 'solver': 'sag', 'penalty': 'l2', 'max_iter': 600, 'class_weight': 'balanced', 'C': 100}",0.6518761067860603,0.6323766635300444,0.6070372361876597,0.6303602634762736,0.6398373437289958,0.6322975227418068,0.014710616351605643,51
0.004757928848266602,0.001547764911349946,0.0,0.0,0.001,newton-cg,l1,400,,1000.0,"{'tol': 0.001, 'solver': 'newton-cg', 'penalty': 'l1', 'max_iter': 400, 'class_weight': None, 'C': 1000}",,,,,,,,62
0.003342866897583008,0.001612193215623025,0.0,0.0,0.0001,saga,elasticnet,500,balanced,0.01,"{'tol': 0.0001, 'solver': 'saga', 'penalty': 'elasticnet', 'max_iter': 500, 'class_weight': 'balanced', 'C': 0.01}",,,,,,,,62
0.0035923004150390627,0.0008939571742171966,0.0,0.0,0.001,saga,none,300,,0.001,"{'tol': 0.001, 'solver': 'saga', 'penalty': 'none', 'max_iter': 300, 'class_weight': None, 'C': 0.001}",,,,,,,,62
0.030849504470825195,0.00718596194287261,0.004333639144897461,0.0005274007502422913,0.0001,liblinear,l2,600,,100.0,"{'tol': 0.0001, 'solver': 'liblinear', 'penalty': 'l2', 'max_iter': 600, 'class_weight': None, 'C': 100}",0.7023288449330081,0.992001613120043,0.9967401532464041,0.9910942330958461,0.9939844065062509,0.9352298501803104,0.11646660968995667,4
0.004380369186401367,0.0034851359264271584,0.0,0.0,0.01,newton-cg,elasticnet,400,,10000.0,"{'tol': 0.01, 'solver': 'newton-cg', 'penalty': 'elasticnet', 'max_iter': 400, 'class_weight': None, 'C': 10000.0}",,,,,,,,62
0.0032358169555664062,0.00093282864864703,0.0,0.0,0.01,saga,elasticnet,500,balanced,0.0001,"{'tol': 0.01, 'solver': 'saga', 'penalty': 'elasticnet', 'max_iter': 500, 'class_weight': 'balanced', 'C': 0.0001}",,,,,,,,62
0.0030815601348876953,0.0010804671255071556,0.0,0.0,0.01,lbfgs,none,600,,0.0001,"{'tol': 0.01, 'solver': 'lbfgs', 'penalty': 'none', 'max_iter': 600, 'class_weight': None, 'C': 0.0001}",,,,,,,,62
0.0177978515625,0.00944229733732607,0.004239797592163086,0.0007192003356661131,0.01,liblinear,l1,400,balanced,100.0,"{'tol': 0.01, 'solver': 'liblinear', 'penalty': 'l1', 'max_iter': 400, 'class_weight': 'balanced', 'C': 100}",0.6910688629757091,0.9856163462831027,0.996975399919344,0.9882712730205673,0.9925393198010485,0.9308942403999543,0.1199747305553209,10
0.002521038055419922,0.0005464777059805631,0.0,0.0,0.01,lbfgs,elasticnet,700,,0.001,"{'tol': 0.01, 'solver': 'lbfgs', 'penalty': 'elasticnet', 'max_iter': 700, 'class_weight': None, 'C': 0.001}",,,,,,,,62
0.0031178951263427734,0.0010748174362846612,0.0,0.0,0.001,lbfgs,elasticnet,800,,10000.0,"{'tol': 0.001, 'solver': 'lbfgs', 'penalty': 'elasticnet', 'max_iter': 800, 'class_weight': None, 'C': 10000.0}",,,,,,,,62
0.0028275966644287108,0.000433372196638087,0.0,0.0,0.0001,lbfgs,none,200,balanced,0.01,"{'tol': 0.0001, 'solver': 'lbfgs', 'penalty': 'none', 'max_iter': 200, 'class_weight': 'balanced', 'C': 0.01}",,,,,,,,62
0.003860187530517578,0.000959709649097591,0.0,0.0,0.001,sag,elasticnet,700,,10.0,"{'tol': 0.001, 'solver': 'sag', 'penalty': 'elasticnet', 'max_iter': 700, 'class_weight': None, 'C': 10}",,,,,,,,62
0.003277873992919922,0.0014248591939603368,0.0,0.0,0.0001,lbfgs,none,400,,10000.0,"{'tol': 0.0001, 'solver': 'lbfgs', 'penalty': 'none', 'max_iter': 400, 'class_weight': None, 'C': 10000.0}",,,,,,,,62
0.11418218612670898,0.02948953600674336,0.0075910091400146484,0.004820033415687205,0.01,lbfgs,l2,300,balanced,100.0,"{'tol': 0.01, 'solver': 'lbfgs', 'penalty': 'l2', 'max_iter': 300, 'class_weight': 'balanced', 'C': 100}",0.7165625313241337,0.9713335125688938,0.9730810592821616,0.9526818120715149,0.9604449522785321,0.9148207735050473,0.09940755011374303,21
0.004079151153564453,0.0021688682548985307,0.0,0.0,0.01,liblinear,elasticnet,800,balanced,0.0001,"{'tol': 0.01, 'solver': 'liblinear', 'penalty': 'elasticnet', 'max_iter': 800, 'class_weight': 'balanced', 'C': 0.0001}",,,,,,,,62
0.02272486686706543,0.009023857619882295,0.006840848922729492,0.006637045967806048,0.001,liblinear,l2,700,,10000.0,"{'tol': 0.001, 'solver': 'liblinear', 'penalty': 'l2', 'max_iter': 700, 'class_weight': None, 'C': 10000.0}",0.7288582979718669,0.9675359591342922,0.9475399919343998,0.9618900389837344,0.9547318187928485,0.9121112213634284,0.0918729332084368,24
0.0033367156982421877,0.0010031661262839436,0.0,0.0,0.01,newton-cg,elasticnet,400,balanced,1.0,"{'tol': 0.01, 'solver': 'newton-cg', 'penalty': 'elasticnet', 'max_iter': 400, 'class_weight': 'balanced', 'C': 1}",,,,,,,,62
0.0035726547241210936,0.0009175756186623392,0.0,0.0,0.01,lbfgs,l1,800,,0.0001,"{'tol': 0.01, 'solver': 'lbfgs', 'penalty': 'l1', 'max_iter': 800, 'class_weight': None, 'C': 0.0001}",,,,,,,,62
0.004282855987548828,0.0011154218040394257,0.0,0.0,0.0001,lbfgs,elasticnet,800,balanced,1000.0,"{'tol': 0.0001, 'solver': 'lbfgs', 'penalty': 'elasticnet', 'max_iter': 800, 'class_weight': 'balanced', 'C': 1000}",,,,,,,,62
0.0032967567443847657,0.0008720809670446686,0.0,0.0,0.01,lbfgs,none,900,,0.01,"{'tol': 0.01, 'solver': 'lbfgs', 'penalty': 'none', 'max_iter': 900, 'class_weight': None, 'C': 0.01}",,,,,,,,62
0.1866145133972168,0.02878409643219695,0.005775833129882812,0.002169267950384561,0.01,lbfgs,l2,600,balanced,100.0,"{'tol': 0.01, 'solver': 'lbfgs', 'penalty': 'l2', 'max_iter': 600, 'class_weight': 'balanced', 'C': 100}",0.6978515820775837,0.9819532195187526,0.9805753461486758,0.97708025272214,0.9793655061164135,0.9233651813167132,0.11276816030778608,17
0.0031366825103759767,0.0010696160616063364,0.0,0.0,0.0001,liblinear,elasticnet,100,,0.0001,"{'tol': 0.0001, 'solver': 'liblinear', 'penalty': 'elasticnet', 'max_iter': 100, 'class_weight': None, 'C': 0.0001}",,,,,,,,62
0.003156614303588867,0.0012230692726426177,0.0,0.0,0.01,liblinear,none,500,balanced,10.0,"{'tol': 0.01, 'solver': 'liblinear', 'penalty': 'none', 'max_iter': 500, 'class_weight': 'balanced', 'C': 10}",,,,,,,,62
0.014742612838745117,0.004579106383040587,0.006454324722290039,0.00143803672799235,0.01,liblinear,l1,900,balanced,0.1,"{'tol': 0.01, 'solver': 'liblinear', 'penalty': 'l1', 'max_iter': 900, 'class_weight': 'balanced', 'C': 0.1}",0.7509104881553008,0.9783573060895281,0.9758368060223148,0.959134292243581,0.9811466594972442,0.9290771104015938,0.08941255418289255,14
0.024174833297729494,0.0029179321875764178,0.005022907257080078,0.0008936853167575129,0.001,saga,l1,600,,0.0001,"{'tol': 0.001, 'solver': 'saga', 'penalty': 'l1', 'max_iter': 600, 'class_weight': None, 'C': 0.0001}",0.6526445922015436,0.6408959537572254,0.6073228928619439,0.637417663664471,0.6559517408253798,0.6388465686621128,0.01722182483387984,37
0.004132270812988281,0.000985214437789904,0.0,0.0,0.001,newton-cg,l1,900,balanced,10.0,"{'tol': 0.001, 'solver': 'newton-cg', 'penalty': 'l1', 'max_iter': 900, 'class_weight': 'balanced', 'C': 10}",,,,,,,,62
0.007673215866088867,0.0057992798433862455,0.0,0.0,0.001,lbfgs,elasticnet,1000,,100.0,"{'tol': 0.001, 'solver': 'lbfgs', 'penalty': 'elasticnet', 'max_iter': 1000, 'class_weight': None, 'C': 100}",,,,,,,,62
0.12523350715637208,0.015352639565851235,0.00899362564086914,0.007363269216499639,0.01,saga,l2,600,balanced,1000.0,"{'tol': 0.01, 'solver': 'saga', 'penalty': 'l2', 'max_iter': 600, 'class_weight': 'balanced', 'C': 1000}",0.6522770556984864,0.63681274364834,0.6068019895147196,0.6325783035354214,0.6467267105793789,0.6350393605952693,0.015749813312975796,45
0.0036802291870117188,0.0006219118724931677,0.0,0.0,0.001,lbfgs,elasticnet,800,,100.0,"{'tol': 0.001, 'solver': 'lbfgs', 'penalty': 'elasticnet', 'max_iter': 800, 'class_weight': None, 'C': 100}",,,,,,,,62
0.21040582656860352,0.03754773136656345,0.004850149154663086,0.001053340049694284,0.0001,saga,l1,100,,1.0,"{'tol': 0.0001, 'solver': 'saga', 'penalty': 'l1', 'max_iter': 100, 'class_weight': None, 'C': 1}",0.6523438805172241,0.6366111036429627,0.6070708428552225,0.6325110902002958,0.6464578572388762,0.6349989548909163,0.015626393212754223,48
0.0034873485565185547,0.0006575702841828477,0.0,0.0,0.001,newton-cg,elasticnet,300,balanced,10.0,"{'tol': 0.001, 'solver': 'newton-cg', 'penalty': 'elasticnet', 'max_iter': 300, 'class_weight': 'balanced', 'C': 10}",,,,,,,,62
0.003002786636352539,0.0010176812815934806,0.0,0.0,0.01,liblinear,elasticnet,1000,,1000.0,"{'tol': 0.01, 'solver': 'liblinear', 'penalty': 'elasticnet', 'max_iter': 1000, 'class_weight': None, 'C': 1000}",,,,,,,,62
0.0034718036651611326,0.0009656386471636887,0.0,0.0,0.0001,liblinear,none,600,balanced,0.001,"{'tol': 0.0001, 'solver': 'liblinear', 'penalty': 'none', 'max_iter': 600, 'class_weight': 'balanced', 'C': 0.001}",,,,,,,,62
0.004113674163818359,0.0008265849110623315,0.0,0.0,0.001,lbfgs,none,900,balanced,1000.0,"{'tol': 0.001, 'solver': 'lbfgs', 'penalty': 'none', 'max_iter': 900, 'class_weight': 'balanced', 'C': 1000}",,,,,,,,62
0.0029493331909179687,0.0009993856805672768,0.0,0.0,0.001,saga,elasticnet,1000,balanced,1.0,"{'tol': 0.001, 'solver': 'saga', 'penalty': 'elasticnet', 'max_iter': 1000, 'class_weight': 'balanced', 'C': 1}",,,,,,,,62
0.0030844688415527345,0.0012325412954885622,0.0,0.0,0.01,newton-cg,none,700,,0.1,"{'tol': 0.01, 'solver': 'newton-cg', 'penalty': 'none', 'max_iter': 700, 'class_weight': None, 'C': 0.1}",,,,,,,,62
0.0036955356597900392,0.0007805114147529397,0.0,0.0,0.0001,saga,elasticnet,800,balanced,0.1,"{'tol': 0.0001, 'solver': 'saga', 'penalty': 'elasticnet', 'max_iter': 800, 'class_weight': 'balanced', 'C': 0.1}",,,,,,,,62
0.0036936283111572267,0.0004610828279490761,0.0,0.0,0.001,sag,none,800,,100.0,"{'tol': 0.001, 'solver': 'sag', 'penalty': 'none', 'max_iter': 800, 'class_weight': None, 'C': 100}",,,,,,,,62
0.16835594177246094,0.03915307694063873,0.01171422004699707,0.013450923764910083,0.0001,lbfgs,l2,500,balanced,10000.0,"{'tol': 0.0001, 'solver': 'lbfgs', 'penalty': 'l2', 'max_iter': 500, 'class_weight': 'balanced', 'C': 10000.0}",0.7090781516255137,0.979903212797419,0.9811466594972442,0.9644441457185106,0.9799704261325447,0.9229085191542465,0.1070932039614547,18
0.003102540969848633,0.000986088509658009,0.0,0.0,0.001,liblinear,elasticnet,1000,balanced,0.0001,"{'tol': 0.001, 'solver': 'liblinear', 'penalty': 'elasticnet', 'max_iter': 1000, 'class_weight': 'balanced', 'C': 0.0001}",,,,,,,,62
0.003462362289428711,0.0011417299877122902,0.0,0.0,0.0001,sag,l1,300,balanced,0.1,"{'tol': 0.0001, 'solver': 'sag', 'penalty': 'l1', 'max_iter': 300, 'class_weight': 'balanced', 'C': 0.1}",,,,,,,,62
0.23246660232543945,0.04021637837367212,0.003937959671020508,0.0010538097851955522,0.0001,sag,l2,200,balanced,1.0,"{'tol': 0.0001, 'solver': 'sag', 'penalty': 'l2', 'max_iter': 200, 'class_weight': 'balanced', 'C': 1}",0.6478332052524307,0.6256217233499126,0.6042142761123807,0.6281422234171258,0.6299905901330823,0.6271604036529863,0.01389410636000871,57
0.01287984848022461,0.006352507842042368,0.005168628692626953,0.002423366849676827,0.01,liblinear,l1,1000,,10000.0,"{'tol': 0.01, 'solver': 'liblinear', 'penalty': 'l1', 'max_iter': 1000, 'class_weight': None, 'C': 10000.0}",0.6830164723178188,0.9899852130662723,0.9969417932517811,0.9892458663798898,0.9895819330555182,0.9297542556142562,0.12340183944733193,12
0.003199911117553711,0.0015439870888694408,0.0,0.0,0.0001,saga,none,100,balanced,10000.0,"{'tol': 0.0001, 'solver': 'saga', 'penalty': 'none', 'max_iter': 100, 'class_weight': 'balanced', 'C': 10000.0}",,,,,,,,62
0.17151284217834473,0.03800992983057874,0.007290363311767578,0.007086606996970913,0.01,lbfgs,l2,500,balanced,100.0,"{'tol': 0.01, 'solver': 'lbfgs', 'penalty': 'l2', 'max_iter': 500, 'class_weight': 'balanced', 'C': 100}",0.7106485348658491,0.978827799435408,0.9827261728726979,0.9715351525742707,0.975601559349375,0.9238678438195201,0.10667326092077452,16
0.005108451843261719,0.0023079650577644893,0.0,0.0,0.0001,sag,elasticnet,200,balanced,0.0001,"{'tol': 0.0001, 'solver': 'sag', 'penalty': 'elasticnet', 'max_iter': 200, 'class_weight': 'balanced', 'C': 0.0001}",,,,,,,,62
0.005285739898681641,0.002731891021473246,0.0,0.0,0.001,saga,none,100,,10000.0,"{'tol': 0.001, 'solver': 'saga', 'penalty': 'none', 'max_iter': 100, 'class_weight': None, 'C': 10000.0}",,,,,,,,62
0.9458414077758789,0.4395445226672858,0.002998208999633789,0.001984214520300837,0.0001,saga,l1,1000,balanced,10.0,"{'tol': 0.0001, 'solver': 'saga', 'penalty': 'l1', 'max_iter': 1000, 'class_weight': 'balanced', 'C': 10}",0.6438905409469077,0.6223618765963167,0.6062306761661513,0.6264954967065466,0.6278733700766231,0.6253703920985092,0.012049120831023911,60
0.001951122283935547,0.0012758494080624464,0.0,0.0,0.001,lbfgs,none,500,,0.0001,"{'tol': 0.001, 'solver': 'lbfgs', 'penalty': 'none', 'max_iter': 500, 'class_weight': None, 'C': 0.0001}",,,,,,,,62
0.004567575454711914,0.0008065293299255209,0.0,0.0,0.0001,liblinear,elasticnet,300,,0.0001,"{'tol': 0.0001, 'solver': 'liblinear', 'penalty': 'elasticnet', 'max_iter': 300, 'class_weight': None, 'C': 0.0001}",,,,,,,,62
0.124119234085083,0.03662279325424711,0.004525995254516602,0.001055518343047367,0.01,sag,l2,400,,1.0,"{'tol': 0.01, 'solver': 'sag', 'penalty': 'l2', 'max_iter': 400, 'class_weight': None, 'C': 1}",0.6518092819673227,0.6320405968544159,0.6069364161849711,0.6304274768113994,0.6399381637316843,0.6322303871099587,0.014736447437058929,52
0.010867691040039063,0.016476654835688567,0.0,0.0,0.0001,saga,none,900,balanced,10.0,"{'tol': 0.0001, 'solver': 'saga', 'penalty': 'none', 'max_iter': 900, 'class_weight': 'balanced', 'C': 10}",,,,,,,,62
0.006962776184082031,0.007565860730295527,0.0,0.0,0.001,lbfgs,l1,1000,,100.0,"{'tol': 0.001, 'solver': 'lbfgs', 'penalty': 'l1', 'max_iter': 1000, 'class_weight': None, 'C': 100}",,,,,,,,62
0.0032645702362060548,0.000984492189130815,0.0,0.0,0.01,sag,l1,500,balanced,10.0,"{'tol': 0.01, 'solver': 'sag', 'penalty': 'l1', 'max_iter': 500, 'class_weight': 'balanced', 'C': 10}",,,,,,,,62
0.0027371883392333985,0.0008201569540502744,0.0,0.0,0.01,saga,none,100,,0.01,"{'tol': 0.01, 'solver': 'saga', 'penalty': 'none', 'max_iter': 100, 'class_weight': None, 'C': 0.01}",,,,,,,,62
0.0034904003143310545,0.0015797089370216313,0.0,0.0,0.001,saga,none,200,,1000.0,"{'tol': 0.001, 'solver': 'saga', 'penalty': 'none', 'max_iter': 200, 'class_weight': None, 'C': 1000}",,,,,,,,62
0.0040283679962158205,0.000587207243710584,0.0,0.0,0.01,liblinear,elasticnet,100,balanced,1.0,"{'tol': 0.01, 'solver': 'liblinear', 'penalty': 'elasticnet', 'max_iter': 100, 'class_weight': 'balanced', 'C': 1}",,,,,,,,62
0.003954935073852539,0.0012425128324434595,0.0,0.0,0.0001,lbfgs,none,500,,1000.0,"{'tol': 0.0001, 'solver': 'lbfgs', 'penalty': 'none', 'max_iter': 500, 'class_weight': None, 'C': 1000}",,,,,,,,62
0.0030861854553222655,0.0007012231225736324,0.0,0.0,0.0001,saga,elasticnet,600,,0.001,"{'tol': 0.0001, 'solver': 'saga', 'penalty': 'elasticnet', 'max_iter': 600, 'class_weight': None, 'C': 0.001}",,,,,,,,62
0.02156352996826172,0.004468203609955563,0.005641126632690429,0.002753501872348191,0.001,liblinear,l2,900,,10.0,"{'tol': 0.001, 'solver': 'liblinear', 'penalty': 'l2', 'max_iter': 900, 'class_weight': None, 'C': 10}",0.725684119081827,0.9676031724694178,0.9475399919343998,0.9621252856566742,0.9552359188062911,0.911637697589722,0.09321978751282453,25
0.004127311706542969,0.0019457237224448718,0.0,0.0,0.001,sag,l1,300,,10000.0,"{'tol': 0.001, 'solver': 'sag', 'penalty': 'l1', 'max_iter': 300, 'class_weight': None, 'C': 10000.0}",,,,,,,,62
0.004212427139282227,0.0015950961258884872,0.0,0.0,0.0001,sag,l1,300,,100.0,"{'tol': 0.0001, 'solver': 'sag', 'penalty': 'l1', 'max_iter': 300, 'class_weight': None, 'C': 100}",,,,,,,,62
0.11051707267761231,0.005379742624255341,0.004535102844238281,0.0009670785836833091,0.01,saga,l2,800,balanced,0.1,"{'tol': 0.01, 'solver': 'saga', 'penalty': 'l2', 'max_iter': 800, 'class_weight': 'balanced', 'C': 0.1}",0.6522770556984864,0.6367119236456513,0.6067347761795939,0.632645516870547,0.6467939239145045,0.6350326392617566,0.015779639535146245,46
0.004237747192382813,0.0009476540036767706,0.0,0.0,0.001,sag,none,500,,0.01,"{'tol': 0.001, 'solver': 'sag', 'penalty': 'none', 'max_iter': 500, 'class_weight': None, 'C': 0.01}",,,,,,,,62
0.005470848083496094,0.0011215432219184398,0.0,0.0,0.001,newton-cg,elasticnet,200,balanced,0.01,"{'tol': 0.001, 'solver': 'newton-cg', 'penalty': 'elasticnet', 'max_iter': 200, 'class_weight': 'balanced', 'C': 0.01}",,,,,,,,62
0.003690814971923828,0.0011815877533273055,0.0,0.0,0.001,lbfgs,none,500,balanced,0.01,"{'tol': 0.001, 'solver': 'lbfgs', 'penalty': 'none', 'max_iter': 500, 'class_weight': 'balanced', 'C': 0.01}",,,,,,,,62
0.0030610084533691405,0.00045930576355254234,0.0,0.0,0.01,sag,elasticnet,400,,1000.0,"{'tol': 0.01, 'solver': 'sag', 'penalty': 'elasticnet', 'max_iter': 400, 'class_weight': None, 'C': 1000}",,,,,,,,62
0.0027796268463134766,0.0002537177258132662,0.0,0.0,0.0001,newton-cg,elasticnet,600,,0.001,"{'tol': 0.0001, 'solver': 'newton-cg', 'penalty': 'elasticnet', 'max_iter': 600, 'class_weight': None, 'C': 0.001}",,,,,,,,62
0.10055437088012695,0.008778617334793131,0.0034655094146728515,0.0003840941690155887,0.0001,sag,l2,100,balanced,1000.0,"{'tol': 0.0001, 'solver': 'sag', 'penalty': 'l2', 'max_iter': 100, 'class_weight': 'balanced', 'C': 1000}",0.6510742089612083,0.6313348568355962,0.6063651028364028,0.6303602634762737,0.6388291437021105,0.6315927151623183,0.014628139665654597,53
0.004348659515380859,0.0009621282383099864,0.0,0.0,0.001,saga,elasticnet,400,balanced,1000.0,"{'tol': 0.001, 'solver': 'saga', 'penalty': 'elasticnet', 'max_iter': 400, 'class_weight': 'balanced', 'C': 1000}",,,,,,,,62
0.9078588485717773,0.025399756187989776,0.005330610275268555,0.0008347783508621314,0.0001,saga,l2,800,,0.0001,"{'tol': 0.0001, 'solver': 'saga', 'penalty': 'l2', 'max_iter': 800, 'class_weight': None, 'C': 0.0001}",0.6453272745497678,0.6225299099341309,0.6059618228256486,0.6263946767038581,0.6276381234036833,0.6255703614834178,0.012562084880859954,59
0.004559898376464843,0.0019215192321760804,0.0,0.0,0.01,lbfgs,elasticnet,600,,0.01,"{'tol': 0.01, 'solver': 'lbfgs', 'penalty': 'elasticnet', 'max_iter': 600, 'class_weight': None, 'C': 0.01}",,,,,,,,62
0.11100120544433593,0.01293474240793993,0.005688238143920899,0.0026631228345057874,0.0001,lbfgs,l2,400,,0.01,"{'tol': 0.0001, 'solver': 'lbfgs', 'penalty': 'l2', 'max_iter': 400, 'class_weight': None, 'C': 0.01}",0.7574927328009624,0.9540596854415916,0.9397432450598199,0.9213267912353811,0.9523457453958866,0.9049936399867283,0.07467331947399937,26
0.004091739654541016,0.0006289983878318735,0.0,0.0,0.001,sag,elasticnet,900,,0.001,"{'tol': 0.001, 'solver': 'sag', 'penalty': 'elasticnet', 'max_iter': 900, 'class_weight': None, 'C': 0.001}",,,,,,,,62
0.003967475891113281,0.0008422140730919456,0.0,0.0,0.0001,lbfgs,none,200,balanced,10000.0,"{'tol': 0.0001, 'solver': 'lbfgs', 'penalty': 'none', 'max_iter': 200, 'class_weight': 'balanced', 'C': 10000.0}",,,,,,,,62
0.0041748046875,0.000913816589654374,0.0,0.0,0.01,newton-cg,none,800,,0.001,"{'tol': 0.01, 'solver': 'newton-cg', 'penalty': 'none', 'max_iter': 800, 'class_weight': None, 'C': 0.001}",,,,,,,,62
0.003487825393676758,0.001075920458806884,0.0,0.0,0.01,saga,none,200,,10000.0,"{'tol': 0.01, 'solver': 'saga', 'penalty': 'none', 'max_iter': 200, 'class_weight': None, 'C': 10000.0}",,,,,,,,62
0.0036777496337890626,0.000622960813431376,0.0,0.0,0.001,liblinear,elasticnet,200,balanced,1000.0,"{'tol': 0.001, 'solver': 'liblinear', 'penalty': 'elasticnet', 'max_iter': 200, 'class_weight': 'balanced', 'C': 1000}",,,,,,,,62
0.0034795761108398437,0.000689331628715772,0.0,0.0,0.01,newton-cg,elasticnet,200,balanced,10.0,"{'tol': 0.01, 'solver': 'newton-cg', 'penalty': 'elasticnet', 'max_iter': 200, 'class_weight': 'balanced', 'C': 10}",,,,,,,,62
