mean_fit_time,std_fit_time,mean_score_time,std_score_time,param_subsample,param_scale_pos_weight,param_reg_lambda,param_reg_alpha,param_n_estimators,param_max_depth,param_learning_rate,param_gamma,param_colsample_bytree,params,split0_test_score,split1_test_score,split2_test_score,split3_test_score,split4_test_score,mean_test_score,std_test_score,rank_test_score
0.2581161975860596,0.017868893570966365,0.014858007431030273,0.005104701297143675,0.7,10,0.01,1.0,800,7,0.1388888888888889,4.5,1.0,"{'subsample': np.float64(0.7), 'scale_pos_weight': 10, 'reg_lambda': np.float64(0.01), 'reg_alpha': np.float64(1.0), 'n_estimators': np.int64(800), 'max_depth': np.int64(7), 'learning_rate': np.float64(0.1388888888888889), 'gamma': np.float64(4.5), 'colsample_bytree': np.float64(1.0)}",0.791907514450867,0.7647574005955509,0.8243124890523733,0.7423050615595075,0.8023255813953488,0.7851216094107294,0.028725974228601285,49
0.22314949035644532,0.014582352878771998,0.013347530364990234,0.006053410193427247,0.5,2,1.0,0.001,500,3,0.23555555555555557,0.0,0.9,"{'subsample': np.float64(0.5), 'scale_pos_weight': 2, 'reg_lambda': np.float64(1.0), 'reg_alpha': np.float64(0.001), 'n_estimators': np.int64(500), 'max_depth': np.int64(3), 'learning_rate': np.float64(0.23555555555555557), 'gamma': np.float64(0.0), 'colsample_bytree': np.float64(0.9)}",0.8166053599579611,0.7866526537046769,0.8181818181818181,0.7065663474692202,0.7954545454545454,0.7846921449536443,0.04089822635891081,50
0.31630649566650393,0.025840929169204767,0.011910533905029297,0.0037967056219481597,0.5,10,1.0,1.0,1000,13,0.23555555555555557,4.5,1.0,"{'subsample': np.float64(0.5), 'scale_pos_weight': 10, 'reg_lambda': np.float64(1.0), 'reg_alpha': np.float64(1.0), 'n_estimators': np.int64(1000), 'max_depth': np.int64(13), 'learning_rate': np.float64(0.23555555555555557), 'gamma': np.float64(4.5), 'colsample_bytree': np.float64(1.0)}",0.7934839726747241,0.7575757575757576,0.8441057978630233,0.7219562243502051,0.7896405919661733,0.7813524688859768,0.04061303370040952,58
0.2616725444793701,0.007297319340041142,0.01071934700012207,0.0024427476723722008,0.7,10,0.1,0.01,700,9,0.1711111111111111,1.5,1.0,"{'subsample': np.float64(0.7), 'scale_pos_weight': 10, 'reg_lambda': np.float64(0.1), 'reg_alpha': np.float64(0.01), 'n_estimators': np.int64(700), 'max_depth': np.int64(9), 'learning_rate': np.float64(0.1711111111111111), 'gamma': np.float64(1.5), 'colsample_bytree': np.float64(1.0)}",0.7609038360483448,0.7899807321772641,0.793308810649851,0.7241792065663474,0.819415081042988,0.7775575332969591,0.03249949017626851,68
0.09418244361877441,0.0051701728615609595,0.02288532257080078,0.025571814415267905,0.5,5,0.001,10.0,200,13,0.3,1.5,0.8,"{'subsample': np.float64(0.5), 'scale_pos_weight': 5, 'reg_lambda': np.float64(0.001), 'reg_alpha': np.float64(10.0), 'n_estimators': np.int64(200), 'max_depth': np.int64(13), 'learning_rate': np.float64(0.3), 'gamma': np.float64(1.5), 'colsample_bytree': np.float64(0.8)}",0.8462077421614993,0.7770187423366615,0.838150289017341,0.744015047879617,0.8238195912614517,0.8058422825313141,0.03911461276163862,6
0.16854443550109863,0.011929260401519759,0.01672821044921875,0.014280410048286476,1.0,5,1.0,0.001,500,3,0.07444444444444444,3.0,0.5,"{'subsample': np.float64(1.0), 'scale_pos_weight': 5, 'reg_lambda': np.float64(1.0), 'reg_alpha': np.float64(0.001), 'n_estimators': np.int64(500), 'max_depth': np.int64(3), 'learning_rate': np.float64(0.07444444444444444), 'gamma': np.float64(3.0), 'colsample_bytree': np.float64(0.5)}",0.8060956384655806,0.7531967069539325,0.8323699421965319,0.7383720930232558,0.788583509513742,0.7837235780306085,0.03429065125889146,53
0.09046993255615235,0.04837104774280065,0.01265859603881836,0.005765605358870657,0.5,10,0.1,0.01,100,5,0.1711111111111111,3.5,0.8,"{'subsample': np.float64(0.5), 'scale_pos_weight': 10, 'reg_lambda': np.float64(0.1), 'reg_alpha': np.float64(0.01), 'n_estimators': np.int64(100), 'max_depth': np.int64(5), 'learning_rate': np.float64(0.1711111111111111), 'gamma': np.float64(3.5), 'colsample_bytree': np.float64(0.8)}",0.791907514450867,0.79033105622701,0.7572254335260117,0.7436730506155951,0.7943974630021141,0.7755069035643196,0.02094371082599311,75
0.31174116134643554,0.0384106531370248,0.011941242218017577,0.0032977733029927385,0.6,2,1.0,0.1,800,7,0.23555555555555557,2.0,0.7,"{'subsample': np.float64(0.6), 'scale_pos_weight': 2, 'reg_lambda': np.float64(1.0), 'reg_alpha': np.float64(0.1), 'n_estimators': np.int64(800), 'max_depth': np.int64(7), 'learning_rate': np.float64(0.23555555555555557), 'gamma': np.float64(2.0), 'colsample_bytree': np.float64(0.7)}",0.8388509371168331,0.7666841828691541,0.8313189700472938,0.6932284541723666,0.7933403805496828,0.7846845849510661,0.05267242297410532,51
0.5085668563842773,0.020743590624227058,0.015135622024536133,0.0038854189216758427,0.8,5,1.0,0.001,700,5,0.01,2.0,1.0,"{'subsample': np.float64(0.8), 'scale_pos_weight': 5, 'reg_lambda': np.float64(1.0), 'reg_alpha': np.float64(0.001), 'n_estimators': np.int64(700), 'max_depth': np.int64(5), 'learning_rate': np.float64(0.01), 'gamma': np.float64(2.0), 'colsample_bytree': np.float64(1.0)}",0.789455246102645,0.7542476791031705,0.8220353827290244,0.7435020519835841,0.7896405919661734,0.7797761903769194,0.028086822108386554,62
0.23868656158447266,0.03268308501549735,0.011550617218017579,0.0029277976614897547,0.5,10,1.0,1.0,500,7,0.07444444444444444,3.5,0.7,"{'subsample': np.float64(0.5), 'scale_pos_weight': 10, 'reg_lambda': np.float64(1.0), 'reg_alpha': np.float64(1.0), 'n_estimators': np.int64(500), 'max_depth': np.int64(7), 'learning_rate': np.float64(0.07444444444444444), 'gamma': np.float64(3.5), 'colsample_bytree': np.float64(0.7)}",0.8288667016990717,0.7808723068838677,0.837799964967595,0.7246922024623803,0.7894644115574347,0.7923391175140699,0.040290966367069476,28
0.18007125854492187,0.019913827728726487,0.009751033782958985,0.001304765059195118,0.8,10,0.01,0.1,200,11,0.042222222222222223,2.0,1.0,"{'subsample': np.float64(0.8), 'scale_pos_weight': 10, 'reg_lambda': np.float64(0.01), 'reg_alpha': np.float64(0.1), 'n_estimators': np.int64(200), 'max_depth': np.int64(11), 'learning_rate': np.float64(0.042222222222222223), 'gamma': np.float64(2.0), 'colsample_bytree': np.float64(1.0)}",0.789104922052899,0.7638815904711859,0.8024172359432475,0.7257181942544458,0.8076109936575052,0.7777465872758567,0.03009560519374673,67
0.10742688179016113,0.015089434909669497,0.009454345703125,0.0012360080755261255,0.5,5,0.001,0.1,200,11,0.1711111111111111,4.5,0.6,"{'subsample': np.float64(0.5), 'scale_pos_weight': 5, 'reg_lambda': np.float64(0.001), 'reg_alpha': np.float64(0.1), 'n_estimators': np.int64(200), 'max_depth': np.int64(11), 'learning_rate': np.float64(0.1711111111111111), 'gamma': np.float64(4.5), 'colsample_bytree': np.float64(0.6)}",0.8017165878437554,0.8004904536696443,0.7607286740234717,0.7411080711354309,0.8007399577167018,0.7809567488778008,0.02530218970317953,59
0.11681413650512695,0.015047448457074798,0.010517215728759766,0.0017832739926045356,1.0,5,0.1,0.1,300,7,0.2677777777777778,1.0,0.6,"{'subsample': np.float64(1.0), 'scale_pos_weight': 5, 'reg_lambda': np.float64(0.1), 'reg_alpha': np.float64(0.1), 'n_estimators': np.int64(300), 'max_depth': np.int64(7), 'learning_rate': np.float64(0.2677777777777778), 'gamma': np.float64(1.0), 'colsample_bytree': np.float64(0.6)}",0.7517954107549484,0.7418111753371869,0.7628306183219478,0.7368331053351572,0.755461592670895,0.7497463804840271,0.009357132156640831,99
0.21209397315979003,0.007295547652769801,0.01051645278930664,0.002654325913426951,0.6,2,0.001,1.0,600,9,0.23555555555555557,2.5,0.8,"{'subsample': np.float64(0.6), 'scale_pos_weight': 2, 'reg_lambda': np.float64(0.001), 'reg_alpha': np.float64(1.0), 'n_estimators': np.int64(600), 'max_depth': np.int64(9), 'learning_rate': np.float64(0.23555555555555557), 'gamma': np.float64(2.5), 'colsample_bytree': np.float64(0.8)}",0.8194079523559292,0.7978630232965493,0.8188824662813102,0.7115253077975375,0.7912262156448202,0.7877809930752293,0.03973918121461394,42
0.21931958198547363,0.019105505678963356,0.011091184616088868,0.0021132090118539727,0.8,1,0.01,10.0,700,3,0.1711111111111111,3.5,0.9,"{'subsample': np.float64(0.8), 'scale_pos_weight': 1, 'reg_lambda': np.float64(0.01), 'reg_alpha': np.float64(10.0), 'n_estimators': np.int64(700), 'max_depth': np.int64(3), 'learning_rate': np.float64(0.1711111111111111), 'gamma': np.float64(3.5), 'colsample_bytree': np.float64(0.9)}",0.7629181993343843,0.7702750043790506,0.824049746015064,0.7057968536251711,0.7339675828047921,0.7594014772316924,0.03957357259933575,93
0.24154915809631347,0.010930874815013312,0.010812807083129882,0.001001484946882068,0.6,5,0.001,1.0,600,9,0.1711111111111111,0.5,0.6,"{'subsample': np.float64(0.6), 'scale_pos_weight': 5, 'reg_lambda': np.float64(0.001), 'reg_alpha': np.float64(1.0), 'n_estimators': np.int64(600), 'max_depth': np.int64(9), 'learning_rate': np.float64(0.1711111111111111), 'gamma': np.float64(0.5), 'colsample_bytree': np.float64(0.6)}",0.8337712383955158,0.7743913119635664,0.813102119460501,0.7258891928864569,0.8088442565186752,0.7911996238449431,0.03781895419523872,31
0.1339388370513916,0.011078396461830132,0.009134578704833984,0.002639290450386212,1.0,1,1.0,0.001,400,5,0.23555555555555557,2.5,0.6,"{'subsample': np.float64(1.0), 'scale_pos_weight': 1, 'reg_lambda': np.float64(1.0), 'reg_alpha': np.float64(0.001), 'n_estimators': np.int64(400), 'max_depth': np.int64(5), 'learning_rate': np.float64(0.23555555555555557), 'gamma': np.float64(2.5), 'colsample_bytree': np.float64(0.6)}",0.7806971448589946,0.7468908740585042,0.7815729549833597,0.7137482900136798,0.7585447498238196,0.7562908027476716,0.025052589021611348,94
0.1711665153503418,0.004059294685225565,0.010003137588500976,0.0020594882223400556,0.8,2,0.001,1.0,500,13,0.07444444444444444,4.5,0.5,"{'subsample': np.float64(0.8), 'scale_pos_weight': 2, 'reg_lambda': np.float64(0.001), 'reg_alpha': np.float64(1.0), 'n_estimators': np.int64(500), 'max_depth': np.int64(13), 'learning_rate': np.float64(0.07444444444444444), 'gamma': np.float64(4.5), 'colsample_bytree': np.float64(0.5)}",0.8243124890523734,0.766509020844281,0.8502364687335786,0.7310191518467852,0.788231148696265,0.7920616558346566,0.041995767243996146,29
0.06261262893676758,0.006170281298187904,0.01076512336730957,0.0018517942485048143,0.8,5,10.0,0.1,100,3,0.1711111111111111,1.5,0.7,"{'subsample': np.float64(0.8), 'scale_pos_weight': 5, 'reg_lambda': np.float64(10.0), 'reg_alpha': np.float64(0.1), 'n_estimators': np.int64(100), 'max_depth': np.int64(3), 'learning_rate': np.float64(0.1711111111111111), 'gamma': np.float64(1.5), 'colsample_bytree': np.float64(0.7)}",0.8311438080224208,0.765633210719916,0.8099492030127868,0.725718194254446,0.8063777307963353,0.787764429361181,0.037576364365893226,43
0.21118226051330566,0.0077608035012618915,0.013710594177246094,0.001320211623060742,1.0,2,0.01,0.01,300,13,0.07444444444444444,0.0,0.5,"{'subsample': np.float64(1.0), 'scale_pos_weight': 2, 'reg_lambda': np.float64(0.01), 'reg_alpha': np.float64(0.01), 'n_estimators': np.int64(300), 'max_depth': np.int64(13), 'learning_rate': np.float64(0.07444444444444444), 'gamma': np.float64(0.0), 'colsample_bytree': np.float64(0.5)}",0.8124014713610089,0.7517954107549483,0.8262392713259766,0.7368331053351573,0.812015503875969,0.787856952530612,0.03623020613160794,41
0.5603015899658204,0.017546938447017733,0.02121624946594238,0.0029967261685440337,0.7,10,10.0,0.01,800,7,0.10666666666666666,0.0,0.9,"{'subsample': np.float64(0.7), 'scale_pos_weight': 10, 'reg_lambda': np.float64(10.0), 'reg_alpha': np.float64(0.01), 'n_estimators': np.int64(800), 'max_depth': np.int64(7), 'learning_rate': np.float64(0.10666666666666666), 'gamma': np.float64(0.0), 'colsample_bytree': np.float64(0.9)}",0.814503415659485,0.7827990891574708,0.815729549833596,0.7262311901504787,0.8051444679351656,0.7888815425472393,0.033477877811708856,37
0.18277535438537598,0.011191344507588305,0.009617805480957031,0.0023666490909111707,0.9,5,10.0,0.1,500,3,0.1711111111111111,1.5,0.5,"{'subsample': np.float64(0.9), 'scale_pos_weight': 5, 'reg_lambda': np.float64(10.0), 'reg_alpha': np.float64(0.1), 'n_estimators': np.int64(500), 'max_depth': np.int64(3), 'learning_rate': np.float64(0.1711111111111111), 'gamma': np.float64(1.5), 'colsample_bytree': np.float64(0.5)}",0.812926957435628,0.7703625853914872,0.8278157295498337,0.7421340629274966,0.8109584214235378,0.7928395513455967,0.031721888128930675,25
0.2833127975463867,0.012534016635453537,0.012326526641845702,0.0027316714634567935,0.6,1,1.0,1.0,800,11,0.042222222222222223,2.5,0.7,"{'subsample': np.float64(0.6), 'scale_pos_weight': 1, 'reg_lambda': np.float64(1.0), 'reg_alpha': np.float64(1.0), 'n_estimators': np.int64(800), 'max_depth': np.int64(11), 'learning_rate': np.float64(0.042222222222222223), 'gamma': np.float64(2.5), 'colsample_bytree': np.float64(0.7)}",0.8523384130320546,0.7880539499036608,0.8691539674198634,0.7308481532147743,0.8077871740662438,0.8096363315273193,0.049076699906878386,2
0.09893884658813476,0.006978798806936061,0.010433626174926759,0.002438723220490578,0.8,10,0.1,0.01,200,7,0.23555555555555557,2.0,0.6,"{'subsample': np.float64(0.8), 'scale_pos_weight': 10, 'reg_lambda': np.float64(0.1), 'reg_alpha': np.float64(0.01), 'n_estimators': np.int64(200), 'max_depth': np.int64(7), 'learning_rate': np.float64(0.23555555555555557), 'gamma': np.float64(2.0), 'colsample_bytree': np.float64(0.6)}",0.7948852688737083,0.7188649500788228,0.7959362410229462,0.7277701778385772,0.7762508809020436,0.7627415037432197,0.03306285253285582,88
0.3123165130615234,0.0048578347140850785,0.009290838241577148,0.0014046582097982446,0.8,1,10.0,10.0,1000,5,0.3,2.0,0.7,"{'subsample': np.float64(0.8), 'scale_pos_weight': 1, 'reg_lambda': np.float64(10.0), 'reg_alpha': np.float64(10.0), 'n_estimators': np.int64(1000), 'max_depth': np.int64(5), 'learning_rate': np.float64(0.3), 'gamma': np.float64(2.0), 'colsample_bytree': np.float64(0.7)}",0.7746540550008758,0.7791206866351374,0.8364862497810475,0.7319596443228454,0.7224277660324172,0.7689296803544647,0.040570252024329734,83
0.3311630725860596,0.019151250707857656,0.010227251052856445,0.0019446930410333533,0.7,2,0.001,0.1,1000,7,0.2677777777777778,1.5,0.7,"{'subsample': np.float64(0.7), 'scale_pos_weight': 2, 'reg_lambda': np.float64(0.001), 'reg_alpha': np.float64(0.1), 'n_estimators': np.int64(1000), 'max_depth': np.int64(7), 'learning_rate': np.float64(0.2677777777777778), 'gamma': np.float64(1.5), 'colsample_bytree': np.float64(0.7)}",0.8199334384305482,0.744088281660536,0.7943597827990891,0.7200752393980849,0.7758985200845666,0.770871052474565,0.03544473173011528,80
0.08231749534606933,0.008375966385424632,0.00944657325744629,0.001554144636841791,0.9,2,10.0,1.0,200,9,0.3,2.0,0.6,"{'subsample': np.float64(0.9), 'scale_pos_weight': 2, 'reg_lambda': np.float64(10.0), 'reg_alpha': np.float64(1.0), 'n_estimators': np.int64(200), 'max_depth': np.int64(9), 'learning_rate': np.float64(0.3), 'gamma': np.float64(2.0), 'colsample_bytree': np.float64(0.6)}",0.8208092485549133,0.7572254335260116,0.8407777193904361,0.7387140902872777,0.792107117688513,0.7899267218894304,0.038043176581819466,35
0.2544983386993408,0.008822627039834332,0.012311553955078125,0.001220810479420483,0.7,1,0.1,0.1,800,9,0.1711111111111111,3.5,0.7,"{'subsample': np.float64(0.7), 'scale_pos_weight': 1, 'reg_lambda': np.float64(0.1), 'reg_alpha': np.float64(0.1), 'n_estimators': np.int64(800), 'max_depth': np.int64(9), 'learning_rate': np.float64(0.1711111111111111), 'gamma': np.float64(3.5), 'colsample_bytree': np.float64(0.7)}",0.8535645472061657,0.7812226309336137,0.8484848484848485,0.7600889192886456,0.7943974630021142,0.8075516817830776,0.03717976367502125,4
0.3282442092895508,0.010751938542830162,0.009262609481811523,0.00213075855770947,0.5,2,0.01,1.0,1000,11,0.3,2.5,0.6,"{'subsample': np.float64(0.5), 'scale_pos_weight': 2, 'reg_lambda': np.float64(0.01), 'reg_alpha': np.float64(1.0), 'n_estimators': np.int64(1000), 'max_depth': np.int64(11), 'learning_rate': np.float64(0.3), 'gamma': np.float64(2.5), 'colsample_bytree': np.float64(0.6)}",0.8355228586442459,0.7824487651077247,0.8257137852513575,0.7395690834473324,0.7884073291050036,0.7943323643111329,0.03422511740468511,22
0.15062832832336426,0.038544198290224804,0.010869264602661133,0.0015370855076986606,0.6,10,0.01,10.0,300,11,0.23555555555555557,1.5,0.8,"{'subsample': np.float64(0.6), 'scale_pos_weight': 10, 'reg_lambda': np.float64(0.01), 'reg_alpha': np.float64(10.0), 'n_estimators': np.int64(300), 'max_depth': np.int64(11), 'learning_rate': np.float64(0.23555555555555557), 'gamma': np.float64(1.5), 'colsample_bytree': np.float64(0.8)}",0.835698020669119,0.7813977929584865,0.8490103345594675,0.7506839945280438,0.8056730091613813,0.8044926303752996,0.03573719762474087,7
0.050285863876342776,0.0038615933792625276,0.008963060379028321,0.001978673295082588,0.8,1,1.0,10.0,100,5,0.23555555555555557,2.0,1.0,"{'subsample': np.float64(0.8), 'scale_pos_weight': 1, 'reg_lambda': np.float64(1.0), 'reg_alpha': np.float64(10.0), 'n_estimators': np.int64(100), 'max_depth': np.int64(5), 'learning_rate': np.float64(0.23555555555555557), 'gamma': np.float64(2.0), 'colsample_bytree': np.float64(1.0)}",0.7507444386057103,0.7955859169732005,0.8187948852688737,0.7225547195622435,0.747445384073291,0.7670250688966637,0.03499105851626111,84
0.1721327304840088,0.00807783988586381,0.012199020385742188,0.0028443906671224077,0.6,5,0.01,0.001,200,7,0.042222222222222223,1.0,0.8,"{'subsample': np.float64(0.6), 'scale_pos_weight': 5, 'reg_lambda': np.float64(0.01), 'reg_alpha': np.float64(0.001), 'n_estimators': np.int64(200), 'max_depth': np.int64(7), 'learning_rate': np.float64(0.042222222222222223), 'gamma': np.float64(1.0), 'colsample_bytree': np.float64(0.8)}",0.8173060080574531,0.7630057803468208,0.8229111928533894,0.737859097127223,0.799506694855532,0.7881177546480836,0.03270715318517125,40
0.1075373649597168,0.0031324336192370328,0.010584068298339844,0.001313978432730279,0.6,5,1.0,0.1,200,3,0.23555555555555557,0.0,1.0,"{'subsample': np.float64(0.6), 'scale_pos_weight': 5, 'reg_lambda': np.float64(1.0), 'reg_alpha': np.float64(0.1), 'n_estimators': np.int64(200), 'max_depth': np.int64(3), 'learning_rate': np.float64(0.23555555555555557), 'gamma': np.float64(0.0), 'colsample_bytree': np.float64(1.0)}",0.7856016815554389,0.766158696794535,0.7842003853564548,0.7132352941176471,0.7732558139534884,0.7644903743555129,0.026611543760718805,86
0.15395512580871581,0.014167006521552387,0.010577774047851563,0.002363710279179562,0.9,10,0.1,0.001,400,7,0.2677777777777778,1.0,0.9,"{'subsample': np.float64(0.9), 'scale_pos_weight': 10, 'reg_lambda': np.float64(0.1), 'reg_alpha': np.float64(0.001), 'n_estimators': np.int64(400), 'max_depth': np.int64(7), 'learning_rate': np.float64(0.2677777777777778), 'gamma': np.float64(1.0), 'colsample_bytree': np.float64(0.9)}",0.7454895778595201,0.7136100893326326,0.7714135575407252,0.7240082079343366,0.7692036645525018,0.7447450194439433,0.023278272429977622,100
0.3725133419036865,0.009629745629063104,0.011407995223999023,0.0015091520880303989,0.6,5,0.1,0.01,1000,13,0.07444444444444444,1.5,0.6,"{'subsample': np.float64(0.6), 'scale_pos_weight': 5, 'reg_lambda': np.float64(0.1), 'reg_alpha': np.float64(0.01), 'n_estimators': np.int64(1000), 'max_depth': np.int64(13), 'learning_rate': np.float64(0.07444444444444444), 'gamma': np.float64(1.5), 'colsample_bytree': np.float64(0.6)}",0.8332457523208968,0.7803468208092486,0.837624802942722,0.7269151846785226,0.7935165609584215,0.7943298243419623,0.040323253957437945,23
0.40138931274414064,0.010051307915357247,0.015130949020385743,0.006882384098361744,0.7,1,0.1,0.01,1000,5,0.01,4.0,0.9,"{'subsample': np.float64(0.7), 'scale_pos_weight': 1, 'reg_lambda': np.float64(0.1), 'reg_alpha': np.float64(0.01), 'n_estimators': np.int64(1000), 'max_depth': np.int64(5), 'learning_rate': np.float64(0.01), 'gamma': np.float64(4.0), 'colsample_bytree': np.float64(0.9)}",0.8265895953757225,0.7849010334559468,0.8526887370818007,0.75,0.7847075405214939,0.7997773812869927,0.035901810287680615,11
0.28603124618530273,0.0408454652350165,0.012682199478149414,0.0033396373274912476,0.7,10,0.1,0.01,800,7,0.23555555555555557,3.0,0.5,"{'subsample': np.float64(0.7), 'scale_pos_weight': 10, 'reg_lambda': np.float64(0.1), 'reg_alpha': np.float64(0.01), 'n_estimators': np.int64(800), 'max_depth': np.int64(7), 'learning_rate': np.float64(0.23555555555555557), 'gamma': np.float64(3.0), 'colsample_bytree': np.float64(0.5)}",0.8113504992117708,0.7617796461727099,0.792608162550359,0.7523939808481532,0.7922832980972516,0.782083117376049,0.021748911112335057,57
0.33727431297302246,0.010397043086302245,0.010851192474365234,0.002224576913473121,0.5,2,0.001,0.1,900,13,0.10666666666666666,3.5,0.5,"{'subsample': np.float64(0.5), 'scale_pos_weight': 2, 'reg_lambda': np.float64(0.001), 'reg_alpha': np.float64(0.1), 'n_estimators': np.int64(900), 'max_depth': np.int64(13), 'learning_rate': np.float64(0.10666666666666666), 'gamma': np.float64(3.5), 'colsample_bytree': np.float64(0.5)}",0.8341215624452619,0.8046943422665966,0.837099316868103,0.7140902872777017,0.8063777307963356,0.7992766479307998,0.04467933568028969,12
0.342722749710083,0.015970623777787643,0.018285512924194336,0.009126193026735516,0.9,5,0.001,0.01,900,11,0.2677777777777778,3.0,1.0,"{'subsample': np.float64(0.9), 'scale_pos_weight': 5, 'reg_lambda': np.float64(0.001), 'reg_alpha': np.float64(0.01), 'n_estimators': np.int64(900), 'max_depth': np.int64(11), 'learning_rate': np.float64(0.2677777777777778), 'gamma': np.float64(3.0), 'colsample_bytree': np.float64(1.0)}",0.7568751094762656,0.7512699246803294,0.7873533018041688,0.7395690834473324,0.7209302325581395,0.7511995303932472,0.021866915777533056,97
0.2456545352935791,0.036420575001288376,0.011264801025390625,0.0030193061821407944,0.7,5,0.001,0.001,600,7,0.1388888888888889,4.0,0.7,"{'subsample': np.float64(0.7), 'scale_pos_weight': 5, 'reg_lambda': np.float64(0.001), 'reg_alpha': np.float64(0.001), 'n_estimators': np.int64(600), 'max_depth': np.int64(7), 'learning_rate': np.float64(0.1388888888888889), 'gamma': np.float64(4.0), 'colsample_bytree': np.float64(0.7)}",0.7971623751970573,0.7770187423366615,0.8230863548782625,0.75,0.7845313601127555,0.7863597665049473,0.023992369915619344,47
0.1209953784942627,0.012259251326943948,0.012895870208740234,0.0036597931647433693,0.8,2,0.001,0.01,100,9,0.01,5.0,1.0,"{'subsample': np.float64(0.8), 'scale_pos_weight': 2, 'reg_lambda': np.float64(0.001), 'reg_alpha': np.float64(0.01), 'n_estimators': np.int64(100), 'max_depth': np.int64(9), 'learning_rate': np.float64(0.01), 'gamma': np.float64(5.0), 'colsample_bytree': np.float64(1.0)}",0.7710632334909792,0.7495183044315993,0.837449640917849,0.7553009575923393,0.7674418604651162,0.7761547993795765,0.031633155161405316,73
0.27998080253601076,0.01377957928083901,0.01338820457458496,0.002151664959635471,0.6,10,1.0,1.0,700,5,0.20333333333333334,4.5,0.8,"{'subsample': np.float64(0.6), 'scale_pos_weight': 10, 'reg_lambda': np.float64(1.0), 'reg_alpha': np.float64(1.0), 'n_estimators': np.int64(700), 'max_depth': np.int64(5), 'learning_rate': np.float64(0.20333333333333334), 'gamma': np.float64(4.5), 'colsample_bytree': np.float64(0.8)}",0.8006656156945174,0.7689612891925031,0.8134524435102469,0.7089603283173734,0.7817124735729388,0.774750430057516,0.036276064783103266,76
0.9186423301696778,0.0454584990322558,0.02539210319519043,0.0016674962110543403,0.9,5,0.01,0.1,700,13,0.01,0.5,1.0,"{'subsample': np.float64(0.9), 'scale_pos_weight': 5, 'reg_lambda': np.float64(0.01), 'reg_alpha': np.float64(0.1), 'n_estimators': np.int64(700), 'max_depth': np.int64(13), 'learning_rate': np.float64(0.01), 'gamma': np.float64(0.5), 'colsample_bytree': np.float64(1.0)}",0.7792958486600106,0.7493431424067263,0.8024172359432474,0.7279411764705883,0.7912262156448203,0.7700447238250786,0.027508117421280377,81
0.28642544746398924,0.029397266652354398,0.014124298095703125,0.0021928227375087464,0.6,10,10.0,1.0,500,3,0.01,0.5,1.0,"{'subsample': np.float64(0.6), 'scale_pos_weight': 10, 'reg_lambda': np.float64(10.0), 'reg_alpha': np.float64(1.0), 'n_estimators': np.int64(500), 'max_depth': np.int64(3), 'learning_rate': np.float64(0.01), 'gamma': np.float64(0.5), 'colsample_bytree': np.float64(1.0)}",0.8122263093361359,0.7817481170082325,0.8453319320371343,0.7347811217510261,0.7841789992952783,0.7916532958855614,0.03658706528386987,30
0.14546141624450684,0.011264906130919468,0.012448406219482422,0.0027494761026363116,0.6,5,0.01,0.01,300,3,0.1388888888888889,4.5,0.5,"{'subsample': np.float64(0.6), 'scale_pos_weight': 5, 'reg_lambda': np.float64(0.01), 'reg_alpha': np.float64(0.01), 'n_estimators': np.int64(300), 'max_depth': np.int64(3), 'learning_rate': np.float64(0.1388888888888889), 'gamma': np.float64(4.5), 'colsample_bytree': np.float64(0.5)}",0.8001401296198983,0.7780697144858995,0.8453319320371344,0.7416210670314638,0.7820648343904157,0.7894455355129624,0.033789724764215164,36
0.4585269927978516,0.016468947269836158,0.017253828048706055,0.004846093175354779,0.8,2,1.0,0.001,700,9,0.07444444444444444,0.0,0.9,"{'subsample': np.float64(0.8), 'scale_pos_weight': 2, 'reg_lambda': np.float64(1.0), 'reg_alpha': np.float64(0.001), 'n_estimators': np.int64(700), 'max_depth': np.int64(9), 'learning_rate': np.float64(0.07444444444444444), 'gamma': np.float64(0.0), 'colsample_bytree': np.float64(0.9)}",0.8255386232264845,0.766509020844281,0.8406025573655631,0.7195622435020519,0.7797744890768146,0.7863973868030391,0.043304926184750354,46
0.07163910865783692,0.008258792000013117,0.01070713996887207,0.0021190233370406387,0.6,1,0.001,0.01,100,11,0.01,4.5,0.7,"{'subsample': np.float64(0.6), 'scale_pos_weight': 1, 'reg_lambda': np.float64(0.001), 'reg_alpha': np.float64(0.01), 'n_estimators': np.int64(100), 'max_depth': np.int64(11), 'learning_rate': np.float64(0.01), 'gamma': np.float64(4.5), 'colsample_bytree': np.float64(0.7)}",0.7957610789980732,0.7799964967595024,0.839201261166579,0.7349521203830369,0.7834742776603242,0.7866770469935032,0.03338163635188626,45
0.16180100440979003,0.006896702729949471,0.010932111740112304,0.0016217768278054443,0.8,2,0.001,10.0,300,11,0.01,2.0,0.5,"{'subsample': np.float64(0.8), 'scale_pos_weight': 2, 'reg_lambda': np.float64(0.001), 'reg_alpha': np.float64(10.0), 'n_estimators': np.int64(300), 'max_depth': np.int64(11), 'learning_rate': np.float64(0.01), 'gamma': np.float64(2.0), 'colsample_bytree': np.float64(0.5)}",0.7980381853214223,0.789455246102645,0.8553161674548958,0.7390560875512997,0.7591613812544046,0.7882054135369335,0.03965176119648692,39
0.20322046279907227,0.007069623421329605,0.011633872985839844,0.0020019953884266263,0.9,1,0.001,1.0,600,13,0.23555555555555557,1.0,0.9,"{'subsample': np.float64(0.9), 'scale_pos_weight': 1, 'reg_lambda': np.float64(0.001), 'reg_alpha': np.float64(1.0), 'n_estimators': np.int64(600), 'max_depth': np.int64(13), 'learning_rate': np.float64(0.23555555555555557), 'gamma': np.float64(1.0), 'colsample_bytree': np.float64(0.9)}",0.8502364687335786,0.7682606410930111,0.8504116307584516,0.7282831737346102,0.7945736434108528,0.7983531115461008,0.0473953785044232,13
0.17202696800231934,0.004343490202174657,0.01079559326171875,0.0021956614830548143,0.6,1,0.001,10.0,500,11,0.20333333333333334,3.5,0.9,"{'subsample': np.float64(0.6), 'scale_pos_weight': 1, 'reg_lambda': np.float64(0.001), 'reg_alpha': np.float64(10.0), 'n_estimators': np.int64(500), 'max_depth': np.int64(11), 'learning_rate': np.float64(0.20333333333333334), 'gamma': np.float64(3.5), 'colsample_bytree': np.float64(0.9)}",0.766684182869154,0.7778945524610263,0.8210719915922229,0.7010088919288646,0.7315010570824525,0.759632135186744,0.040953987404703594,92
0.29679064750671386,0.015310331388857016,0.008602237701416016,0.0009575073769506865,0.8,1,10.0,0.001,900,5,0.07444444444444444,5.0,0.9,"{'subsample': np.float64(0.8), 'scale_pos_weight': 1, 'reg_lambda': np.float64(10.0), 'reg_alpha': np.float64(0.001), 'n_estimators': np.int64(900), 'max_depth': np.int64(5), 'learning_rate': np.float64(0.07444444444444444), 'gamma': np.float64(5.0), 'colsample_bytree': np.float64(0.9)}",0.815904711858469,0.7938342967244701,0.8808898230863549,0.7349521203830369,0.7869978858350952,0.8025157675774853,0.04733450204243223,9
0.2604208946228027,0.01437901846557121,0.02857999801635742,0.03149989009061111,0.9,10,0.01,0.01,800,7,0.20333333333333334,4.5,0.7,"{'subsample': np.float64(0.9), 'scale_pos_weight': 10, 'reg_lambda': np.float64(0.01), 'reg_alpha': np.float64(0.01), 'n_estimators': np.int64(800), 'max_depth': np.int64(7), 'learning_rate': np.float64(0.20333333333333334), 'gamma': np.float64(4.5), 'colsample_bytree': np.float64(0.7)}",0.770187423366614,0.7433876335610439,0.7756174461376774,0.7346101231190151,0.7794221282593375,0.7606449508887376,0.01812977685094528,90
0.28745603561401367,0.004007156764285756,0.010732221603393554,0.0024819978043374553,1.0,2,10.0,0.001,900,9,0.20333333333333334,4.5,0.8,"{'subsample': np.float64(1.0), 'scale_pos_weight': 2, 'reg_lambda': np.float64(10.0), 'reg_alpha': np.float64(0.001), 'n_estimators': np.int64(900), 'max_depth': np.int64(9), 'learning_rate': np.float64(0.20333333333333334), 'gamma': np.float64(4.5), 'colsample_bytree': np.float64(0.8)}",0.7971623751970573,0.7698370993168681,0.8337712383955158,0.7175102599179206,0.7665609584214235,0.7769683862497571,0.03828524466608619,71
0.11875343322753906,0.007103281778857414,0.010956192016601562,0.0022536720542566386,0.5,2,0.1,10.0,300,11,0.2677777777777778,1.0,1.0,"{'subsample': np.float64(0.5), 'scale_pos_weight': 2, 'reg_lambda': np.float64(0.1), 'reg_alpha': np.float64(10.0), 'n_estimators': np.int64(300), 'max_depth': np.int64(11), 'learning_rate': np.float64(0.2677777777777778), 'gamma': np.float64(1.0), 'colsample_bytree': np.float64(1.0)}",0.8129269574356279,0.7598528638991067,0.8481345244351024,0.7385430916552668,0.7963354474982383,0.7911585769846685,0.0387178458385551,32
0.35076451301574707,0.05025702782989003,0.029183244705200194,0.03577755262871971,0.6,10,10.0,10.0,1000,3,0.1388888888888889,3.5,0.5,"{'subsample': np.float64(0.6), 'scale_pos_weight': 10, 'reg_lambda': np.float64(10.0), 'reg_alpha': np.float64(10.0), 'n_estimators': np.int64(1000), 'max_depth': np.int64(3), 'learning_rate': np.float64(0.1388888888888889), 'gamma': np.float64(3.5), 'colsample_bytree': np.float64(0.5)}",0.8307934839726747,0.7975126992468033,0.8526887370818007,0.7270861833105335,0.8310429880197322,0.8078248183263088,0.04405560394707353,3
0.35577025413513186,0.006446372991966938,0.0130401611328125,0.0029817704107033215,0.7,10,0.001,0.001,1000,9,0.20333333333333334,1.0,0.8,"{'subsample': np.float64(0.7), 'scale_pos_weight': 10, 'reg_lambda': np.float64(0.001), 'reg_alpha': np.float64(0.001), 'n_estimators': np.int64(1000), 'max_depth': np.int64(9), 'learning_rate': np.float64(0.20333333333333334), 'gamma': np.float64(1.0), 'colsample_bytree': np.float64(0.8)}",0.789630408127518,0.790856542301629,0.7763180942371694,0.7358071135430917,0.8204721634954193,0.7826168643409656,0.02749884738673258,54
0.09220542907714843,0.00661933408687856,0.011386585235595704,0.0035014920224316027,0.6,2,0.01,10.0,200,13,0.1388888888888889,2.5,1.0,"{'subsample': np.float64(0.6), 'scale_pos_weight': 2, 'reg_lambda': np.float64(0.01), 'reg_alpha': np.float64(10.0), 'n_estimators': np.int64(200), 'max_depth': np.int64(13), 'learning_rate': np.float64(0.1388888888888889), 'gamma': np.float64(2.5), 'colsample_bytree': np.float64(1.0)}",0.813802767559993,0.8008407777193904,0.861446838325451,0.7250341997264023,0.7790697674418605,0.7960388701546195,0.04460141328931553,16
0.2560739994049072,0.008541914357124548,0.009986400604248047,0.0016769174379673917,0.7,5,0.001,0.1,700,7,0.1388888888888889,2.0,0.8,"{'subsample': np.float64(0.7), 'scale_pos_weight': 5, 'reg_lambda': np.float64(0.001), 'reg_alpha': np.float64(0.1), 'n_estimators': np.int64(700), 'max_depth': np.int64(7), 'learning_rate': np.float64(0.1388888888888889), 'gamma': np.float64(2.0), 'colsample_bytree': np.float64(0.8)}",0.7940094587493431,0.7859520056051847,0.8176563321071991,0.728454172366621,0.796863988724454,0.7845871915105604,0.02995278112388602,52
0.16542410850524902,0.0046107874185757885,0.011304855346679688,0.00256890327186991,0.5,10,0.1,0.01,400,11,0.23555555555555557,3.0,0.6,"{'subsample': np.float64(0.5), 'scale_pos_weight': 10, 'reg_lambda': np.float64(0.1), 'reg_alpha': np.float64(0.01), 'n_estimators': np.int64(400), 'max_depth': np.int64(11), 'learning_rate': np.float64(0.23555555555555557), 'gamma': np.float64(3.0), 'colsample_bytree': np.float64(0.6)}",0.7631809423716939,0.7822736030828517,0.7339288842179015,0.7340971272229823,0.7390768146582101,0.7505114743107278,0.01920683613173922,98
0.36988396644592286,0.0479138707246467,0.011508893966674805,0.0029085022487102207,0.8,10,10.0,1.0,900,5,0.20333333333333334,1.5,0.8,"{'subsample': np.float64(0.8), 'scale_pos_weight': 10, 'reg_lambda': np.float64(10.0), 'reg_alpha': np.float64(1.0), 'n_estimators': np.int64(900), 'max_depth': np.int64(5), 'learning_rate': np.float64(0.20333333333333334), 'gamma': np.float64(1.5), 'colsample_bytree': np.float64(0.8)}",0.8321947801716587,0.7693116132422492,0.8216850586792783,0.7416210670314637,0.8199436222692036,0.7969512282787707,0.03523604847521686,15
0.3927000045776367,0.031399368730659086,0.01217665672302246,0.0018357739293348816,0.7,2,0.001,0.01,900,13,0.042222222222222223,2.5,0.5,"{'subsample': np.float64(0.7), 'scale_pos_weight': 2, 'reg_lambda': np.float64(0.001), 'reg_alpha': np.float64(0.01), 'n_estimators': np.int64(900), 'max_depth': np.int64(13), 'learning_rate': np.float64(0.042222222222222223), 'gamma': np.float64(2.5), 'colsample_bytree': np.float64(0.5)}",0.8300928358731827,0.7610789980732177,0.813452443510247,0.7308481532147744,0.8019732205778718,0.7874891302498588,0.03634461061010986,44
0.30443587303161623,0.01312614200407539,0.012656164169311524,0.0011701448854819455,1.0,2,0.1,0.1,600,7,0.1711111111111111,0.0,0.6,"{'subsample': np.float64(1.0), 'scale_pos_weight': 2, 'reg_lambda': np.float64(0.1), 'reg_alpha': np.float64(0.1), 'n_estimators': np.int64(600), 'max_depth': np.int64(7), 'learning_rate': np.float64(0.1711111111111111), 'gamma': np.float64(0.0), 'colsample_bytree': np.float64(0.6)}",0.7931336486249781,0.743387633561044,0.8213347346295323,0.7142612859097127,0.8081395348837209,0.7760513675217976,0.04063735190889227,74
0.1611555576324463,0.005725873171038355,0.012052202224731445,0.0016097837332366114,0.8,2,0.1,0.1,400,3,0.1388888888888889,4.0,0.7,"{'subsample': np.float64(0.8), 'scale_pos_weight': 2, 'reg_lambda': np.float64(0.1), 'reg_alpha': np.float64(0.1), 'n_estimators': np.int64(400), 'max_depth': np.int64(3), 'learning_rate': np.float64(0.1388888888888889), 'gamma': np.float64(4.0), 'colsample_bytree': np.float64(0.7)}",0.8220353827290243,0.7475915221579962,0.8220353827290243,0.7202462380300957,0.7996828752642705,0.7823182801820823,0.04126817604789047,56
0.3005090236663818,0.01390910513888659,0.013694095611572265,0.0026117072749817505,1.0,2,0.01,0.1,900,9,0.3,4.0,1.0,"{'subsample': np.float64(1.0), 'scale_pos_weight': 2, 'reg_lambda': np.float64(0.01), 'reg_alpha': np.float64(0.1), 'n_estimators': np.int64(900), 'max_depth': np.int64(9), 'learning_rate': np.float64(0.3), 'gamma': np.float64(4.0), 'colsample_bytree': np.float64(1.0)}",0.7530215449290594,0.7524084778420039,0.8380627080049046,0.737859097127223,0.801092318534179,0.7764888292874741,0.037468672757626074,72
0.29511098861694335,0.013603735291253478,0.012193775177001953,0.0016375551420362967,0.8,10,0.001,0.1,600,7,0.042222222222222223,3.0,0.8,"{'subsample': np.float64(0.8), 'scale_pos_weight': 10, 'reg_lambda': np.float64(0.001), 'reg_alpha': np.float64(0.1), 'n_estimators': np.int64(600), 'max_depth': np.int64(7), 'learning_rate': np.float64(0.042222222222222223), 'gamma': np.float64(3.0), 'colsample_bytree': np.float64(0.8)}",0.7990891574706603,0.7589770537747416,0.8010159397442634,0.7436730506155952,0.7845313601127555,0.7774573123436032,0.02260921979070885,69
0.2618737697601318,0.022030071454508485,0.011360740661621094,0.0016022036299701025,0.6,5,10.0,0.01,500,3,0.01,4.5,0.9,"{'subsample': np.float64(0.6), 'scale_pos_weight': 5, 'reg_lambda': np.float64(10.0), 'reg_alpha': np.float64(0.01), 'n_estimators': np.int64(500), 'max_depth': np.int64(3), 'learning_rate': np.float64(0.01), 'gamma': np.float64(4.5), 'colsample_bytree': np.float64(0.9)}",0.8174811700823262,0.7819232790331057,0.8500613067087055,0.7419630642954855,0.7815362931642001,0.7945930226567646,0.03661013775959403,20
0.4143467903137207,0.00978954991223184,0.01452498435974121,0.0025021357475031496,0.6,5,0.001,0.001,1000,9,0.1388888888888889,1.0,1.0,"{'subsample': np.float64(0.6), 'scale_pos_weight': 5, 'reg_lambda': np.float64(0.001), 'reg_alpha': np.float64(0.001), 'n_estimators': np.int64(1000), 'max_depth': np.int64(9), 'learning_rate': np.float64(0.1388888888888889), 'gamma': np.float64(1.0), 'colsample_bytree': np.float64(1.0)}",0.7849010334559468,0.7927833245752322,0.793659134699597,0.7299931600547196,0.7951021846370684,0.7792877674845128,0.024900719359963037,63
0.5649856090545654,0.012158366111903537,0.018256950378417968,0.0010801484657999717,0.6,10,10.0,0.01,600,7,0.01,3.5,1.0,"{'subsample': np.float64(0.6), 'scale_pos_weight': 10, 'reg_lambda': np.float64(10.0), 'reg_alpha': np.float64(0.01), 'n_estimators': np.int64(600), 'max_depth': np.int64(7), 'learning_rate': np.float64(0.01), 'gamma': np.float64(3.5), 'colsample_bytree': np.float64(1.0)}",0.8183569802066912,0.7852513575056927,0.8427045016640393,0.7445280437756499,0.7982734319943622,0.797822863029287,0.032968454551573274,14
0.2872780799865723,0.01781364536797184,0.014250707626342774,0.0029613462771133324,0.6,5,1.0,0.1,700,7,0.20333333333333334,3.0,1.0,"{'subsample': np.float64(0.6), 'scale_pos_weight': 5, 'reg_lambda': np.float64(1.0), 'reg_alpha': np.float64(0.1), 'n_estimators': np.int64(700), 'max_depth': np.int64(7), 'learning_rate': np.float64(0.20333333333333334), 'gamma': np.float64(3.0), 'colsample_bytree': np.float64(1.0)}",0.8059204764407077,0.7757926081625504,0.8208092485549133,0.716484268125855,0.7729034531360114,0.7783820108840076,0.03585104668376514,66
0.22466754913330078,0.007679309492592728,0.012939643859863282,0.002821134461795981,0.5,5,0.01,0.001,400,9,0.23555555555555557,0.0,0.5,"{'subsample': np.float64(0.5), 'scale_pos_weight': 5, 'reg_lambda': np.float64(0.01), 'reg_alpha': np.float64(0.001), 'n_estimators': np.int64(400), 'max_depth': np.int64(9), 'learning_rate': np.float64(0.23555555555555557), 'gamma': np.float64(0.0), 'colsample_bytree': np.float64(0.5)}",0.7878787878787878,0.7693116132422491,0.8232615169031354,0.7067373461012312,0.7767794221282593,0.7727937372507325,0.03785766294620894,79
0.19216294288635255,0.005839858225553755,0.00988311767578125,0.0026731891600159856,0.7,5,0.1,0.1,500,9,0.3,4.5,0.5,"{'subsample': np.float64(0.7), 'scale_pos_weight': 5, 'reg_lambda': np.float64(0.1), 'reg_alpha': np.float64(0.1), 'n_estimators': np.int64(500), 'max_depth': np.int64(9), 'learning_rate': np.float64(0.3), 'gamma': np.float64(4.5), 'colsample_bytree': np.float64(0.5)}",0.8022420739183745,0.7183394640042039,0.7731651777894554,0.7093023255813954,0.7977448907681465,0.7601587864123152,0.03921254870456874,91
0.21952238082885742,0.009384679164984627,0.010460615158081055,0.002553806909538564,0.8,2,0.001,1.0,600,5,0.07444444444444444,4.5,0.6,"{'subsample': np.float64(0.8), 'scale_pos_weight': 2, 'reg_lambda': np.float64(0.001), 'reg_alpha': np.float64(1.0), 'n_estimators': np.int64(600), 'max_depth': np.int64(5), 'learning_rate': np.float64(0.07444444444444444), 'gamma': np.float64(4.5), 'colsample_bytree': np.float64(0.6)}",0.813452443510247,0.7724645296899633,0.8448064459625153,0.746922024623803,0.7864693446088795,0.7928229576790816,0.03373303539366499,26
0.16696887016296386,0.00828827361254719,0.011653566360473632,0.002610696472936704,1.0,2,0.001,0.1,500,13,0.3,4.0,0.9,"{'subsample': np.float64(1.0), 'scale_pos_weight': 2, 'reg_lambda': np.float64(0.001), 'reg_alpha': np.float64(0.1), 'n_estimators': np.int64(500), 'max_depth': np.int64(13), 'learning_rate': np.float64(0.3), 'gamma': np.float64(4.0), 'colsample_bytree': np.float64(0.9)}",0.7178139779295849,0.7777193904361536,0.8218602207041513,0.7128077975376197,0.7988900634249472,0.7658182900064914,0.04356742515818266,85
0.29123630523681643,0.005454911433543848,0.009855318069458007,0.0028716796032205692,0.6,1,10.0,10.0,900,7,0.2677777777777778,0.5,0.7,"{'subsample': np.float64(0.6), 'scale_pos_weight': 1, 'reg_lambda': np.float64(10.0), 'reg_alpha': np.float64(10.0), 'n_estimators': np.int64(900), 'max_depth': np.int64(7), 'learning_rate': np.float64(0.2677777777777778), 'gamma': np.float64(0.5), 'colsample_bytree': np.float64(0.7)}",0.8013662637940094,0.8034682080924855,0.8420038535645472,0.7488030095759233,0.7741367159971811,0.7939556102048293,0.031258876839429725,24
0.10994563102722169,0.004296063117455746,0.012425374984741212,0.002042883010372162,1.0,5,0.01,10.0,300,13,0.3,4.5,0.9,"{'subsample': np.float64(1.0), 'scale_pos_weight': 5, 'reg_lambda': np.float64(0.01), 'reg_alpha': np.float64(10.0), 'n_estimators': np.int64(300), 'max_depth': np.int64(13), 'learning_rate': np.float64(0.3), 'gamma': np.float64(4.5), 'colsample_bytree': np.float64(0.9)}",0.7618672271851463,0.7526712208793133,0.8063583815028902,0.7168262653898769,0.7435694150810429,0.7562585020076539,0.02922409458361037,95
0.17649078369140625,0.009871115462080261,0.012753486633300781,0.004309833547255756,0.8,10,10.0,0.1,200,7,0.042222222222222223,3.0,0.9,"{'subsample': np.float64(0.8), 'scale_pos_weight': 10, 'reg_lambda': np.float64(10.0), 'reg_alpha': np.float64(0.1), 'n_estimators': np.int64(200), 'max_depth': np.int64(7), 'learning_rate': np.float64(0.042222222222222223), 'gamma': np.float64(3.0), 'colsample_bytree': np.float64(0.9)}",0.8218602207041514,0.7763180942371695,0.8469083902609915,0.7393980848153214,0.7915785764622973,0.7952126732959862,0.03706216129765994,18
0.5384252548217774,0.009395939467828338,0.01612200736999512,0.004562016606077056,1.0,2,0.001,0.01,500,11,0.01,1.0,1.0,"{'subsample': np.float64(1.0), 'scale_pos_weight': 2, 'reg_lambda': np.float64(0.001), 'reg_alpha': np.float64(0.01), 'n_estimators': np.int64(500), 'max_depth': np.int64(11), 'learning_rate': np.float64(0.01), 'gamma': np.float64(1.0), 'colsample_bytree': np.float64(1.0)}",0.7544228411280435,0.7321772639691715,0.7982133473462952,0.7382010943912449,0.7829457364341086,0.7611920566537728,0.025534538835259146,89
0.24511618614196778,0.020427968405387204,0.02841982841491699,0.03941127788922657,1.0,1,0.1,1.0,700,3,0.1711111111111111,2.5,0.9,"{'subsample': np.float64(1.0), 'scale_pos_weight': 1, 'reg_lambda': np.float64(0.1), 'reg_alpha': np.float64(1.0), 'n_estimators': np.int64(700), 'max_depth': np.int64(3), 'learning_rate': np.float64(0.1711111111111111), 'gamma': np.float64(2.5), 'colsample_bytree': np.float64(0.9)}",0.7995270625328428,0.7616044841478368,0.8484848484848485,0.7183652530779754,0.740662438336857,0.7737288173160721,0.045955462724444444,78
0.3125419616699219,0.015347225976676763,0.00944662094116211,0.0010096094331614167,0.5,2,10.0,1.0,900,9,0.1388888888888889,4.0,0.5,"{'subsample': np.float64(0.5), 'scale_pos_weight': 2, 'reg_lambda': np.float64(10.0), 'reg_alpha': np.float64(1.0), 'n_estimators': np.int64(900), 'max_depth': np.int64(9), 'learning_rate': np.float64(0.1388888888888889), 'gamma': np.float64(4.0), 'colsample_bytree': np.float64(0.5)}",0.8581187598528639,0.8081975827640567,0.8784375547381327,0.7209302325581395,0.8389711064129669,0.8209310472652319,0.05509568433837592,1
0.4303642749786377,0.018414248809631384,0.010183095932006836,0.002928609023979935,1.0,10,10.0,0.01,1000,11,0.1388888888888889,4.0,0.7,"{'subsample': np.float64(1.0), 'scale_pos_weight': 10, 'reg_lambda': np.float64(10.0), 'reg_alpha': np.float64(0.01), 'n_estimators': np.int64(1000), 'max_depth': np.int64(11), 'learning_rate': np.float64(0.1388888888888889), 'gamma': np.float64(4.0), 'colsample_bytree': np.float64(0.7)}",0.8052198283412157,0.7568751094762655,0.8097740409879138,0.7354651162790699,0.7417195207892882,0.7698107231747506,0.031581443809856946,82
0.19209890365600585,0.06518552631551028,0.012887907028198243,0.0035769918887742637,0.6,5,1.0,0.001,200,11,0.1711111111111111,0.5,0.5,"{'subsample': np.float64(0.6), 'scale_pos_weight': 5, 'reg_lambda': np.float64(1.0), 'reg_alpha': np.float64(0.001), 'n_estimators': np.int64(200), 'max_depth': np.int64(11), 'learning_rate': np.float64(0.1711111111111111), 'gamma': np.float64(0.5), 'colsample_bytree': np.float64(0.5)}",0.8171308460325801,0.7799964967595026,0.835873182693992,0.7426470588235294,0.8555320648343904,0.8062359298287989,0.04039610685819908,5
0.30414795875549316,0.02742226845872009,0.010522603988647461,0.002930095596531449,0.5,2,0.01,1.0,900,13,0.3,3.5,0.5,"{'subsample': np.float64(0.5), 'scale_pos_weight': 2, 'reg_lambda': np.float64(0.01), 'reg_alpha': np.float64(1.0), 'n_estimators': np.int64(900), 'max_depth': np.int64(13), 'learning_rate': np.float64(0.3), 'gamma': np.float64(3.5), 'colsample_bytree': np.float64(0.5)}",0.8470835522858644,0.7551234892275355,0.8299176738483097,0.7169972640218878,0.7943974630021142,0.7887038884771422,0.04776748108586296,38
0.3449352264404297,0.018750862122221896,0.013868331909179688,0.004322886318062878,1.0,2,10.0,0.01,1000,7,0.042222222222222223,3.5,1.0,"{'subsample': np.float64(1.0), 'scale_pos_weight': 2, 'reg_lambda': np.float64(10.0), 'reg_alpha': np.float64(0.01), 'n_estimators': np.int64(1000), 'max_depth': np.int64(7), 'learning_rate': np.float64(0.042222222222222223), 'gamma': np.float64(3.5), 'colsample_bytree': np.float64(1.0)}",0.8017165878437555,0.7735155018392013,0.8276405675249606,0.7236662106703146,0.7665609584214236,0.7786199652599312,0.03500818120795877,65
0.3287169933319092,0.012915554297722311,0.011615514755249023,0.0018783249133763995,0.6,5,0.001,10.0,900,13,0.23555555555555557,1.0,0.5,"{'subsample': np.float64(0.6), 'scale_pos_weight': 5, 'reg_lambda': np.float64(0.001), 'reg_alpha': np.float64(10.0), 'n_estimators': np.int64(900), 'max_depth': np.int64(13), 'learning_rate': np.float64(0.23555555555555557), 'gamma': np.float64(1.0), 'colsample_bytree': np.float64(0.5)}",0.8488351725345945,0.791732352425994,0.8220353827290243,0.7503419972640218,0.8067300916138126,0.8039349993134894,0.032779799986507166,8
0.291458797454834,0.013044939925812769,0.012308073043823243,0.002499268206481721,1.0,10,10.0,10.0,900,9,0.2677777777777778,2.0,1.0,"{'subsample': np.float64(1.0), 'scale_pos_weight': 10, 'reg_lambda': np.float64(10.0), 'reg_alpha': np.float64(10.0), 'n_estimators': np.int64(900), 'max_depth': np.int64(9), 'learning_rate': np.float64(0.2677777777777778), 'gamma': np.float64(2.0), 'colsample_bytree': np.float64(1.0)}",0.7784200385356455,0.7566999474513926,0.8064459625153266,0.7325581395348838,0.742600422832981,0.7633449021740459,0.02648499476708135,87
0.1078157901763916,0.00344864630552262,0.011086320877075196,0.00299230299190794,0.5,5,0.001,0.001,200,9,0.10666666666666666,4.5,0.5,"{'subsample': np.float64(0.5), 'scale_pos_weight': 5, 'reg_lambda': np.float64(0.001), 'reg_alpha': np.float64(0.001), 'n_estimators': np.int64(200), 'max_depth': np.int64(9), 'learning_rate': np.float64(0.10666666666666666), 'gamma': np.float64(4.5), 'colsample_bytree': np.float64(0.5)}",0.8204589245051672,0.7754422841128044,0.8106498511122788,0.7628248974008208,0.8044397463002114,0.7947631406862565,0.02190727939899471,19
0.0915830135345459,0.0025370425650064602,0.009708738327026368,0.0013587129268546158,0.5,5,0.01,1.0,100,7,0.07444444444444444,3.0,1.0,"{'subsample': np.float64(0.5), 'scale_pos_weight': 5, 'reg_lambda': np.float64(0.01), 'reg_alpha': np.float64(1.0), 'n_estimators': np.int64(100), 'max_depth': np.int64(7), 'learning_rate': np.float64(0.07444444444444444), 'gamma': np.float64(3.0), 'colsample_bytree': np.float64(1.0)}",0.8039936941671045,0.7863023296549309,0.8118759852863899,0.7364911080711354,0.8113107822410148,0.789994779884115,0.028303377161054206,34
0.2747190952301025,0.012157915261566182,0.011108684539794921,0.0027160812813392904,0.7,5,0.01,0.001,800,3,0.1711111111111111,3.5,0.5,"{'subsample': np.float64(0.7), 'scale_pos_weight': 5, 'reg_lambda': np.float64(0.01), 'reg_alpha': np.float64(0.001), 'n_estimators': np.int64(800), 'max_depth': np.int64(3), 'learning_rate': np.float64(0.1711111111111111), 'gamma': np.float64(3.5), 'colsample_bytree': np.float64(0.5)}",0.8117008232615169,0.7530215449290594,0.794009458749343,0.740595075239398,0.7741367159971811,0.7746927236352997,0.025982049382418316,77
0.19453234672546388,0.008374050374943934,0.009664773941040039,0.002124235262144842,0.7,10,0.1,0.1,500,3,0.10666666666666666,3.5,0.5,"{'subsample': np.float64(0.7), 'scale_pos_weight': 10, 'reg_lambda': np.float64(0.1), 'reg_alpha': np.float64(0.1), 'n_estimators': np.int64(500), 'max_depth': np.int64(3), 'learning_rate': np.float64(0.10666666666666666), 'gamma': np.float64(3.5), 'colsample_bytree': np.float64(0.5)}",0.8053949903660886,0.768085479068138,0.8025923979681205,0.7373461012311903,0.7815362931642003,0.7789910523595476,0.024955573288705728,64
0.17639307975769042,0.008841245476339979,0.011712408065795899,0.0022556960391764812,0.8,5,0.01,0.1,500,3,0.23555555555555557,4.5,0.5,"{'subsample': np.float64(0.8), 'scale_pos_weight': 5, 'reg_lambda': np.float64(0.01), 'reg_alpha': np.float64(0.1), 'n_estimators': np.int64(500), 'max_depth': np.int64(3), 'learning_rate': np.float64(0.23555555555555557), 'gamma': np.float64(4.5), 'colsample_bytree': np.float64(0.5)}",0.8125766333858819,0.7577509196006306,0.8083727447889297,0.7373461012311902,0.7829457364341085,0.7797984270881482,0.028945122398631007,61
0.270723295211792,0.014377886954073561,0.010761117935180664,0.0022160303182647265,0.8,2,10.0,0.01,800,5,0.3,3.0,1.0,"{'subsample': np.float64(0.8), 'scale_pos_weight': 2, 'reg_lambda': np.float64(10.0), 'reg_alpha': np.float64(0.01), 'n_estimators': np.int64(800), 'max_depth': np.int64(5), 'learning_rate': np.float64(0.3), 'gamma': np.float64(3.0), 'colsample_bytree': np.float64(1.0)}",0.8439306358381503,0.7735155018392013,0.8385006130670871,0.743673050615595,0.8109584214235377,0.8021156445567144,0.03842930934095093,10
0.3033626079559326,0.013949357972613374,0.010373830795288086,0.0024854504076360306,0.7,2,0.1,0.001,900,3,0.1711111111111111,3.5,0.9,"{'subsample': np.float64(0.7), 'scale_pos_weight': 2, 'reg_lambda': np.float64(0.1), 'reg_alpha': np.float64(0.001), 'n_estimators': np.int64(900), 'max_depth': np.int64(3), 'learning_rate': np.float64(0.1711111111111111), 'gamma': np.float64(3.5), 'colsample_bytree': np.float64(0.9)}",0.8136276055351199,0.7850761954808197,0.8146785776843579,0.716484268125855,0.7825933756166316,0.7824920044885568,0.0356906450643231,55
0.3831686019897461,0.01696382684122375,0.014110898971557618,0.0031351173903740384,0.6,10,0.1,0.01,900,11,0.07444444444444444,5.0,1.0,"{'subsample': np.float64(0.6), 'scale_pos_weight': 10, 'reg_lambda': np.float64(0.1), 'reg_alpha': np.float64(0.01), 'n_estimators': np.int64(900), 'max_depth': np.int64(11), 'learning_rate': np.float64(0.07444444444444444), 'gamma': np.float64(5.0), 'colsample_bytree': np.float64(1.0)}",0.8253634612016115,0.771588719565598,0.8060956384655806,0.7334131326949385,0.792107117688513,0.7857136139232482,0.03150640309957895,48
0.08166270256042481,0.007312234456621425,0.01264047622680664,0.004654136420122088,0.6,10,0.001,0.01,100,9,0.10666666666666666,5.0,0.8,"{'subsample': np.float64(0.6), 'scale_pos_weight': 10, 'reg_lambda': np.float64(0.001), 'reg_alpha': np.float64(0.01), 'n_estimators': np.int64(100), 'max_depth': np.int64(9), 'learning_rate': np.float64(0.10666666666666666), 'gamma': np.float64(5.0), 'colsample_bytree': np.float64(0.8)}",0.7805219828341216,0.766509020844281,0.8388509371168331,0.7450410396716827,0.7545806906272023,0.7771007342188241,0.033081575748642886,70
0.3194571495056152,0.0036995199130608076,0.013340473175048828,0.003363293240711343,0.9,1,0.01,0.01,800,9,0.1711111111111111,4.0,0.7,"{'subsample': np.float64(0.9), 'scale_pos_weight': 1, 'reg_lambda': np.float64(0.01), 'reg_alpha': np.float64(0.01), 'n_estimators': np.int64(800), 'max_depth': np.int64(9), 'learning_rate': np.float64(0.1711111111111111), 'gamma': np.float64(4.0), 'colsample_bytree': np.float64(0.7)}",0.8085479068138028,0.7722893676650902,0.8111753371868979,0.7424760601915183,0.7660324171952078,0.7801042178105034,0.02626565668156675,60
0.10614733695983887,0.006221268836847716,0.015048027038574219,0.0043009345234863005,0.7,2,1.0,10.0,200,11,0.1711111111111111,1.5,0.5,"{'subsample': np.float64(0.7), 'scale_pos_weight': 2, 'reg_lambda': np.float64(1.0), 'reg_alpha': np.float64(10.0), 'n_estimators': np.int64(200), 'max_depth': np.int64(11), 'learning_rate': np.float64(0.1711111111111111), 'gamma': np.float64(1.5), 'colsample_bytree': np.float64(0.5)}",0.8166053599579611,0.7955859169732001,0.8507619548081976,0.7412790697674418,0.7744890768146582,0.7957442756642918,0.03709554438281804,17
0.30992884635925294,0.015649559897346395,0.013628149032592773,0.007635110958556148,0.9,10,0.001,0.01,700,13,0.1388888888888889,4.0,1.0,"{'subsample': np.float64(0.9), 'scale_pos_weight': 10, 'reg_lambda': np.float64(0.001), 'reg_alpha': np.float64(0.01), 'n_estimators': np.int64(700), 'max_depth': np.int64(13), 'learning_rate': np.float64(0.1388888888888889), 'gamma': np.float64(4.0), 'colsample_bytree': np.float64(1.0)}",0.7495183044315993,0.7353301804168856,0.7581012436503766,0.755984952120383,0.7688513037350246,0.7535571968708539,0.011036202629599375,96
0.11304078102111817,0.0043972426876950025,0.013560628890991211,0.0049653684497045995,0.9,1,1.0,1.0,200,11,0.10666666666666666,1.5,0.6,"{'subsample': np.float64(0.9), 'scale_pos_weight': 1, 'reg_lambda': np.float64(1.0), 'reg_alpha': np.float64(1.0), 'n_estimators': np.int64(200), 'max_depth': np.int64(11), 'learning_rate': np.float64(0.10666666666666666), 'gamma': np.float64(1.5), 'colsample_bytree': np.float64(0.6)}",0.8034682080924854,0.7749167980381854,0.8465580662112454,0.7205882352941176,0.8047921071176884,0.7900646829507445,0.041580016972926695,33
0.31088757514953613,0.004632555067088227,0.009321212768554688,0.001781785191076446,0.7,2,0.001,10.0,800,9,0.1711111111111111,3.0,0.9,"{'subsample': np.float64(0.7), 'scale_pos_weight': 2, 'reg_lambda': np.float64(0.001), 'reg_alpha': np.float64(10.0), 'n_estimators': np.int64(800), 'max_depth': np.int64(9), 'learning_rate': np.float64(0.1711111111111111), 'gamma': np.float64(3.0), 'colsample_bytree': np.float64(0.9)}",0.8038185321422315,0.7738658258889473,0.8660010509721493,0.7308481532147743,0.7892882311486963,0.7927643586733597,0.04401968276193843,27
0.15776481628417968,0.016594870793360268,0.010472393035888672,0.0013444090088333244,0.5,1,0.01,1.0,200,7,0.042222222222222223,0.0,0.5,"{'subsample': np.float64(0.5), 'scale_pos_weight': 1, 'reg_lambda': np.float64(0.01), 'reg_alpha': np.float64(1.0), 'n_estimators': np.int64(200), 'max_depth': np.int64(7), 'learning_rate': np.float64(0.042222222222222223), 'gamma': np.float64(0.0), 'colsample_bytree': np.float64(0.5)}",0.8353476966193729,0.7792958486600103,0.836573830793484,0.7219562243502052,0.7995066948555322,0.7945360590557209,0.04232627470577356,21
