mean_fit_time,std_fit_time,mean_score_time,std_score_time,param_n_estimators,param_min_samples_split,param_min_samples_leaf,param_max_features,param_max_depth,param_criterion,param_class_weight,param_bootstrap,params,split0_test_score,split1_test_score,split2_test_score,split3_test_score,split4_test_score,mean_test_score,std_test_score,rank_test_score
0.002302885055541992,0.000941911092663593,0.0,0.0,900,2,11,auto,10,gini,balanced_subsample,True,"{'n_estimators': np.int64(900), 'min_samples_split': np.int64(2), 'min_samples_leaf': np.int64(11), 'max_features': 'auto', 'max_depth': np.int64(10), 'criterion': 'gini', 'class_weight': 'balanced_subsample', 'bootstrap': True}",,,,,,,,66
2.3759906768798826,0.05643316352539116,0.07706499099731445,0.004278460955762484,800,16,3,sqrt,100,gini,balanced_subsample,True,"{'n_estimators': np.int64(800), 'min_samples_split': np.int64(16), 'min_samples_leaf': np.int64(3), 'max_features': 'sqrt', 'max_depth': np.int64(100), 'criterion': 'gini', 'class_weight': 'balanced_subsample', 'bootstrap': True}",0.8176563321071992,0.7756174461376774,0.8306183219478017,0.7351231190150479,0.7751937984496124,0.7868418035314677,0.03406582828994366,25
0.8127953052520752,0.14630879160898852,0.031741905212402347,0.007003513933312351,300,18,11,log2,40,gini,balanced_subsample,True,"{'n_estimators': np.int64(300), 'min_samples_split': np.int64(18), 'min_samples_leaf': np.int64(11), 'max_features': 'log2', 'max_depth': np.int64(40), 'criterion': 'gini', 'class_weight': 'balanced_subsample', 'bootstrap': True}",0.8194079523559292,0.7892800840777721,0.8320196181467858,0.7190492476060191,0.7686751233262861,0.7856864051025585,0.04006674026079562,33
1.6947010040283204,0.08488788292648873,0.08739523887634278,0.008098487424473784,900,14,19,log2,70,gini,balanced,False,"{'n_estimators': np.int64(900), 'min_samples_split': np.int64(14), 'min_samples_leaf': np.int64(19), 'max_features': 'log2', 'max_depth': np.int64(70), 'criterion': 'gini', 'class_weight': 'balanced', 'bootstrap': False}",0.8080224207391837,0.788053949903661,0.8260641093011035,0.7187072503419972,0.7727272727272727,0.7827150006026435,0.03672835939733443,52
2.7029621601104736,0.04050975797451701,0.0927286148071289,0.006896416151252182,1000,18,3,sqrt,,gini,balanced_subsample,True,"{'n_estimators': np.int64(1000), 'min_samples_split': np.int64(18), 'min_samples_leaf': np.int64(3), 'max_features': 'sqrt', 'max_depth': None, 'criterion': 'gini', 'class_weight': 'balanced_subsample', 'bootstrap': True}",0.8136276055351199,0.7801716587843756,0.8342967244701348,0.7387140902872776,0.7764270613107822,0.788647428077538,0.03293138860981305,11
1.6954113960266113,0.042899961429772766,0.07748751640319824,0.011295134359446223,900,4,11,log2,70,entropy,balanced,True,"{'n_estimators': np.int64(900), 'min_samples_split': np.int64(4), 'min_samples_leaf': np.int64(11), 'max_features': 'log2', 'max_depth': np.int64(70), 'criterion': 'entropy', 'class_weight': 'balanced', 'bootstrap': True}",0.8173060080574531,0.787178139779296,0.8337712383955159,0.7188782489740082,0.7677942212825934,0.7849855712977734,0.04023724613642686,37
0.4764708518981934,0.008268531041515783,0.03518319129943848,0.0054946479411580405,300,18,19,log2,100,gini,,False,"{'n_estimators': np.int64(300), 'min_samples_split': np.int64(18), 'min_samples_leaf': np.int64(19), 'max_features': 'log2', 'max_depth': np.int64(100), 'criterion': 'gini', 'class_weight': None, 'bootstrap': False}",0.8110001751620249,0.7945349448239623,0.8341215624452619,0.7222982216142271,0.7727272727272727,0.7869364353545498,0.03806109855575197,24
0.0018164157867431641,0.0006946311550182413,0.0,0.0,700,16,19,auto,90,entropy,,True,"{'n_estimators': np.int64(700), 'min_samples_split': np.int64(16), 'min_samples_leaf': np.int64(19), 'max_features': 'auto', 'max_depth': np.int64(90), 'criterion': 'entropy', 'class_weight': None, 'bootstrap': True}",,,,,,,,66
1.8469840049743653,0.024784589807130348,0.07447032928466797,0.008927830036634334,800,18,11,log2,60,gini,balanced_subsample,True,"{'n_estimators': np.int64(800), 'min_samples_split': np.int64(18), 'min_samples_leaf': np.int64(11), 'max_features': 'log2', 'max_depth': np.int64(60), 'criterion': 'gini', 'class_weight': 'balanced_subsample', 'bootstrap': True}",0.8127517954107549,0.7857768435803119,0.8314941320721668,0.7149452804377565,0.769908386187456,0.7829752875376892,0.04011830801329769,50
1.8840791702270507,0.06257384530149827,0.08382191658020019,0.0031952258649362232,900,4,5,sqrt,100,gini,balanced,True,"{'n_estimators': np.int64(900), 'min_samples_split': np.int64(4), 'min_samples_leaf': np.int64(5), 'max_features': 'sqrt', 'max_depth': np.int64(100), 'criterion': 'gini', 'class_weight': 'balanced', 'bootstrap': True}",0.8106498511122788,0.7794710106848836,0.8344718864950079,0.7344391244870041,0.7841789992952785,0.7886421744148905,0.03354609110092887,13
0.9527238368988037,0.02418711109807414,0.03511090278625488,0.003695247609719878,400,14,13,log2,90,entropy,balanced_subsample,True,"{'n_estimators': np.int64(400), 'min_samples_split': np.int64(14), 'min_samples_leaf': np.int64(13), 'max_features': 'log2', 'max_depth': np.int64(90), 'criterion': 'entropy', 'class_weight': 'balanced_subsample', 'bootstrap': True}",0.8101243650376598,0.7817481170082327,0.8304431599229287,0.728625170998632,0.7646229739252997,0.7831127573785507,0.03544693317718764,45
0.9889581680297852,0.03522334809291186,0.053394222259521486,0.005813204451664792,600,18,11,log2,40,gini,,False,"{'n_estimators': np.int64(600), 'min_samples_split': np.int64(18), 'min_samples_leaf': np.int64(11), 'max_features': 'log2', 'max_depth': np.int64(40), 'criterion': 'gini', 'class_weight': None, 'bootstrap': False}",0.8204589245051672,0.7845507094062006,0.8262392713259765,0.7258891928864569,0.7776603241719521,0.7869596844591507,0.03601935932683,22
0.0015161991119384765,0.0005531550805058111,0.0,0.0,800,14,1,auto,40,entropy,balanced,False,"{'n_estimators': np.int64(800), 'min_samples_split': np.int64(14), 'min_samples_leaf': np.int64(1), 'max_features': 'auto', 'max_depth': np.int64(40), 'criterion': 'entropy', 'class_weight': 'balanced', 'bootstrap': False}",,,,,,,,66
0.002041006088256836,0.00034772999856213014,0.0,0.0,100,12,13,auto,40,entropy,,True,"{'n_estimators': np.int64(100), 'min_samples_split': np.int64(12), 'min_samples_leaf': np.int64(13), 'max_features': 'auto', 'max_depth': np.int64(40), 'criterion': 'entropy', 'class_weight': None, 'bootstrap': True}",,,,,,,,66
1.0318675994873048,0.04760014435880458,0.051605224609375,0.0040723334014475185,600,12,19,log2,,entropy,balanced_subsample,False,"{'n_estimators': np.int64(600), 'min_samples_split': np.int64(12), 'min_samples_leaf': np.int64(19), 'max_features': 'log2', 'max_depth': None, 'criterion': 'entropy', 'class_weight': 'balanced_subsample', 'bootstrap': False}",0.8101243650376598,0.7896304081275181,0.8306183219478017,0.7229822161422708,0.7713178294573644,0.7849346281425229,0.03678883426609029,38
0.0018243789672851562,0.0004381855622739886,0.0,0.0,100,6,1,auto,20,gini,balanced,True,"{'n_estimators': np.int64(100), 'min_samples_split': np.int64(6), 'min_samples_leaf': np.int64(1), 'max_features': 'auto', 'max_depth': np.int64(20), 'criterion': 'gini', 'class_weight': 'balanced', 'bootstrap': True}",,,,,,,,66
0.9551411151885987,0.021127053772674324,0.03859524726867676,0.0031950107460919394,400,6,3,sqrt,90,gini,balanced,False,"{'n_estimators': np.int64(400), 'min_samples_split': np.int64(6), 'min_samples_leaf': np.int64(3), 'max_features': 'sqrt', 'max_depth': np.int64(90), 'criterion': 'gini', 'class_weight': 'balanced', 'bootstrap': False}",0.8178314941320722,0.7658083727447889,0.8260641093011035,0.7282831737346102,0.776955602536998,0.7829885504899146,0.03575966359697274,48
0.0023811817169189452,0.0011523563455165056,0.0,0.0,1000,8,13,auto,90,gini,balanced_subsample,False,"{'n_estimators': np.int64(1000), 'min_samples_split': np.int64(8), 'min_samples_leaf': np.int64(13), 'max_features': 'auto', 'max_depth': np.int64(90), 'criterion': 'gini', 'class_weight': 'balanced_subsample', 'bootstrap': False}",,,,,,,,66
1.3265428066253662,0.04656176273307427,0.06764349937438965,0.004906608480307595,800,16,11,log2,50,gini,,False,"{'n_estimators': np.int64(800), 'min_samples_split': np.int64(16), 'min_samples_leaf': np.int64(11), 'max_features': 'log2', 'max_depth': np.int64(50), 'criterion': 'gini', 'class_weight': None, 'bootstrap': False}",0.8192327903310562,0.7842003853564548,0.8293921877736906,0.7241792065663475,0.7769556025369978,0.7867920345129094,0.03712415375123675,27
0.0017180442810058594,0.0003043089790437599,0.0,0.0,1000,2,9,auto,,entropy,balanced_subsample,False,"{'n_estimators': np.int64(1000), 'min_samples_split': np.int64(2), 'min_samples_leaf': np.int64(9), 'max_features': 'auto', 'max_depth': None, 'criterion': 'entropy', 'class_weight': 'balanced_subsample', 'bootstrap': False}",,,,,,,,66
1.8855220317840575,0.053186502466556596,0.0852123737335205,0.0036232643791597706,1000,16,15,sqrt,50,gini,balanced,False,"{'n_estimators': np.int64(1000), 'min_samples_split': np.int64(16), 'min_samples_leaf': np.int64(15), 'max_features': 'sqrt', 'max_depth': np.int64(50), 'criterion': 'gini', 'class_weight': 'balanced', 'bootstrap': False}",0.8120511473112629,0.7833245752320896,0.8276405675249606,0.7188782489740082,0.7790697674418605,0.7841928612968363,0.03730090044587515,41
0.37425479888916013,0.016470272385861517,0.0226442813873291,0.002250070628104423,200,12,3,log2,70,gini,,False,"{'n_estimators': np.int64(200), 'min_samples_split': np.int64(12), 'min_samples_leaf': np.int64(3), 'max_features': 'log2', 'max_depth': np.int64(70), 'criterion': 'gini', 'class_weight': None, 'bootstrap': False}",0.8248379751269925,0.7808723068838677,0.8300928358731827,0.731532147742818,0.7795983086680761,0.7893867148589874,0.03585872032779906,5
0.001894664764404297,8.489032705248149e-05,0.0,0.0,600,14,3,auto,,entropy,balanced,False,"{'n_estimators': np.int64(600), 'min_samples_split': np.int64(14), 'min_samples_leaf': np.int64(3), 'max_features': 'auto', 'max_depth': None, 'criterion': 'entropy', 'class_weight': 'balanced', 'bootstrap': False}",,,,,,,,66
0.0018931388854980468,8.866127578925894e-05,0.0,0.0,600,8,17,auto,50,entropy,balanced,True,"{'n_estimators': np.int64(600), 'min_samples_split': np.int64(8), 'min_samples_leaf': np.int64(17), 'max_features': 'auto', 'max_depth': np.int64(50), 'criterion': 'entropy', 'class_weight': 'balanced', 'bootstrap': True}",,,,,,,,66
0.0020666122436523438,0.00033353642941951866,0.0,0.0,700,18,19,auto,100,entropy,,False,"{'n_estimators': np.int64(700), 'min_samples_split': np.int64(18), 'min_samples_leaf': np.int64(19), 'max_features': 'auto', 'max_depth': np.int64(100), 'criterion': 'entropy', 'class_weight': None, 'bootstrap': False}",,,,,,,,66
0.001859140396118164,7.340588629284748e-05,0.0,0.0,700,14,19,auto,20,entropy,,False,"{'n_estimators': np.int64(700), 'min_samples_split': np.int64(14), 'min_samples_leaf': np.int64(19), 'max_features': 'auto', 'max_depth': np.int64(20), 'criterion': 'entropy', 'class_weight': None, 'bootstrap': False}",,,,,,,,66
2.193141508102417,0.037623296578728795,0.1035944938659668,0.010615315105477923,1000,2,7,sqrt,20,gini,,False,"{'n_estimators': np.int64(1000), 'min_samples_split': np.int64(2), 'min_samples_leaf': np.int64(7), 'max_features': 'sqrt', 'max_depth': np.int64(20), 'criterion': 'gini', 'class_weight': None, 'bootstrap': False}",0.81362760553512,0.7724645296899633,0.836223506743738,0.7303351573187413,0.7758985200845665,0.7857098638744258,0.03652146734760461,32
2.335927438735962,0.15886214034818286,0.0987253189086914,0.004787616199497194,1000,10,1,log2,70,entropy,balanced_subsample,False,"{'n_estimators': np.int64(1000), 'min_samples_split': np.int64(10), 'min_samples_leaf': np.int64(1), 'max_features': 'log2', 'max_depth': np.int64(70), 'criterion': 'entropy', 'class_weight': 'balanced_subsample', 'bootstrap': False}",0.813977929584866,0.7582764056752496,0.8250131371518655,0.728625170998632,0.7785412262156449,0.7808867739252516,0.03546876372645174,56
1.1095035552978516,0.037874997292180766,0.053276586532592776,0.004649197188026343,600,10,11,log2,70,gini,balanced,False,"{'n_estimators': np.int64(600), 'min_samples_split': np.int64(10), 'min_samples_leaf': np.int64(11), 'max_features': 'log2', 'max_depth': np.int64(70), 'criterion': 'gini', 'class_weight': 'balanced', 'bootstrap': False}",0.8183569802066911,0.7831494132072168,0.8295673497985636,0.7279411764705881,0.7751937984496124,0.7868417436265344,0.035881115650249026,26
0.0016806602478027343,0.0006660658910178848,0.0,0.0,100,10,3,auto,30,entropy,balanced_subsample,True,"{'n_estimators': np.int64(100), 'min_samples_split': np.int64(10), 'min_samples_leaf': np.int64(3), 'max_features': 'auto', 'max_depth': np.int64(30), 'criterion': 'entropy', 'class_weight': 'balanced_subsample', 'bootstrap': True}",,,,,,,,66
0.7571880340576171,0.04248731652003628,0.03460392951965332,0.005805255110745761,300,8,3,sqrt,70,entropy,balanced_subsample,False,"{'n_estimators': np.int64(300), 'min_samples_split': np.int64(8), 'min_samples_leaf': np.int64(3), 'max_features': 'sqrt', 'max_depth': np.int64(70), 'criterion': 'entropy', 'class_weight': 'balanced_subsample', 'bootstrap': False}",0.7978630232965493,0.7642319145209319,0.8178314941320721,0.734610123119015,0.7840028188865398,0.7797078747910217,0.02854743023760313,61
1.095984983444214,0.03513619517798777,0.04205055236816406,0.003946331866086628,400,4,3,sqrt,,entropy,balanced_subsample,True,"{'n_estimators': np.int64(400), 'min_samples_split': np.int64(4), 'min_samples_leaf': np.int64(3), 'max_features': 'sqrt', 'max_depth': None, 'criterion': 'entropy', 'class_weight': 'balanced_subsample', 'bootstrap': True}",0.8295673497985637,0.7773690663864075,0.8349973725696268,0.7265731874145007,0.7813601127554617,0.789973417784912,0.03961687485273486,4
1.0621161460876465,0.024211577975983542,0.03631443977355957,0.005914685843029652,400,6,1,sqrt,40,gini,balanced_subsample,True,"{'n_estimators': np.int64(400), 'min_samples_split': np.int64(6), 'min_samples_leaf': np.int64(1), 'max_features': 'sqrt', 'max_depth': np.int64(40), 'criterion': 'gini', 'class_weight': 'balanced_subsample', 'bootstrap': True}",0.8053949903660885,0.7708880714661062,0.8281660535995796,0.7368331053351573,0.7736081747709656,0.7829780791075793,0.031329835446638504,49
0.0016560554504394531,0.00027779298565700807,0.0,0.0,800,10,1,auto,10,gini,,True,"{'n_estimators': np.int64(800), 'min_samples_split': np.int64(10), 'min_samples_leaf': np.int64(1), 'max_features': 'auto', 'max_depth': np.int64(10), 'criterion': 'gini', 'class_weight': None, 'bootstrap': True}",,,,,,,,66
1.349870204925537,0.03590052035679506,0.05144667625427246,0.001976659034754691,600,4,13,log2,10,gini,balanced_subsample,True,"{'n_estimators': np.int64(600), 'min_samples_split': np.int64(4), 'min_samples_leaf': np.int64(13), 'max_features': 'log2', 'max_depth': np.int64(10), 'criterion': 'gini', 'class_weight': 'balanced_subsample', 'bootstrap': True}",0.8078472587143107,0.7829742511823438,0.8402522333158171,0.725376196990424,0.766032417195208,0.7844964714796208,0.03871023005187017,40
1.3145580291748047,0.023482814530734544,0.05776634216308594,0.006374199153338302,600,6,1,sqrt,20,gini,balanced,True,"{'n_estimators': np.int64(600), 'min_samples_split': np.int64(6), 'min_samples_leaf': np.int64(1), 'max_features': 'sqrt', 'max_depth': np.int64(20), 'criterion': 'gini', 'class_weight': 'balanced', 'bootstrap': True}",0.8078472587143107,0.7607286740234718,0.8187073042564373,0.7402530779753762,0.7901691331923891,0.7835410896323971,0.029208360881735576,43
0.0017951011657714843,0.00036947456967990883,0.0,0.0,200,6,9,auto,40,gini,balanced_subsample,True,"{'n_estimators': np.int64(200), 'min_samples_split': np.int64(6), 'min_samples_leaf': np.int64(9), 'max_features': 'auto', 'max_depth': np.int64(40), 'criterion': 'gini', 'class_weight': 'balanced_subsample', 'bootstrap': True}",,,,,,,,66
1.0826757907867433,0.027034560407680003,0.04882822036743164,0.00326929223923064,500,12,1,sqrt,90,gini,balanced,True,"{'n_estimators': np.int64(500), 'min_samples_split': np.int64(12), 'min_samples_leaf': np.int64(1), 'max_features': 'sqrt', 'max_depth': np.int64(90), 'criterion': 'gini', 'class_weight': 'balanced', 'bootstrap': True}",0.8159047118584691,0.7794710106848836,0.8311438080224208,0.7356361149110807,0.7803030303030304,0.7884917351559768,0.033204865788376725,15
1.08147234916687,0.022444114022521583,0.05598626136779785,0.006193704651365046,600,6,19,log2,20,gini,balanced,True,"{'n_estimators': np.int64(600), 'min_samples_split': np.int64(6), 'min_samples_leaf': np.int64(19), 'max_features': 'log2', 'max_depth': np.int64(20), 'criterion': 'gini', 'class_weight': 'balanced', 'bootstrap': True}",0.8160798738833421,0.7934839726747241,0.8344718864950078,0.722640218878249,0.766032417195208,0.7865416738253062,0.03929893539121897,28
0.002620077133178711,0.0014602151027726627,0.0,0.0,100,16,9,auto,80,gini,balanced_subsample,False,"{'n_estimators': np.int64(100), 'min_samples_split': np.int64(16), 'min_samples_leaf': np.int64(9), 'max_features': 'auto', 'max_depth': np.int64(80), 'criterion': 'gini', 'class_weight': 'balanced_subsample', 'bootstrap': False}",,,,,,,,66
1.7268525600433349,0.0757835531514116,0.10592479705810547,0.06389962314950116,800,18,9,log2,,entropy,balanced_subsample,False,"{'n_estimators': np.int64(800), 'min_samples_split': np.int64(18), 'min_samples_leaf': np.int64(9), 'max_features': 'log2', 'max_depth': None, 'criterion': 'entropy', 'class_weight': 'balanced_subsample', 'bootstrap': False}",0.813102119460501,0.7789455246102647,0.8306183219478017,0.7245212038303693,0.773431994362227,0.7841238328422326,0.0365925737927028,42
0.4632297992706299,0.03407325140020839,0.0207305908203125,0.003773094811396545,200,12,1,log2,,entropy,,True,"{'n_estimators': np.int64(200), 'min_samples_split': np.int64(12), 'min_samples_leaf': np.int64(1), 'max_features': 'log2', 'max_depth': None, 'criterion': 'entropy', 'class_weight': None, 'bootstrap': True}",0.7996146435452793,0.7717638815904713,0.8223857067787704,0.741279069767442,0.7803030303030304,0.7830692663969987,0.027208146983433136,47
0.0014999866485595702,0.0006670634273744043,0.0,0.0,900,6,19,auto,20,entropy,balanced,False,"{'n_estimators': np.int64(900), 'min_samples_split': np.int64(6), 'min_samples_leaf': np.int64(19), 'max_features': 'auto', 'max_depth': np.int64(20), 'criterion': 'entropy', 'class_weight': 'balanced', 'bootstrap': False}",,,,,,,,66
1.6813359260559082,0.054447379342081895,0.06389431953430176,0.005976790194186319,700,8,1,log2,10,entropy,balanced_subsample,False,"{'n_estimators': np.int64(700), 'min_samples_split': np.int64(8), 'min_samples_leaf': np.int64(1), 'max_features': 'log2', 'max_depth': np.int64(10), 'criterion': 'entropy', 'class_weight': 'balanced_subsample', 'bootstrap': False}",0.8043440182168506,0.7677351550183921,0.8162550359082151,0.7240082079343365,0.7603946441155743,0.7745474122386737,0.03294930186111947,63
0.20833950042724608,0.03997991359498892,0.01379694938659668,0.0039434263022585835,100,6,7,sqrt,10,gini,,True,"{'n_estimators': np.int64(100), 'min_samples_split': np.int64(6), 'min_samples_leaf': np.int64(7), 'max_features': 'sqrt', 'max_depth': np.int64(10), 'criterion': 'gini', 'class_weight': None, 'bootstrap': True}",0.8197582764056752,0.7689612891925031,0.8353476966193729,0.7364911080711354,0.7799506694855532,0.788101807954848,0.03558306015452536,16
1.482215690612793,0.0550620542498198,0.06253161430358886,0.006534295388860634,700,6,5,sqrt,40,entropy,,True,"{'n_estimators': np.int64(700), 'min_samples_split': np.int64(6), 'min_samples_leaf': np.int64(5), 'max_features': 'sqrt', 'max_depth': np.int64(40), 'criterion': 'entropy', 'class_weight': None, 'bootstrap': True}",0.8192327903310562,0.7768435803117885,0.8420038535645473,0.7323871409028728,0.7841789992952785,0.7909292728811087,0.03763205026895748,1
0.0018011569976806641,0.0007157233553400047,0.0,0.0,100,16,7,auto,70,gini,balanced,False,"{'n_estimators': np.int64(100), 'min_samples_split': np.int64(16), 'min_samples_leaf': np.int64(7), 'max_features': 'auto', 'max_depth': np.int64(70), 'criterion': 'gini', 'class_weight': 'balanced', 'bootstrap': False}",,,,,,,,66
1.8110233783721923,0.06520448300175127,0.07887125015258789,0.007147890191064936,800,16,5,sqrt,80,entropy,balanced_subsample,False,"{'n_estimators': np.int64(800), 'min_samples_split': np.int64(16), 'min_samples_leaf': np.int64(5), 'max_features': 'sqrt', 'max_depth': np.int64(80), 'criterion': 'entropy', 'class_weight': 'balanced_subsample', 'bootstrap': False}",0.8117008232615168,0.7778945524610263,0.8187073042564372,0.7340971272229823,0.7730796335447498,0.7830958881493425,0.030379839010401394,46
2.6650838375091555,0.08956613179189123,0.12392678260803222,0.03032176849750636,1000,8,9,sqrt,80,gini,balanced_subsample,True,"{'n_estimators': np.int64(1000), 'min_samples_split': np.int64(8), 'min_samples_leaf': np.int64(9), 'max_features': 'sqrt', 'max_depth': np.int64(80), 'criterion': 'gini', 'class_weight': 'balanced_subsample', 'bootstrap': True}",0.8197582764056753,0.7857768435803117,0.836748992818357,0.7258891928864569,0.7767794221282593,0.7889905455638121,0.038389432585104744,7
1.9637188911437988,0.13248296261979498,0.06789612770080566,0.005847958307612632,700,8,1,sqrt,10,entropy,balanced,False,"{'n_estimators': np.int64(700), 'min_samples_split': np.int64(8), 'min_samples_leaf': np.int64(1), 'max_features': 'sqrt', 'max_depth': np.int64(10), 'criterion': 'entropy', 'class_weight': 'balanced', 'bootstrap': False}",0.7962865650726922,0.7600280259239797,0.8118759852863898,0.72828317373461,0.7725510923185341,0.7738049684672412,0.029046289451461975,65
0.39223423004150393,0.02306322369155941,0.024230241775512695,0.0029150490442329045,200,18,11,log2,,gini,balanced,False,"{'n_estimators': np.int64(200), 'min_samples_split': np.int64(18), 'min_samples_leaf': np.int64(11), 'max_features': 'log2', 'max_depth': None, 'criterion': 'gini', 'class_weight': 'balanced', 'bootstrap': False}",0.8108250131371519,0.7822736030828517,0.8321947801716588,0.7284541723666211,0.773784355179704,0.7855063847875975,0.03528073412741969,34
2.1278542995452883,0.06785777314163521,0.10129504203796387,0.01747516064434224,1000,10,5,log2,,gini,balanced,False,"{'n_estimators': np.int64(1000), 'min_samples_split': np.int64(10), 'min_samples_leaf': np.int64(5), 'max_features': 'log2', 'max_depth': None, 'criterion': 'gini', 'class_weight': 'balanced', 'bootstrap': False}",0.8160798738833421,0.7773690663864075,0.8355228586442459,0.7279411764705882,0.7780126849894292,0.7869851320748026,0.037044775936294766,20
0.33417525291442873,0.029841609166682055,0.024293851852416993,0.00628793570058104,200,6,17,log2,90,gini,,False,"{'n_estimators': np.int64(200), 'min_samples_split': np.int64(6), 'min_samples_leaf': np.int64(17), 'max_features': 'log2', 'max_depth': np.int64(90), 'criterion': 'gini', 'class_weight': None, 'bootstrap': False}",0.8192327903310562,0.7850761954808196,0.8309686459975477,0.7243502051983584,0.7700845665961945,0.7859424807207953,0.037898370856828276,29
1.0680790901184083,0.03189568077917953,0.04364700317382812,0.015278674452201142,400,4,9,sqrt,90,entropy,balanced_subsample,True,"{'n_estimators': np.int64(400), 'min_samples_split': np.int64(4), 'min_samples_leaf': np.int64(9), 'max_features': 'sqrt', 'max_depth': np.int64(90), 'criterion': 'entropy', 'class_weight': 'balanced_subsample', 'bootstrap': True}",0.8139779295848659,0.7866526537046769,0.8423541776142932,0.7260601915184678,0.7688513037350246,0.7875792512314657,0.039581238200511015,18
0.8460672855377197,0.034473089460020395,0.044351816177368164,0.004304836223364253,500,18,13,log2,100,gini,,False,"{'n_estimators': np.int64(500), 'min_samples_split': np.int64(18), 'min_samples_leaf': np.int64(13), 'max_features': 'log2', 'max_depth': np.int64(100), 'criterion': 'gini', 'class_weight': None, 'bootstrap': False}",0.8166053599579611,0.790155894202137,0.8335960763706428,0.7262311901504787,0.7780126849894292,0.7889202411341298,0.03691291045462224,8
0.0019240856170654296,0.00011767432952169392,0.0,0.0,900,4,15,auto,30,gini,balanced,True,"{'n_estimators': np.int64(900), 'min_samples_split': np.int64(4), 'min_samples_leaf': np.int64(15), 'max_features': 'auto', 'max_depth': np.int64(30), 'criterion': 'gini', 'class_weight': 'balanced', 'bootstrap': True}",,,,,,,,66
0.38367376327514646,0.007706267094369282,0.019326210021972656,0.003952831862586316,200,18,17,sqrt,50,gini,balanced,False,"{'n_estimators': np.int64(200), 'min_samples_split': np.int64(18), 'min_samples_leaf': np.int64(17), 'max_features': 'sqrt', 'max_depth': np.int64(50), 'criterion': 'gini', 'class_weight': 'balanced', 'bootstrap': False}",0.8183569802066912,0.7806971448589946,0.814153091609739,0.7211012311901505,0.7674418604651163,0.7803500616661384,0.03539586622213777,58
0.0023482799530029296,0.0004883656810615369,0.0,0.0,400,10,1,auto,20,gini,balanced_subsample,True,"{'n_estimators': np.int64(400), 'min_samples_split': np.int64(10), 'min_samples_leaf': np.int64(1), 'max_features': 'auto', 'max_depth': np.int64(20), 'criterion': 'gini', 'class_weight': 'balanced_subsample', 'bootstrap': True}",,,,,,,,66
0.0036557197570800783,0.00392633773888088,0.0,0.0,600,18,19,auto,50,gini,balanced,False,"{'n_estimators': np.int64(600), 'min_samples_split': np.int64(18), 'min_samples_leaf': np.int64(19), 'max_features': 'auto', 'max_depth': np.int64(50), 'criterion': 'gini', 'class_weight': 'balanced', 'bootstrap': False}",,,,,,,,66
0.0019001007080078126,3.532285307060739e-05,0.0,0.0,600,6,15,auto,20,entropy,balanced_subsample,True,"{'n_estimators': np.int64(600), 'min_samples_split': np.int64(6), 'min_samples_leaf': np.int64(15), 'max_features': 'auto', 'max_depth': np.int64(20), 'criterion': 'entropy', 'class_weight': 'balanced_subsample', 'bootstrap': True}",,,,,,,,66
1.0755207538604736,0.021733530383195053,0.04707026481628418,0.005728917916692481,600,10,19,log2,60,entropy,,True,"{'n_estimators': np.int64(600), 'min_samples_split': np.int64(10), 'min_samples_leaf': np.int64(19), 'max_features': 'log2', 'max_depth': np.int64(60), 'criterion': 'entropy', 'class_weight': None, 'bootstrap': True}",0.816079873883342,0.7954107549483272,0.835873182693992,0.7294801641586868,0.7663847780126849,0.7886457507394066,0.037483180937131856,12
0.0018871784210205077,0.00012241725865746425,0.0,0.0,900,2,1,auto,70,gini,balanced,False,"{'n_estimators': np.int64(900), 'min_samples_split': np.int64(2), 'min_samples_leaf': np.int64(1), 'max_features': 'auto', 'max_depth': np.int64(70), 'criterion': 'gini', 'class_weight': 'balanced', 'bootstrap': False}",,,,,,,,66
0.9483479499816895,0.03778899467576835,0.037022638320922854,0.009914184916289433,400,8,7,sqrt,40,entropy,balanced,False,"{'n_estimators': np.int64(400), 'min_samples_split': np.int64(8), 'min_samples_leaf': np.int64(7), 'max_features': 'sqrt', 'max_depth': np.int64(40), 'criterion': 'entropy', 'class_weight': 'balanced', 'bootstrap': False}",0.815904711858469,0.7780697144858995,0.8204589245051672,0.7207592339261286,0.7820648343904157,0.783451483833216,0.03573224625109563,44
0.21882433891296388,0.0109830552156229,0.01233067512512207,0.0027674149704423477,100,14,7,sqrt,60,entropy,balanced,True,"{'n_estimators': np.int64(100), 'min_samples_split': np.int64(14), 'min_samples_leaf': np.int64(7), 'max_features': 'sqrt', 'max_depth': np.int64(60), 'criterion': 'entropy', 'class_weight': 'balanced', 'bootstrap': True}",0.8101243650376598,0.7603783499737257,0.8178314941320722,0.7359781121751026,0.7818886539816773,0.7812401950600474,0.03052052315913447,55
1.4335270881652833,0.045131061397884545,0.059828901290893556,0.003789468798365677,800,14,19,sqrt,70,gini,balanced,True,"{'n_estimators': np.int64(800), 'min_samples_split': np.int64(14), 'min_samples_leaf': np.int64(19), 'max_features': 'sqrt', 'max_depth': np.int64(70), 'criterion': 'gini', 'class_weight': 'balanced', 'bootstrap': True}",0.813977929584866,0.789805570152391,0.8356980206691189,0.7207592339261286,0.7746652572233967,0.7869812023111802,0.039107953994830004,21
1.0854021549224853,0.04836279183923356,0.049980974197387694,0.007476386537110959,500,16,3,sqrt,,gini,balanced_subsample,False,"{'n_estimators': np.int64(500), 'min_samples_split': np.int64(16), 'min_samples_leaf': np.int64(3), 'max_features': 'sqrt', 'max_depth': None, 'criterion': 'gini', 'class_weight': 'balanced_subsample', 'bootstrap': False}",0.8115256612366438,0.7610789980732178,0.8174811700823261,0.7322161422708617,0.7773079633544749,0.7799219870035049,0.03177175925787695,59
0.001804018020629883,0.00014346029263180248,0.0,0.0,200,8,17,auto,80,gini,,False,"{'n_estimators': np.int64(200), 'min_samples_split': np.int64(8), 'min_samples_leaf': np.int64(17), 'max_features': 'auto', 'max_depth': np.int64(80), 'criterion': 'gini', 'class_weight': None, 'bootstrap': False}",,,,,,,,66
0.0019141197204589843,0.0002948424775374293,0.0,0.0,200,18,17,auto,50,entropy,balanced,False,"{'n_estimators': np.int64(200), 'min_samples_split': np.int64(18), 'min_samples_leaf': np.int64(17), 'max_features': 'auto', 'max_depth': np.int64(50), 'criterion': 'entropy', 'class_weight': 'balanced', 'bootstrap': False}",,,,,,,,66
0.0018723964691162109,0.00033978676473413205,0.0,0.0,200,2,9,auto,,entropy,,False,"{'n_estimators': np.int64(200), 'min_samples_split': np.int64(2), 'min_samples_leaf': np.int64(9), 'max_features': 'auto', 'max_depth': None, 'criterion': 'entropy', 'class_weight': None, 'bootstrap': False}",,,,,,,,66
0.3410645961761475,0.020107342045466364,0.021764564514160156,0.0031516981403314714,200,14,17,log2,,gini,balanced,False,"{'n_estimators': np.int64(200), 'min_samples_split': np.int64(14), 'min_samples_leaf': np.int64(17), 'max_features': 'log2', 'max_depth': None, 'criterion': 'gini', 'class_weight': 'balanced', 'bootstrap': False}",0.8097740409879137,0.7973375372219303,0.8286915396741986,0.7231532147742817,0.7684989429175476,0.7854910551151745,0.0367995179931455,35
0.0019264698028564453,0.0008902425540370278,0.0,0.0,800,18,19,auto,50,entropy,balanced_subsample,False,"{'n_estimators': np.int64(800), 'min_samples_split': np.int64(18), 'min_samples_leaf': np.int64(19), 'max_features': 'auto', 'max_depth': np.int64(50), 'criterion': 'entropy', 'class_weight': 'balanced_subsample', 'bootstrap': False}",,,,,,,,66
1.9126121997833252,0.042274304646423067,0.08662443161010742,0.007139096108900715,1000,10,3,log2,60,gini,balanced_subsample,False,"{'n_estimators': np.int64(1000), 'min_samples_split': np.int64(10), 'min_samples_leaf': np.int64(3), 'max_features': 'log2', 'max_depth': np.int64(60), 'criterion': 'gini', 'class_weight': 'balanced_subsample', 'bootstrap': False}",0.8088982308635487,0.7598528638991067,0.8271150814503416,0.7301641586867305,0.7725510923185342,0.7797162854436523,0.03463968988164926,60
2.2255125522613524,0.039571432222397715,0.08040261268615723,0.010528277574868787,1000,4,19,sqrt,80,entropy,balanced_subsample,True,"{'n_estimators': np.int64(1000), 'min_samples_split': np.int64(4), 'min_samples_leaf': np.int64(19), 'max_features': 'sqrt', 'max_depth': np.int64(80), 'criterion': 'entropy', 'class_weight': 'balanced_subsample', 'bootstrap': True}",0.815904711858469,0.788404273953407,0.8365738307934839,0.7205882352941176,0.7656800563777307,0.7854302216554416,0.040367711155450244,36
1.3984238147735595,0.025261395161500652,0.06565308570861816,0.006941747024890429,700,8,1,log2,10,entropy,balanced,False,"{'n_estimators': np.int64(700), 'min_samples_split': np.int64(8), 'min_samples_leaf': np.int64(1), 'max_features': 'log2', 'max_depth': np.int64(10), 'criterion': 'entropy', 'class_weight': 'balanced', 'bootstrap': False}",0.8043440182168506,0.7677351550183921,0.8162550359082151,0.7240082079343365,0.7603946441155743,0.7745474122386737,0.03294930186111947,63
0.6013599872589112,0.029401635843979965,0.03251900672912598,0.004040920342764103,400,12,15,log2,80,gini,,False,"{'n_estimators': np.int64(400), 'min_samples_split': np.int64(12), 'min_samples_leaf': np.int64(15), 'max_features': 'log2', 'max_depth': np.int64(80), 'criterion': 'gini', 'class_weight': None, 'bootstrap': False}",0.8085479068138027,0.7931336486249781,0.8318444561219128,0.7231532147742817,0.766384778012685,0.7846128008695321,0.03737877724373531,39
1.562016201019287,0.03799424548631058,0.0829699993133545,0.002208016158820019,1000,6,13,log2,60,gini,,False,"{'n_estimators': np.int64(1000), 'min_samples_split': np.int64(6), 'min_samples_leaf': np.int64(13), 'max_features': 'log2', 'max_depth': np.int64(60), 'criterion': 'gini', 'class_weight': None, 'bootstrap': False}",0.8169556840077071,0.7917323524259939,0.8330705902960238,0.7267441860465115,0.7746652572233967,0.7886336139999267,0.036910169263052975,14
1.0814154148101807,0.04204372535466931,0.05636749267578125,0.00828246591954341,600,16,3,log2,20,entropy,,True,"{'n_estimators': np.int64(600), 'min_samples_split': np.int64(16), 'min_samples_leaf': np.int64(3), 'max_features': 'log2', 'max_depth': np.int64(20), 'criterion': 'entropy', 'class_weight': None, 'bootstrap': True}",0.8155543878087231,0.7854265195305659,0.8299176738483097,0.7421340629274966,0.7706131078224102,0.788729150387501,0.0313888144783754,10
1.0278872966766357,0.06023187773715081,0.05600638389587402,0.007481625439162105,600,12,19,sqrt,50,entropy,,False,"{'n_estimators': np.int64(600), 'min_samples_split': np.int64(12), 'min_samples_leaf': np.int64(19), 'max_features': 'sqrt', 'max_depth': np.int64(50), 'criterion': 'entropy', 'class_weight': None, 'bootstrap': False}",0.8124014713610088,0.7834997372569626,0.8267647574005955,0.7200752393980848,0.7720225510923185,0.7829527513017941,0.03704070454238926,51
1.8287380695343018,0.06426278793750946,0.08048815727233886,0.005325639574171026,1000,6,7,log2,30,entropy,balanced,True,"{'n_estimators': np.int64(1000), 'min_samples_split': np.int64(6), 'min_samples_leaf': np.int64(7), 'max_features': 'log2', 'max_depth': np.int64(30), 'criterion': 'entropy', 'class_weight': 'balanced', 'bootstrap': True}",0.8169556840077071,0.7834997372569628,0.8323699421965318,0.722640218878249,0.7741367159971811,0.7859204596673264,0.03813094534176685,30
0.0021412849426269533,0.00047789012520601035,0.0,0.0,500,4,17,auto,40,gini,,True,"{'n_estimators': np.int64(500), 'min_samples_split': np.int64(4), 'min_samples_leaf': np.int64(17), 'max_features': 'auto', 'max_depth': np.int64(40), 'criterion': 'gini', 'class_weight': None, 'bootstrap': True}",,,,,,,,66
1.3163185119628906,0.019243050064323263,0.06374711990356445,0.004114801655394915,800,16,17,log2,30,entropy,,True,"{'n_estimators': np.int64(800), 'min_samples_split': np.int64(16), 'min_samples_leaf': np.int64(17), 'max_features': 'log2', 'max_depth': np.int64(30), 'criterion': 'entropy', 'class_weight': None, 'bootstrap': True}",0.8187073042564372,0.792783324575232,0.8330705902960238,0.7299931600547196,0.7697322057787175,0.788857316992226,0.03658417051770934,9
0.200022554397583,0.006784353693716129,0.010540342330932618,0.0016815051949726682,100,18,7,sqrt,70,gini,balanced,False,"{'n_estimators': np.int64(100), 'min_samples_split': np.int64(18), 'min_samples_leaf': np.int64(7), 'max_features': 'sqrt', 'max_depth': np.int64(70), 'criterion': 'gini', 'class_weight': 'balanced', 'bootstrap': False}",0.8225608688036433,0.7694867752671222,0.8134524435102469,0.71015731874145,0.7875264270613108,0.7806367666767546,0.0399340488683547,57
0.3329209804534912,0.01524518327478173,0.020000457763671875,0.004684545800093268,200,4,17,log2,90,entropy,balanced_subsample,False,"{'n_estimators': np.int64(200), 'min_samples_split': np.int64(4), 'min_samples_leaf': np.int64(17), 'max_features': 'log2', 'max_depth': np.int64(90), 'criterion': 'entropy', 'class_weight': 'balanced_subsample', 'bootstrap': False}",0.8083727447889297,0.8006656156945176,0.8229111928533893,0.7216142270861832,0.758985200845666,0.7825097962537371,0.037128090893705855,53
0.1936546802520752,0.006296290595516388,0.011205482482910156,0.0012637649523204071,100,2,9,sqrt,90,gini,balanced,False,"{'n_estimators': np.int64(100), 'min_samples_split': np.int64(2), 'min_samples_leaf': np.int64(9), 'max_features': 'sqrt', 'max_depth': np.int64(90), 'criterion': 'gini', 'class_weight': 'balanced', 'bootstrap': False}",0.8088982308635488,0.7859520056051849,0.8181818181818181,0.7356361149110807,0.7625088090204369,0.7822353957164139,0.030257218806288556,54
0.3630504608154297,0.010599630443899255,0.020261526107788086,0.0023241979087465048,200,14,15,sqrt,90,entropy,,True,"{'n_estimators': np.int64(200), 'min_samples_split': np.int64(14), 'min_samples_leaf': np.int64(15), 'max_features': 'sqrt', 'max_depth': np.int64(90), 'criterion': 'entropy', 'class_weight': None, 'bootstrap': True}",0.8206340865300403,0.7878787878787878,0.8362235067437379,0.7270861833105335,0.7674418604651162,0.7878528849856432,0.03879053196172554,17
0.8310763359069824,0.02633147807452724,0.04425497055053711,0.0037462016841311877,500,6,9,log2,40,entropy,,False,"{'n_estimators': np.int64(500), 'min_samples_split': np.int64(6), 'min_samples_leaf': np.int64(9), 'max_features': 'log2', 'max_depth': np.int64(40), 'criterion': 'entropy', 'class_weight': None, 'bootstrap': False}",0.8223857067787703,0.7815729549833595,0.8392012611665791,0.7305061559507523,0.7723749119097956,0.7892081981578514,0.03843862549783075,6
1.3758034706115723,0.06917093808548505,0.06758151054382325,0.008874437194952648,800,6,17,sqrt,80,gini,,True,"{'n_estimators': np.int64(800), 'min_samples_split': np.int64(6), 'min_samples_leaf': np.int64(17), 'max_features': 'sqrt', 'max_depth': np.int64(80), 'criterion': 'gini', 'class_weight': None, 'bootstrap': True}",0.8211595726046592,0.7877036258539148,0.8314941320721667,0.7294801641586868,0.7817124735729388,0.7903099936524732,0.0358575192665698,3
0.0018618106842041016,0.0003860058498301741,0.0,0.0,100,2,1,auto,90,gini,,True,"{'n_estimators': np.int64(100), 'min_samples_split': np.int64(2), 'min_samples_leaf': np.int64(1), 'max_features': 'auto', 'max_depth': np.int64(90), 'criterion': 'gini', 'class_weight': None, 'bootstrap': True}",,,,,,,,66
1.547835397720337,0.07301706235870836,0.06763238906860351,0.003599346931655565,900,18,19,sqrt,80,gini,balanced,True,"{'n_estimators': np.int64(900), 'min_samples_split': np.int64(18), 'min_samples_leaf': np.int64(19), 'max_features': 'sqrt', 'max_depth': np.int64(80), 'criterion': 'gini', 'class_weight': 'balanced', 'bootstrap': True}",0.814503415659485,0.7903310562270099,0.836748992818357,0.7205882352941178,0.7725510923185341,0.7869445584635008,0.03965292965389566,23
1.695941162109375,0.03348081484341308,0.07290105819702149,0.008471852508878707,900,18,5,sqrt,30,gini,,True,"{'n_estimators': np.int64(900), 'min_samples_split': np.int64(18), 'min_samples_leaf': np.int64(5), 'max_features': 'sqrt', 'max_depth': np.int64(30), 'criterion': 'gini', 'class_weight': None, 'bootstrap': True}",0.8246628131021195,0.7815729549833595,0.8348222105447539,0.7323871409028728,0.7795983086680761,0.7906086856402365,0.036625511553697386,2
0.002335071563720703,0.000758648593046319,0.0,0.0,200,6,15,auto,80,entropy,balanced_subsample,False,"{'n_estimators': np.int64(200), 'min_samples_split': np.int64(6), 'min_samples_leaf': np.int64(15), 'max_features': 'auto', 'max_depth': np.int64(80), 'criterion': 'entropy', 'class_weight': 'balanced_subsample', 'bootstrap': False}",,,,,,,,66
1.8031756401062011,0.012549041480309744,0.08262085914611816,0.016064883888044588,1000,2,17,sqrt,20,entropy,balanced,False,"{'n_estimators': np.int64(1000), 'min_samples_split': np.int64(2), 'min_samples_leaf': np.int64(17), 'max_features': 'sqrt', 'max_depth': np.int64(20), 'criterion': 'entropy', 'class_weight': 'balanced', 'bootstrap': False}",0.8180066561569452,0.787703625853915,0.8243124890523735,0.7240082079343365,0.7751937984496124,0.7858449554894366,0.03592996320133397,31
0.001955270767211914,0.0004967547074295403,0.0,0.0,700,4,9,auto,60,gini,,False,"{'n_estimators': np.int64(700), 'min_samples_split': np.int64(4), 'min_samples_leaf': np.int64(9), 'max_features': 'auto', 'max_depth': np.int64(60), 'criterion': 'gini', 'class_weight': None, 'bootstrap': False}",,,,,,,,66
0.40117659568786623,0.037182617677621495,0.01986660957336426,0.003299665170249287,200,12,1,log2,30,entropy,,False,"{'n_estimators': np.int64(200), 'min_samples_split': np.int64(12), 'min_samples_leaf': np.int64(1), 'max_features': 'log2', 'max_depth': np.int64(30), 'criterion': 'entropy', 'class_weight': None, 'bootstrap': False}",0.7992643194955333,0.7619548081975828,0.8339464004203888,0.7187072503419971,0.781183932346723,0.779011342160445,0.0383673629689365,62
0.8423352718353272,0.03013227218546451,0.030037450790405273,0.0007253765808131105,500,14,17,sqrt,100,entropy,,False,"{'n_estimators': np.int64(500), 'min_samples_split': np.int64(14), 'min_samples_leaf': np.int64(17), 'max_features': 'sqrt', 'max_depth': np.int64(100), 'criterion': 'entropy', 'class_weight': None, 'bootstrap': False}",0.8181818181818182,0.7878787878787878,0.8321947801716588,0.7267441860465116,0.7716701902748415,0.7873339525107236,0.03709677821060562,19
0.0017096996307373047,0.0003446552459116552,0.0,0.0,500,14,5,auto,30,entropy,,True,"{'n_estimators': np.int64(500), 'min_samples_split': np.int64(14), 'min_samples_leaf': np.int64(5), 'max_features': 'auto', 'max_depth': np.int64(30), 'criterion': 'entropy', 'class_weight': None, 'bootstrap': True}",,,,,,,,66
0.002041912078857422,0.0010302116362583388,0.0,0.0,900,14,3,auto,60,gini,balanced_subsample,False,"{'n_estimators': np.int64(900), 'min_samples_split': np.int64(14), 'min_samples_leaf': np.int64(3), 'max_features': 'auto', 'max_depth': np.int64(60), 'criterion': 'gini', 'class_weight': 'balanced_subsample', 'bootstrap': False}",,,,,,,,66
0.001470661163330078,0.0005468963130681163,0.0,0.0,500,6,9,auto,70,entropy,,True,"{'n_estimators': np.int64(500), 'min_samples_split': np.int64(6), 'min_samples_leaf': np.int64(9), 'max_features': 'auto', 'max_depth': np.int64(70), 'criterion': 'entropy', 'class_weight': None, 'bootstrap': True}",,,,,,,,66
0.003370046615600586,0.00446318609591187,0.0,0.0,900,14,11,auto,20,gini,balanced_subsample,False,"{'n_estimators': np.int64(900), 'min_samples_split': np.int64(14), 'min_samples_leaf': np.int64(11), 'max_features': 'auto', 'max_depth': np.int64(20), 'criterion': 'gini', 'class_weight': 'balanced_subsample', 'bootstrap': False}",,,,,,,,66
0.0011153697967529296,0.00015462715204091006,0.0,0.0,300,6,3,auto,100,gini,balanced,False,"{'n_estimators': np.int64(300), 'min_samples_split': np.int64(6), 'min_samples_leaf': np.int64(3), 'max_features': 'auto', 'max_depth': np.int64(100), 'criterion': 'gini', 'class_weight': 'balanced', 'bootstrap': False}",,,,,,,,66
