mean_fit_time,std_fit_time,mean_score_time,std_score_time,param_subsample,param_scale_pos_weight,param_reg_lambda,param_reg_alpha,param_n_estimators,param_max_depth,param_learning_rate,param_gamma,param_colsample_bytree,params,split0_test_score,split1_test_score,split2_test_score,split3_test_score,split4_test_score,mean_test_score,std_test_score,rank_test_score
0.4536288738250732,0.016593559528535876,0.03288822174072266,0.023172517117063095,0.7,10,0.01,1.0,800,7,0.1388888888888889,4.5,1.0,"{'subsample': np.float64(0.7), 'scale_pos_weight': 10, 'reg_lambda': np.float64(0.01), 'reg_alpha': np.float64(1.0), 'n_estimators': np.int64(800), 'max_depth': np.int64(7), 'learning_rate': np.float64(0.1388888888888889), 'gamma': np.float64(4.5), 'colsample_bytree': np.float64(1.0)}",0.788229111928534,0.7407602031879489,0.7964617270975652,0.7368331053351572,0.7667371388301621,0.7658042572758734,0.024125327438135138,74
0.2800467491149902,0.046353859746797316,0.01893506050109863,0.006294101336908349,0.5,2,1.0,0.001,500,3,0.23555555555555557,0.0,0.9,"{'subsample': np.float64(0.5), 'scale_pos_weight': 2, 'reg_lambda': np.float64(1.0), 'reg_alpha': np.float64(0.001), 'n_estimators': np.int64(500), 'max_depth': np.int64(3), 'learning_rate': np.float64(0.23555555555555557), 'gamma': np.float64(0.0), 'colsample_bytree': np.float64(0.9)}",0.8094237169381677,0.742511823436679,0.7600280259239797,0.7036593707250342,0.7785412262156448,0.7588328326479011,0.0353829707048073,86
0.3202515125274658,0.013183593975414555,0.005383920669555664,0.0016232077948721947,0.5,10,1.0,1.0,1000,13,0.23555555555555557,4.5,1.0,"{'subsample': np.float64(0.5), 'scale_pos_weight': 10, 'reg_lambda': np.float64(1.0), 'reg_alpha': np.float64(1.0), 'n_estimators': np.int64(1000), 'max_depth': np.int64(13), 'learning_rate': np.float64(0.23555555555555557), 'gamma': np.float64(4.5), 'colsample_bytree': np.float64(1.0)}",0.7966368891224382,0.7545980031529165,0.8208092485549132,0.7303351573187414,0.7380197322057788,0.7680798060709576,0.0349454622439224,67
0.2286015510559082,0.022664891487634377,0.011477279663085937,0.008881392009713844,0.7,10,0.1,0.01,700,9,0.1711111111111111,1.5,1.0,"{'subsample': np.float64(0.7), 'scale_pos_weight': 10, 'reg_lambda': np.float64(0.1), 'reg_alpha': np.float64(0.01), 'n_estimators': np.int64(700), 'max_depth': np.int64(9), 'learning_rate': np.float64(0.1711111111111111), 'gamma': np.float64(1.5), 'colsample_bytree': np.float64(1.0)}",0.7950604308985812,0.7489928183569802,0.8171308460325802,0.7306771545827633,0.7610993657505285,0.7705921231242867,0.03135091047459823,59
0.07911520004272461,0.0187455655517949,0.007213783264160156,0.0024263668888882322,0.5,5,0.001,10.0,200,13,0.3,1.5,0.8,"{'subsample': np.float64(0.5), 'scale_pos_weight': 5, 'reg_lambda': np.float64(0.001), 'reg_alpha': np.float64(10.0), 'n_estimators': np.int64(200), 'max_depth': np.int64(13), 'learning_rate': np.float64(0.3), 'gamma': np.float64(1.5), 'colsample_bytree': np.float64(0.8)}",0.8176563321071991,0.765983534769662,0.8472587143107375,0.7541039671682627,0.7711416490486258,0.7912288394808973,0.03537466894153409,10
0.16750597953796387,0.04091155080499372,0.006787872314453125,0.0037258762847839026,1.0,5,1.0,0.001,500,3,0.07444444444444444,3.0,0.5,"{'subsample': np.float64(1.0), 'scale_pos_weight': 5, 'reg_lambda': np.float64(1.0), 'reg_alpha': np.float64(0.001), 'n_estimators': np.int64(500), 'max_depth': np.int64(3), 'learning_rate': np.float64(0.07444444444444444), 'gamma': np.float64(3.0), 'colsample_bytree': np.float64(0.5)}",0.8032930460676125,0.7388334209143458,0.7780697144858995,0.7308481532147744,0.7609231853417899,0.7623935040048844,0.026347161610546125,80
0.062385272979736325,0.0072355880796950624,0.006551218032836914,0.002385227602314416,0.5,10,0.1,0.01,100,5,0.1711111111111111,3.5,0.8,"{'subsample': np.float64(0.5), 'scale_pos_weight': 10, 'reg_lambda': np.float64(0.1), 'reg_alpha': np.float64(0.01), 'n_estimators': np.int64(100), 'max_depth': np.int64(5), 'learning_rate': np.float64(0.1711111111111111), 'gamma': np.float64(3.5), 'colsample_bytree': np.float64(0.8)}",0.7750919600630584,0.7270975652478543,0.8155543878087231,0.7140902872777017,0.8086680761099366,0.7681004553014548,0.041339627356807074,66
0.20882797241210938,0.019385593630851614,0.0056884765625,0.0016858656418694523,0.6,2,1.0,0.1,800,7,0.23555555555555557,2.0,0.7,"{'subsample': np.float64(0.6), 'scale_pos_weight': 2, 'reg_lambda': np.float64(1.0), 'reg_alpha': np.float64(0.1), 'n_estimators': np.int64(800), 'max_depth': np.int64(7), 'learning_rate': np.float64(0.23555555555555557), 'gamma': np.float64(2.0), 'colsample_bytree': np.float64(0.7)}",0.7994394815204064,0.7545980031529165,0.7997898055701524,0.7445280437756499,0.7850599013389711,0.7766830470716192,0.02299409787925053,42
0.4889806270599365,0.020412833954385638,0.010853242874145509,0.004101829076326128,0.8,5,1.0,0.001,700,5,0.01,2.0,1.0,"{'subsample': np.float64(0.8), 'scale_pos_weight': 5, 'reg_lambda': np.float64(1.0), 'reg_alpha': np.float64(0.001), 'n_estimators': np.int64(700), 'max_depth': np.int64(5), 'learning_rate': np.float64(0.01), 'gamma': np.float64(2.0), 'colsample_bytree': np.float64(1.0)}",0.7962865650726922,0.7442634436854091,0.8101243650376598,0.7335841313269494,0.7554615926708951,0.767944019558721,0.029932136592417197,68
0.17442865371704103,0.014471064046133793,0.007115602493286133,0.002257928367504102,0.5,10,1.0,1.0,500,7,0.07444444444444444,3.5,0.7,"{'subsample': np.float64(0.5), 'scale_pos_weight': 10, 'reg_lambda': np.float64(1.0), 'reg_alpha': np.float64(1.0), 'n_estimators': np.int64(500), 'max_depth': np.int64(7), 'learning_rate': np.float64(0.07444444444444444), 'gamma': np.float64(3.5), 'colsample_bytree': np.float64(0.7)}",0.814678577684358,0.7806971448589946,0.8201086004554213,0.7139192886456908,0.7824171952078929,0.7823641613704714,0.037832120063495116,29
0.2004220962524414,0.05225671166968243,0.012937974929809571,0.00583851280920592,0.8,10,0.01,0.1,200,11,0.042222222222222223,2.0,1.0,"{'subsample': np.float64(0.8), 'scale_pos_weight': 10, 'reg_lambda': np.float64(0.01), 'reg_alpha': np.float64(0.1), 'n_estimators': np.int64(200), 'max_depth': np.int64(11), 'learning_rate': np.float64(0.042222222222222223), 'gamma': np.float64(2.0), 'colsample_bytree': np.float64(1.0)}",0.7603783499737257,0.7514450867052023,0.8241373270275004,0.741108071135431,0.7674418604651162,0.7689021390613952,0.02899300699300014,65
0.07051162719726563,0.005416903297144724,0.005106782913208008,0.0015405811515291693,0.5,5,0.001,0.1,200,11,0.1711111111111111,4.5,0.6,"{'subsample': np.float64(0.5), 'scale_pos_weight': 5, 'reg_lambda': np.float64(0.001), 'reg_alpha': np.float64(0.1), 'n_estimators': np.int64(200), 'max_depth': np.int64(11), 'learning_rate': np.float64(0.1711111111111111), 'gamma': np.float64(4.5), 'colsample_bytree': np.float64(0.6)}",0.7999649675950254,0.78857943597828,0.8320196181467857,0.7337551299589603,0.7790697674418604,0.7866777838241824,0.03192095449270129,17
0.0956967830657959,0.02468189789024878,0.008813762664794922,0.007581434590627989,1.0,5,0.1,0.1,300,7,0.2677777777777778,1.0,0.6,"{'subsample': np.float64(1.0), 'scale_pos_weight': 5, 'reg_lambda': np.float64(0.1), 'reg_alpha': np.float64(0.1), 'n_estimators': np.int64(300), 'max_depth': np.int64(7), 'learning_rate': np.float64(0.2677777777777778), 'gamma': np.float64(1.0), 'colsample_bytree': np.float64(0.6)}",0.7579260816255036,0.7286740234717113,0.792433000525486,0.7147742818057455,0.7233967582804792,0.7434408291417851,0.02846629466216905,98
0.17974543571472168,0.026343993316500527,0.01038374900817871,0.0041580926124334195,0.6,2,0.001,1.0,600,9,0.23555555555555557,2.5,0.8,"{'subsample': np.float64(0.6), 'scale_pos_weight': 2, 'reg_lambda': np.float64(0.001), 'reg_alpha': np.float64(1.0), 'n_estimators': np.int64(600), 'max_depth': np.int64(9), 'learning_rate': np.float64(0.23555555555555557), 'gamma': np.float64(2.5), 'colsample_bytree': np.float64(0.8)}",0.8095988789630408,0.7796461727097566,0.8223857067787703,0.716484268125855,0.8109584214235378,0.7878146896001922,0.038366892377582146,14
0.25491814613342284,0.03879979165120938,0.013580942153930664,0.007389038318939754,0.8,1,0.01,10.0,700,3,0.1711111111111111,3.5,0.9,"{'subsample': np.float64(0.8), 'scale_pos_weight': 1, 'reg_lambda': np.float64(0.01), 'reg_alpha': np.float64(10.0), 'n_estimators': np.int64(700), 'max_depth': np.int64(3), 'learning_rate': np.float64(0.1711111111111111), 'gamma': np.float64(3.5), 'colsample_bytree': np.float64(0.9)}",0.7504816955684007,0.766158696794535,0.8335960763706429,0.7158002735978113,0.7327343199436223,0.7597542124550024,0.040599608835533964,84
0.26792187690734864,0.032222662188208046,0.010369396209716797,0.009565559738211707,0.6,5,0.001,1.0,600,9,0.1711111111111111,0.5,0.6,"{'subsample': np.float64(0.6), 'scale_pos_weight': 5, 'reg_lambda': np.float64(0.001), 'reg_alpha': np.float64(1.0), 'n_estimators': np.int64(600), 'max_depth': np.int64(9), 'learning_rate': np.float64(0.1711111111111111), 'gamma': np.float64(0.5), 'colsample_bytree': np.float64(0.6)}",0.8195831143808023,0.7682606410930112,0.8257137852513575,0.755813953488372,0.7898167723749119,0.7918376533176911,0.0274775156774126,9
0.11229519844055176,0.01407583008634965,0.006636571884155273,0.0028176855418300412,1.0,1,1.0,0.001,400,5,0.23555555555555557,2.5,0.6,"{'subsample': np.float64(1.0), 'scale_pos_weight': 1, 'reg_lambda': np.float64(1.0), 'reg_alpha': np.float64(0.001), 'n_estimators': np.int64(400), 'max_depth': np.int64(5), 'learning_rate': np.float64(0.23555555555555557), 'gamma': np.float64(2.5), 'colsample_bytree': np.float64(0.6)}",0.8025923979681205,0.7395340690138378,0.81362760553512,0.7028043775649797,0.7184637068357999,0.7554044313835716,0.04472112116717517,92
0.13075699806213378,0.004381584738119429,0.014075469970703126,0.0050585421919172955,0.8,2,0.001,1.0,500,13,0.07444444444444444,4.5,0.5,"{'subsample': np.float64(0.8), 'scale_pos_weight': 2, 'reg_lambda': np.float64(0.001), 'reg_alpha': np.float64(1.0), 'n_estimators': np.int64(500), 'max_depth': np.int64(13), 'learning_rate': np.float64(0.07444444444444444), 'gamma': np.float64(4.5), 'colsample_bytree': np.float64(0.5)}",0.8292170257488177,0.7637064284463129,0.8288667016990717,0.7358071135430916,0.7669133192389006,0.7849021177352389,0.03762942802585864,23
0.04579610824584961,0.004804110783502505,0.010239505767822265,0.004325285534866876,0.8,5,10.0,0.1,100,3,0.1711111111111111,1.5,0.7,"{'subsample': np.float64(0.8), 'scale_pos_weight': 5, 'reg_lambda': np.float64(10.0), 'reg_alpha': np.float64(0.1), 'n_estimators': np.int64(100), 'max_depth': np.int64(3), 'learning_rate': np.float64(0.1711111111111111), 'gamma': np.float64(1.5), 'colsample_bytree': np.float64(0.7)}",0.8218602207041514,0.7651077246452969,0.8171308460325802,0.725376196990424,0.7746652572233966,0.7808280491191698,0.035669451015507496,33
0.212400484085083,0.05053812223830355,0.010297584533691406,0.005285869381720556,1.0,2,0.01,0.01,300,13,0.07444444444444444,0.0,0.5,"{'subsample': np.float64(1.0), 'scale_pos_weight': 2, 'reg_lambda': np.float64(0.01), 'reg_alpha': np.float64(0.01), 'n_estimators': np.int64(300), 'max_depth': np.int64(13), 'learning_rate': np.float64(0.07444444444444444), 'gamma': np.float64(0.0), 'colsample_bytree': np.float64(0.5)}",0.8017165878437555,0.7358556664915046,0.8264144333508495,0.7234952120383036,0.7820648343904157,0.7739093468229659,0.03895178125530797,51
0.4792086124420166,0.022810545238816652,0.014562606811523438,0.0036335659239982838,0.7,10,10.0,0.01,800,7,0.10666666666666666,0.0,0.9,"{'subsample': np.float64(0.7), 'scale_pos_weight': 10, 'reg_lambda': np.float64(10.0), 'reg_alpha': np.float64(0.01), 'n_estimators': np.int64(800), 'max_depth': np.int64(7), 'learning_rate': np.float64(0.10666666666666666), 'gamma': np.float64(0.0), 'colsample_bytree': np.float64(0.9)}",0.8055701523909616,0.764582238570678,0.8134524435102469,0.7455540355677154,0.7780126849894292,0.7814343110058062,0.0252618039098926,30
0.13517370223999023,0.018317234280042744,0.005732965469360351,0.002742791413657766,0.9,5,10.0,0.1,500,3,0.1711111111111111,1.5,0.5,"{'subsample': np.float64(0.9), 'scale_pos_weight': 5, 'reg_lambda': np.float64(10.0), 'reg_alpha': np.float64(0.1), 'n_estimators': np.int64(500), 'max_depth': np.int64(3), 'learning_rate': np.float64(0.1711111111111111), 'gamma': np.float64(1.5), 'colsample_bytree': np.float64(0.5)}",0.8152040637589771,0.7491679803818532,0.809423716938168,0.7373461012311902,0.7721987315010571,0.7766681187622491,0.03124228661541099,43
0.2171647548675537,0.005489668534893352,0.012322425842285156,0.0025951864021767318,0.6,1,1.0,1.0,800,11,0.042222222222222223,2.5,0.7,"{'subsample': np.float64(0.6), 'scale_pos_weight': 1, 'reg_lambda': np.float64(1.0), 'reg_alpha': np.float64(1.0), 'n_estimators': np.int64(800), 'max_depth': np.int64(11), 'learning_rate': np.float64(0.042222222222222223), 'gamma': np.float64(2.5), 'colsample_bytree': np.float64(0.7)}",0.8579435978279909,0.7898055701523908,0.8493606586092135,0.7364911080711355,0.7984496124031008,0.8064101094127663,0.04410940282937354,2
0.17166852951049805,0.06111692766654873,0.02535085678100586,0.01810269333309986,0.8,10,0.1,0.01,200,7,0.23555555555555557,2.0,0.6,"{'subsample': np.float64(0.8), 'scale_pos_weight': 10, 'reg_lambda': np.float64(0.1), 'reg_alpha': np.float64(0.01), 'n_estimators': np.int64(200), 'max_depth': np.int64(7), 'learning_rate': np.float64(0.23555555555555557), 'gamma': np.float64(2.0), 'colsample_bytree': np.float64(0.6)}",0.7810474689087407,0.7700122613417411,0.7871781397792958,0.7310191518467852,0.7459478505990135,0.7630409744951152,0.021321385694041094,79
0.40390515327453613,0.031172649863933442,0.015543079376220703,0.004569799065421965,0.8,1,10.0,10.0,1000,5,0.3,2.0,0.7,"{'subsample': np.float64(0.8), 'scale_pos_weight': 1, 'reg_lambda': np.float64(10.0), 'reg_alpha': np.float64(10.0), 'n_estimators': np.int64(1000), 'max_depth': np.int64(5), 'learning_rate': np.float64(0.3), 'gamma': np.float64(2.0), 'colsample_bytree': np.float64(0.7)}",0.7545980031529165,0.7877036258539148,0.8227360308285163,0.7211867305061559,0.7322938689217758,0.7637036518526558,0.03725049374814581,78
0.32117576599121095,0.025593225991129984,0.009970378875732423,0.002705929078709617,0.7,2,0.001,0.1,1000,7,0.2677777777777778,1.5,0.7,"{'subsample': np.float64(0.7), 'scale_pos_weight': 2, 'reg_lambda': np.float64(0.001), 'reg_alpha': np.float64(0.1), 'n_estimators': np.int64(1000), 'max_depth': np.int64(7), 'learning_rate': np.float64(0.2677777777777778), 'gamma': np.float64(1.5), 'colsample_bytree': np.float64(0.7)}",0.7806971448589946,0.765107724645297,0.7393589069889649,0.7185362517099863,0.7829457364341085,0.7573291529274703,0.02486200916818095,89
0.07299704551696777,0.011711978330911062,0.010256719589233399,0.006667221261081672,0.9,2,10.0,1.0,200,9,0.3,2.0,0.6,"{'subsample': np.float64(0.9), 'scale_pos_weight': 2, 'reg_lambda': np.float64(10.0), 'reg_alpha': np.float64(1.0), 'n_estimators': np.int64(200), 'max_depth': np.int64(9), 'learning_rate': np.float64(0.3), 'gamma': np.float64(2.0), 'colsample_bytree': np.float64(0.6)}",0.8260641093011036,0.763881590471186,0.8469083902609914,0.7390560875512996,0.7711416490486257,0.7894103653266413,0.04042409541112828,12
0.2385997772216797,0.03539260109546351,0.008511590957641601,0.004165258323188602,0.7,1,0.1,0.1,800,9,0.1711111111111111,3.5,0.7,"{'subsample': np.float64(0.7), 'scale_pos_weight': 1, 'reg_lambda': np.float64(0.1), 'reg_alpha': np.float64(0.1), 'n_estimators': np.int64(800), 'max_depth': np.int64(9), 'learning_rate': np.float64(0.1711111111111111), 'gamma': np.float64(3.5), 'colsample_bytree': np.float64(0.7)}",0.7996146435452793,0.7563496234016465,0.7990891574706603,0.7435020519835841,0.7885835095137421,0.7774277971829825,0.02315671045685945,40
0.3198864936828613,0.03170109863046675,0.00813465118408203,0.002005583874894582,0.5,2,0.01,1.0,1000,11,0.3,2.5,0.6,"{'subsample': np.float64(0.5), 'scale_pos_weight': 2, 'reg_lambda': np.float64(0.01), 'reg_alpha': np.float64(1.0), 'n_estimators': np.int64(1000), 'max_depth': np.int64(11), 'learning_rate': np.float64(0.3), 'gamma': np.float64(2.5), 'colsample_bytree': np.float64(0.6)}",0.8225608688036434,0.7729900157645824,0.7689612891925031,0.6963064295485636,0.7612755461592671,0.7644188298937119,0.04030825018710478,76
0.13825039863586425,0.04199229967099425,0.014371728897094727,0.005236762278544271,0.6,10,0.01,10.0,300,11,0.23555555555555557,1.5,0.8,"{'subsample': np.float64(0.6), 'scale_pos_weight': 10, 'reg_lambda': np.float64(0.01), 'reg_alpha': np.float64(10.0), 'n_estimators': np.int64(300), 'max_depth': np.int64(11), 'learning_rate': np.float64(0.23555555555555557), 'gamma': np.float64(1.5), 'colsample_bytree': np.float64(0.8)}",0.8390260991417061,0.7577509196006306,0.8211595726046593,0.7344391244870041,0.8222339675828048,0.794921936683361,0.041035089372114905,6
0.04046645164489746,0.003681713229105065,0.005696153640747071,0.002670312807275234,0.8,1,1.0,10.0,100,5,0.23555555555555557,2.0,1.0,"{'subsample': np.float64(0.8), 'scale_pos_weight': 1, 'reg_lambda': np.float64(1.0), 'reg_alpha': np.float64(10.0), 'n_estimators': np.int64(100), 'max_depth': np.int64(5), 'learning_rate': np.float64(0.23555555555555557), 'gamma': np.float64(2.0), 'colsample_bytree': np.float64(1.0)}",0.7382203538272902,0.7831494132072168,0.8110001751620248,0.7281976744186047,0.7321176885130374,0.7585370610256348,0.032831011071338026,87
0.1793874740600586,0.026234688587085383,0.009319686889648437,0.002561862971141719,0.6,5,0.01,0.001,200,7,0.042222222222222223,1.0,0.8,"{'subsample': np.float64(0.6), 'scale_pos_weight': 5, 'reg_lambda': np.float64(0.01), 'reg_alpha': np.float64(0.001), 'n_estimators': np.int64(200), 'max_depth': np.int64(7), 'learning_rate': np.float64(0.042222222222222223), 'gamma': np.float64(1.0), 'colsample_bytree': np.float64(0.8)}",0.8003152916447714,0.7528463829041864,0.8015414258188824,0.7344391244870041,0.7820648343904157,0.7742414118490519,0.026564311598149717,50
0.13720760345458985,0.03457116771985056,0.013747358322143554,0.015894225631310852,0.6,5,1.0,0.1,200,3,0.23555555555555557,0.0,1.0,"{'subsample': np.float64(0.6), 'scale_pos_weight': 5, 'reg_lambda': np.float64(1.0), 'reg_alpha': np.float64(0.1), 'n_estimators': np.int64(200), 'max_depth': np.int64(3), 'learning_rate': np.float64(0.23555555555555557), 'gamma': np.float64(0.0), 'colsample_bytree': np.float64(1.0)}",0.7808723068838676,0.7316517778945525,0.7808723068838676,0.6945964432284542,0.7720225510923187,0.7520030771966121,0.033992179063331546,95
0.1928776741027832,0.03439494668540514,0.0075035572052001955,0.0024201398379282493,0.9,10,0.1,0.001,400,7,0.2677777777777778,1.0,0.9,"{'subsample': np.float64(0.9), 'scale_pos_weight': 10, 'reg_lambda': np.float64(0.1), 'reg_alpha': np.float64(0.001), 'n_estimators': np.int64(400), 'max_depth': np.int64(7), 'learning_rate': np.float64(0.2677777777777778), 'gamma': np.float64(1.0), 'colsample_bytree': np.float64(0.9)}",0.7095813627605535,0.7481170082326152,0.793133648624978,0.6923734610123119,0.7292107117688512,0.734483238479862,0.03477610271001113,100
0.2832606792449951,0.03549511274629272,0.010592794418334961,0.0033442283255962044,0.6,5,0.1,0.01,1000,13,0.07444444444444444,1.5,0.6,"{'subsample': np.float64(0.6), 'scale_pos_weight': 5, 'reg_lambda': np.float64(0.1), 'reg_alpha': np.float64(0.01), 'n_estimators': np.int64(1000), 'max_depth': np.int64(13), 'learning_rate': np.float64(0.07444444444444444), 'gamma': np.float64(1.5), 'colsample_bytree': np.float64(0.6)}",0.8069714485899457,0.7801716587843756,0.8010159397442634,0.7387140902872777,0.7730796335447498,0.7799905541901225,0.024172610929224157,34
0.2933798789978027,0.049938598382566445,0.008942556381225587,0.0028184018989944513,0.7,1,0.1,0.01,1000,5,0.01,4.0,0.9,"{'subsample': np.float64(0.7), 'scale_pos_weight': 1, 'reg_lambda': np.float64(0.1), 'reg_alpha': np.float64(0.01), 'n_estimators': np.int64(1000), 'max_depth': np.int64(5), 'learning_rate': np.float64(0.01), 'gamma': np.float64(4.0), 'colsample_bytree': np.float64(0.9)}",0.8251882991767384,0.7670345069189001,0.8348222105447539,0.7400820793433652,0.7640944326990838,0.7862443057365682,0.03705949770946838,20
0.18999824523925782,0.022041556558997852,0.008028364181518555,0.003053026924889641,0.7,10,0.1,0.01,800,7,0.23555555555555557,3.0,0.5,"{'subsample': np.float64(0.7), 'scale_pos_weight': 10, 'reg_lambda': np.float64(0.1), 'reg_alpha': np.float64(0.01), 'n_estimators': np.int64(800), 'max_depth': np.int64(7), 'learning_rate': np.float64(0.23555555555555557), 'gamma': np.float64(3.0), 'colsample_bytree': np.float64(0.5)}",0.8099492030127868,0.7221930285514101,0.7624802942722018,0.7351231190150478,0.7540521494009866,0.7567595588504867,0.03010706120322661,90
0.5697113513946533,0.19572821595864665,0.07240362167358398,0.0573767053014424,0.5,2,0.001,0.1,900,13,0.10666666666666666,3.5,0.5,"{'subsample': np.float64(0.5), 'scale_pos_weight': 2, 'reg_lambda': np.float64(0.001), 'reg_alpha': np.float64(0.1), 'n_estimators': np.int64(900), 'max_depth': np.int64(13), 'learning_rate': np.float64(0.10666666666666666), 'gamma': np.float64(3.5), 'colsample_bytree': np.float64(0.5)}",0.812576633385882,0.7742161499386934,0.8213347346295323,0.7233242134062927,0.8025017618040873,0.7867906986328974,0.03547155587755589,16
0.708546781539917,0.1364310639060294,0.033803796768188475,0.017610340859691445,0.9,5,0.001,0.01,900,11,0.2677777777777778,3.0,1.0,"{'subsample': np.float64(0.9), 'scale_pos_weight': 5, 'reg_lambda': np.float64(0.001), 'reg_alpha': np.float64(0.01), 'n_estimators': np.int64(900), 'max_depth': np.int64(11), 'learning_rate': np.float64(0.2677777777777778), 'gamma': np.float64(3.0), 'colsample_bytree': np.float64(1.0)}",0.7481170082326153,0.7822736030828517,0.7834997372569628,0.7392270861833106,0.792107117688513,0.7690449104888506,0.021179638640569227,64
0.2723859310150146,0.02060414451361793,0.019357681274414062,0.014203361558890288,0.7,5,0.001,0.001,600,7,0.1388888888888889,4.0,0.7,"{'subsample': np.float64(0.7), 'scale_pos_weight': 5, 'reg_lambda': np.float64(0.001), 'reg_alpha': np.float64(0.001), 'n_estimators': np.int64(600), 'max_depth': np.int64(7), 'learning_rate': np.float64(0.1388888888888889), 'gamma': np.float64(4.0), 'colsample_bytree': np.float64(0.7)}",0.7961114030478191,0.7554738132772815,0.8199334384305482,0.7245212038303693,0.759337561663143,0.7710754840498322,0.03335382708459455,57
0.1423105239868164,0.03580980609138878,0.006576347351074219,0.0019736551747103377,0.8,2,0.001,0.01,100,9,0.01,5.0,1.0,"{'subsample': np.float64(0.8), 'scale_pos_weight': 2, 'reg_lambda': np.float64(0.001), 'reg_alpha': np.float64(0.01), 'n_estimators': np.int64(100), 'max_depth': np.int64(9), 'learning_rate': np.float64(0.01), 'gamma': np.float64(5.0), 'colsample_bytree': np.float64(1.0)}",0.7934839726747241,0.7474163601331231,0.8335960763706429,0.7481190150478796,0.7540521494009866,0.7753335147254712,0.033754579649386565,47
0.19060258865356444,0.015026567280131594,0.006765604019165039,0.002778927335370848,0.6,10,1.0,1.0,700,5,0.20333333333333334,4.5,0.8,"{'subsample': np.float64(0.6), 'scale_pos_weight': 10, 'reg_lambda': np.float64(1.0), 'reg_alpha': np.float64(1.0), 'n_estimators': np.int64(700), 'max_depth': np.int64(5), 'learning_rate': np.float64(0.20333333333333334), 'gamma': np.float64(4.5), 'colsample_bytree': np.float64(0.8)}",0.8178314941320721,0.7675599929935191,0.8346470485198808,0.7234952120383038,0.7744890768146582,0.7836045648996868,0.039320408265660786,25
1.0600926399230957,0.06400132051061451,0.03321442604064941,0.015151718563971617,0.9,5,0.01,0.1,700,13,0.01,0.5,1.0,"{'subsample': np.float64(0.9), 'scale_pos_weight': 5, 'reg_lambda': np.float64(0.01), 'reg_alpha': np.float64(0.1), 'n_estimators': np.int64(700), 'max_depth': np.int64(13), 'learning_rate': np.float64(0.01), 'gamma': np.float64(0.5), 'colsample_bytree': np.float64(1.0)}",0.7733403398143283,0.7512699246803293,0.8197582764056753,0.7400820793433652,0.7459478505990135,0.7660796941685424,0.029101902139147456,72
0.27034668922424315,0.03438079369176151,0.008510208129882813,0.003970002081961718,0.6,10,10.0,1.0,500,3,0.01,0.5,1.0,"{'subsample': np.float64(0.6), 'scale_pos_weight': 10, 'reg_lambda': np.float64(10.0), 'reg_alpha': np.float64(1.0), 'n_estimators': np.int64(500), 'max_depth': np.int64(3), 'learning_rate': np.float64(0.01), 'gamma': np.float64(0.5), 'colsample_bytree': np.float64(1.0)}",0.8111753371868979,0.7638815904711858,0.8194079523559293,0.7240082079343366,0.7727272727272727,0.7782400721351245,0.03451717860313232,38
0.0900278091430664,0.01328144089287769,0.011100339889526366,0.002419408956035614,0.6,5,0.01,0.01,300,3,0.1388888888888889,4.5,0.5,"{'subsample': np.float64(0.6), 'scale_pos_weight': 5, 'reg_lambda': np.float64(0.01), 'reg_alpha': np.float64(0.01), 'n_estimators': np.int64(300), 'max_depth': np.int64(3), 'learning_rate': np.float64(0.1388888888888889), 'gamma': np.float64(4.5), 'colsample_bytree': np.float64(0.5)}",0.7719390436153442,0.7607286740234718,0.7840252233315818,0.7486320109439124,0.773784355179704,0.7678218614188028,0.012112928027844734,69
0.5056608200073243,0.06985645620096327,0.019527959823608398,0.009141347393469997,0.8,2,1.0,0.001,700,9,0.07444444444444444,0.0,0.9,"{'subsample': np.float64(0.8), 'scale_pos_weight': 2, 'reg_lambda': np.float64(1.0), 'reg_alpha': np.float64(0.001), 'n_estimators': np.int64(700), 'max_depth': np.int64(9), 'learning_rate': np.float64(0.07444444444444444), 'gamma': np.float64(0.0), 'colsample_bytree': np.float64(0.9)}",0.7899807321772641,0.7337537221930285,0.8159047118584691,0.7139192886456909,0.7748414376321352,0.7656799785013175,0.03713606780372577,75
0.06710124015808105,0.01216182392465308,0.04237322807312012,0.06590931993436151,0.6,1,0.001,0.01,100,11,0.01,4.5,0.7,"{'subsample': np.float64(0.6), 'scale_pos_weight': 1, 'reg_lambda': np.float64(0.001), 'reg_alpha': np.float64(0.01), 'n_estimators': np.int64(100), 'max_depth': np.int64(11), 'learning_rate': np.float64(0.01), 'gamma': np.float64(4.5), 'colsample_bytree': np.float64(0.7)}",0.8043440182168505,0.7647574005955509,0.81362760553512,0.7402530779753761,0.7413671599718112,0.7728698524589418,0.030899524374531598,52
0.14393167495727538,0.01207120819678454,0.008549022674560546,0.004754191357761853,0.8,2,0.001,10.0,300,11,0.01,2.0,0.5,"{'subsample': np.float64(0.8), 'scale_pos_weight': 2, 'reg_lambda': np.float64(0.001), 'reg_alpha': np.float64(10.0), 'n_estimators': np.int64(300), 'max_depth': np.int64(11), 'learning_rate': np.float64(0.01), 'gamma': np.float64(2.0), 'colsample_bytree': np.float64(0.5)}",0.7775442284112805,0.7775442284112805,0.837799964967595,0.73187414500684,0.7665609584214236,0.7782647050436838,0.03416005589249942,37
0.17741856575012208,0.010340812733265172,0.006641387939453125,0.0028368363571699526,0.9,1,0.001,1.0,600,13,0.23555555555555557,1.0,0.9,"{'subsample': np.float64(0.9), 'scale_pos_weight': 1, 'reg_lambda': np.float64(0.001), 'reg_alpha': np.float64(1.0), 'n_estimators': np.int64(600), 'max_depth': np.int64(13), 'learning_rate': np.float64(0.23555555555555557), 'gamma': np.float64(1.0), 'colsample_bytree': np.float64(0.9)}",0.8330705902960238,0.7416360133123139,0.8505867927833246,0.7077633378932968,0.7566948555320648,0.7779503179634049,0.054792403621507633,39
0.18106236457824706,0.06162051675296547,0.026889514923095704,0.03133844487615802,0.6,1,0.001,10.0,500,11,0.20333333333333334,3.5,0.9,"{'subsample': np.float64(0.6), 'scale_pos_weight': 1, 'reg_lambda': np.float64(0.001), 'reg_alpha': np.float64(10.0), 'n_estimators': np.int64(500), 'max_depth': np.int64(11), 'learning_rate': np.float64(0.20333333333333334), 'gamma': np.float64(3.5), 'colsample_bytree': np.float64(0.9)}",0.7512699246803293,0.7762305132247329,0.8166053599579611,0.7047708618331054,0.7295630725863285,0.7556879464564915,0.03854219966433758,91
0.25693507194519044,0.02371675747580607,0.00688014030456543,0.0015418110556136059,0.8,1,10.0,0.001,900,5,0.07444444444444444,5.0,0.9,"{'subsample': np.float64(0.8), 'scale_pos_weight': 1, 'reg_lambda': np.float64(10.0), 'reg_alpha': np.float64(0.001), 'n_estimators': np.int64(900), 'max_depth': np.int64(5), 'learning_rate': np.float64(0.07444444444444444), 'gamma': np.float64(5.0), 'colsample_bytree': np.float64(0.9)}",0.8167805219828341,0.8031178840427395,0.8686284813452444,0.7450410396716827,0.7801268498942918,0.8027389553873585,0.040936769787316564,3
0.2182142734527588,0.060531548711306615,0.006300544738769532,0.0031592874024614515,0.9,10,0.01,0.01,800,7,0.20333333333333334,4.5,0.7,"{'subsample': np.float64(0.9), 'scale_pos_weight': 10, 'reg_lambda': np.float64(0.01), 'reg_alpha': np.float64(0.01), 'n_estimators': np.int64(800), 'max_depth': np.int64(7), 'learning_rate': np.float64(0.20333333333333334), 'gamma': np.float64(4.5), 'colsample_bytree': np.float64(0.7)}",0.7763180942371694,0.7116833070590295,0.7819232790331057,0.734439124487004,0.7716701902748415,0.75520679901823,0.027408360037157492,93
0.18782811164855956,0.017222130659762375,0.0076773643493652345,0.00331809763086987,1.0,2,10.0,0.001,900,9,0.20333333333333334,4.5,0.8,"{'subsample': np.float64(1.0), 'scale_pos_weight': 2, 'reg_lambda': np.float64(10.0), 'reg_alpha': np.float64(0.001), 'n_estimators': np.int64(900), 'max_depth': np.int64(9), 'learning_rate': np.float64(0.20333333333333334), 'gamma': np.float64(4.5), 'colsample_bytree': np.float64(0.8)}",0.8216850586792783,0.767209668943773,0.8313189700472937,0.7214432284541723,0.7526427061310783,0.7788599264511191,0.041726949458483785,36
0.08812437057495118,0.011106065518699538,0.007319402694702148,0.00309398323973793,0.5,2,0.1,10.0,300,11,0.2677777777777778,1.0,1.0,"{'subsample': np.float64(0.5), 'scale_pos_weight': 2, 'reg_lambda': np.float64(0.1), 'reg_alpha': np.float64(10.0), 'n_estimators': np.int64(300), 'max_depth': np.int64(11), 'learning_rate': np.float64(0.2677777777777778), 'gamma': np.float64(1.0), 'colsample_bytree': np.float64(1.0)}",0.8330705902960238,0.7759677701874234,0.8563671396041339,0.7544459644322845,0.7674418604651163,0.7974586649969964,0.03987825755454737,5
0.2499631881713867,0.00873368410754418,0.022965097427368165,0.027559794099759553,0.6,10,10.0,10.0,1000,3,0.1388888888888889,3.5,0.5,"{'subsample': np.float64(0.6), 'scale_pos_weight': 10, 'reg_lambda': np.float64(10.0), 'reg_alpha': np.float64(10.0), 'n_estimators': np.int64(1000), 'max_depth': np.int64(3), 'learning_rate': np.float64(0.1388888888888889), 'gamma': np.float64(3.5), 'colsample_bytree': np.float64(0.5)}",0.8321947801716588,0.7714135575407252,0.8469083902609914,0.7320451436388509,0.8220577871740663,0.8009239317572584,0.042788376618602394,4
0.27992987632751465,0.011258890689641886,0.007285642623901367,0.0018677382518626387,0.7,10,0.001,0.001,1000,9,0.20333333333333334,1.0,0.8,"{'subsample': np.float64(0.7), 'scale_pos_weight': 10, 'reg_lambda': np.float64(0.001), 'reg_alpha': np.float64(0.001), 'n_estimators': np.int64(1000), 'max_depth': np.int64(9), 'learning_rate': np.float64(0.20333333333333334), 'gamma': np.float64(1.0), 'colsample_bytree': np.float64(0.8)}",0.8074969346645646,0.7468908740585041,0.7941846207742161,0.7277701778385773,0.802677942212826,0.7758041099097376,0.03227294539034143,44
0.08146543502807617,0.00813307553239837,0.0072535514831542965,0.0025174302603050047,0.6,2,0.01,10.0,200,13,0.1388888888888889,2.5,1.0,"{'subsample': np.float64(0.6), 'scale_pos_weight': 2, 'reg_lambda': np.float64(0.01), 'reg_alpha': np.float64(10.0), 'n_estimators': np.int64(200), 'max_depth': np.int64(13), 'learning_rate': np.float64(0.1388888888888889), 'gamma': np.float64(2.5), 'colsample_bytree': np.float64(1.0)}",0.8118759852863899,0.7740409879138204,0.8237870029777544,0.7363201094391245,0.7746652572233967,0.7841378685680972,0.031047294346733673,24
0.1923957347869873,0.02349536415632952,0.005645084381103516,0.0016428532788650588,0.7,5,0.001,0.1,700,7,0.1388888888888889,2.0,0.8,"{'subsample': np.float64(0.7), 'scale_pos_weight': 5, 'reg_lambda': np.float64(0.001), 'reg_alpha': np.float64(0.1), 'n_estimators': np.int64(700), 'max_depth': np.int64(7), 'learning_rate': np.float64(0.1388888888888889), 'gamma': np.float64(2.0), 'colsample_bytree': np.float64(0.8)}",0.7957610789980732,0.7256962690488703,0.7600280259239797,0.7222982216142271,0.7702607470049331,0.7548088685180167,0.027740112854706737,94
0.12258882522583008,0.01699454417346269,0.004999399185180664,0.0006903064837233533,0.5,10,0.1,0.01,400,11,0.23555555555555557,3.0,0.6,"{'subsample': np.float64(0.5), 'scale_pos_weight': 10, 'reg_lambda': np.float64(0.1), 'reg_alpha': np.float64(0.01), 'n_estimators': np.int64(400), 'max_depth': np.int64(11), 'learning_rate': np.float64(0.23555555555555557), 'gamma': np.float64(3.0), 'colsample_bytree': np.float64(0.6)}",0.7777193904361535,0.7754422841128044,0.8110001751620249,0.7279411764705882,0.784355179704017,0.7752916411771176,0.026852300823813888,48
0.26755576133728026,0.01743369026461566,0.013386201858520509,0.006775708732843121,0.8,10,10.0,1.0,900,5,0.20333333333333334,1.5,0.8,"{'subsample': np.float64(0.8), 'scale_pos_weight': 10, 'reg_lambda': np.float64(10.0), 'reg_alpha': np.float64(1.0), 'n_estimators': np.int64(900), 'max_depth': np.int64(5), 'learning_rate': np.float64(0.20333333333333334), 'gamma': np.float64(1.5), 'colsample_bytree': np.float64(0.8)}",0.8234366789280084,0.7528463829041865,0.81362760553512,0.7436730506155951,0.783121916842847,0.7833411269651515,0.03171264044847431,27
0.30034356117248534,0.014993638638338734,0.009856891632080079,0.004468573083982435,0.7,2,0.001,0.01,900,13,0.042222222222222223,2.5,0.5,"{'subsample': np.float64(0.7), 'scale_pos_weight': 2, 'reg_lambda': np.float64(0.001), 'reg_alpha': np.float64(0.01), 'n_estimators': np.int64(900), 'max_depth': np.int64(13), 'learning_rate': np.float64(0.042222222222222223), 'gamma': np.float64(2.5), 'colsample_bytree': np.float64(0.5)}",0.838150289017341,0.7735155018392011,0.8118759852863898,0.7363201094391245,0.7690274841437633,0.785777873945164,0.035499276257890774,22
0.22708888053894044,0.012240806874633959,0.01124587059020996,0.004279466314627385,1.0,2,0.1,0.1,600,7,0.1711111111111111,0.0,0.6,"{'subsample': np.float64(1.0), 'scale_pos_weight': 2, 'reg_lambda': np.float64(0.1), 'reg_alpha': np.float64(0.1), 'n_estimators': np.int64(600), 'max_depth': np.int64(7), 'learning_rate': np.float64(0.1711111111111111), 'gamma': np.float64(0.0), 'colsample_bytree': np.float64(0.6)}",0.8036433701173586,0.719040112103696,0.8230863548782623,0.7057113543091655,0.7507047216349543,0.7604371826086873,0.046032701313667324,82
0.10985302925109863,0.00874604524298904,0.01260371208190918,0.008277560581724398,0.8,2,0.1,0.1,400,3,0.1388888888888889,4.0,0.7,"{'subsample': np.float64(0.8), 'scale_pos_weight': 2, 'reg_lambda': np.float64(0.1), 'reg_alpha': np.float64(0.1), 'n_estimators': np.int64(400), 'max_depth': np.int64(3), 'learning_rate': np.float64(0.1388888888888889), 'gamma': np.float64(4.0), 'colsample_bytree': np.float64(0.7)}",0.8131021194605009,0.741460851287441,0.8027675599929934,0.7375170998632011,0.7822410147991544,0.7754177290806582,0.030997454739938226,46
0.18922200202941894,0.0235117664657667,0.009689235687255859,0.003898097054321178,1.0,2,0.01,0.1,900,9,0.3,4.0,1.0,"{'subsample': np.float64(1.0), 'scale_pos_weight': 2, 'reg_lambda': np.float64(0.01), 'reg_alpha': np.float64(0.1), 'n_estimators': np.int64(900), 'max_depth': np.int64(9), 'learning_rate': np.float64(0.3), 'gamma': np.float64(4.0), 'colsample_bytree': np.float64(1.0)}",0.7987388334209143,0.699246803293046,0.7846382904186372,0.7165697674418604,0.7219873150105709,0.7442362019170058,0.03971739203380025,97
0.24141464233398438,0.02143979259652158,0.0071795940399169925,0.0013978219334820137,0.8,10,0.001,0.1,600,7,0.042222222222222223,3.0,0.8,"{'subsample': np.float64(0.8), 'scale_pos_weight': 10, 'reg_lambda': np.float64(0.001), 'reg_alpha': np.float64(0.1), 'n_estimators': np.int64(600), 'max_depth': np.int64(7), 'learning_rate': np.float64(0.042222222222222223), 'gamma': np.float64(3.0), 'colsample_bytree': np.float64(0.8)}",0.766509020844281,0.7456647398843931,0.8010159397442634,0.7419630642954855,0.7743128964059196,0.7658931322348685,0.021385599657178594,73
0.24389886856079102,0.031532928914686696,0.011757802963256837,0.009614227313723203,0.6,5,10.0,0.01,500,3,0.01,4.5,0.9,"{'subsample': np.float64(0.6), 'scale_pos_weight': 5, 'reg_lambda': np.float64(10.0), 'reg_alpha': np.float64(0.01), 'n_estimators': np.int64(500), 'max_depth': np.int64(3), 'learning_rate': np.float64(0.01), 'gamma': np.float64(4.5), 'colsample_bytree': np.float64(0.9)}",0.8095988789630408,0.7787703625853916,0.8307934839726747,0.734781121751026,0.7753699788583509,0.7858627652260968,0.032716685723063445,21
0.2800959587097168,0.01805919085282615,0.010896778106689453,0.004803141203988459,0.6,5,0.001,0.001,1000,9,0.1388888888888889,1.0,1.0,"{'subsample': np.float64(0.6), 'scale_pos_weight': 5, 'reg_lambda': np.float64(0.001), 'reg_alpha': np.float64(0.001), 'n_estimators': np.int64(1000), 'max_depth': np.int64(9), 'learning_rate': np.float64(0.1388888888888889), 'gamma': np.float64(1.0), 'colsample_bytree': np.float64(1.0)}",0.8097740409879138,0.7796461727097564,0.791382028376248,0.7229822161422709,0.7431289640591967,0.7693826844550772,0.03182148111245432,63
0.5521557807922364,0.06534591334425302,0.013904857635498046,0.0040207788208521935,0.6,10,10.0,0.01,600,7,0.01,3.5,1.0,"{'subsample': np.float64(0.6), 'scale_pos_weight': 10, 'reg_lambda': np.float64(10.0), 'reg_alpha': np.float64(0.01), 'n_estimators': np.int64(600), 'max_depth': np.int64(7), 'learning_rate': np.float64(0.01), 'gamma': np.float64(3.5), 'colsample_bytree': np.float64(1.0)}",0.8125766333858819,0.7586267297249957,0.8269399194254686,0.7358071135430917,0.7825933756166314,0.7833087543392139,0.03354521514246651,28
0.20824427604675294,0.020560440816340324,0.006717300415039063,0.002850337636831513,0.6,5,1.0,0.1,700,7,0.20333333333333334,3.0,1.0,"{'subsample': np.float64(0.6), 'scale_pos_weight': 5, 'reg_lambda': np.float64(1.0), 'reg_alpha': np.float64(0.1), 'n_estimators': np.int64(700), 'max_depth': np.int64(7), 'learning_rate': np.float64(0.20333333333333334), 'gamma': np.float64(3.0), 'colsample_bytree': np.float64(1.0)}",0.7787703625853916,0.7440882816605361,0.8001401296198983,0.6865595075239397,0.7896405919661733,0.7598397746711878,0.041203595873309955,83
0.1767514705657959,0.01393850947082217,0.009205055236816407,0.0020920311013697956,0.5,5,0.01,0.001,400,9,0.23555555555555557,0.0,0.5,"{'subsample': np.float64(0.5), 'scale_pos_weight': 5, 'reg_lambda': np.float64(0.01), 'reg_alpha': np.float64(0.001), 'n_estimators': np.int64(400), 'max_depth': np.int64(9), 'learning_rate': np.float64(0.23555555555555557), 'gamma': np.float64(0.0), 'colsample_bytree': np.float64(0.5)}",0.791907514450867,0.7362059905412507,0.8085479068138028,0.7339261285909713,0.7764270613107823,0.7694029203415347,0.029828725012556418,62
0.13367981910705568,0.00992448703384694,0.007376432418823242,0.002247388185669673,0.7,5,0.1,0.1,500,9,0.3,4.5,0.5,"{'subsample': np.float64(0.7), 'scale_pos_weight': 5, 'reg_lambda': np.float64(0.1), 'reg_alpha': np.float64(0.1), 'n_estimators': np.int64(500), 'max_depth': np.int64(9), 'learning_rate': np.float64(0.3), 'gamma': np.float64(4.5), 'colsample_bytree': np.float64(0.5)}",0.8442809598878963,0.7158871956559817,0.7864774916798039,0.7140902872777019,0.8012684989429176,0.7724008866888602,0.050580941166152076,55
0.20936708450317382,0.03906302661553583,0.020812225341796876,0.027840122484979152,0.8,2,0.001,1.0,600,5,0.07444444444444444,4.5,0.6,"{'subsample': np.float64(0.8), 'scale_pos_weight': 2, 'reg_lambda': np.float64(0.001), 'reg_alpha': np.float64(1.0), 'n_estimators': np.int64(600), 'max_depth': np.int64(5), 'learning_rate': np.float64(0.07444444444444444), 'gamma': np.float64(4.5), 'colsample_bytree': np.float64(0.6)}",0.8211595726046593,0.7519705727798214,0.8484848484848485,0.7481190150478797,0.7651515151515151,0.7869771048137448,0.0404064559821454,15
0.1515050411224365,0.0250658006128433,0.010987615585327149,0.003444150841617489,1.0,2,0.001,0.1,500,13,0.3,4.0,0.9,"{'subsample': np.float64(1.0), 'scale_pos_weight': 2, 'reg_lambda': np.float64(0.001), 'reg_alpha': np.float64(0.1), 'n_estimators': np.int64(500), 'max_depth': np.int64(13), 'learning_rate': np.float64(0.3), 'gamma': np.float64(4.0), 'colsample_bytree': np.float64(0.9)}",0.717813977929585,0.7108074969346646,0.7997898055701524,0.716655266757866,0.7452431289640591,0.7380619352312655,0.03308452555768721,99
0.228749418258667,0.03888215279437518,0.009768486022949219,0.007025986023696175,0.6,1,10.0,10.0,900,7,0.2677777777777778,0.5,0.7,"{'subsample': np.float64(0.6), 'scale_pos_weight': 1, 'reg_lambda': np.float64(10.0), 'reg_alpha': np.float64(10.0), 'n_estimators': np.int64(900), 'max_depth': np.int64(7), 'learning_rate': np.float64(0.2677777777777778), 'gamma': np.float64(0.5), 'colsample_bytree': np.float64(0.7)}",0.7971623751970572,0.765808372744789,0.8038185321422315,0.7260601915184679,0.7790697674418605,0.7743838478088813,0.02762583690834895,49
0.11119265556335449,0.035391944784020864,0.006289768218994141,0.0024523785826756376,1.0,5,0.01,10.0,300,13,0.3,4.5,0.9,"{'subsample': np.float64(1.0), 'scale_pos_weight': 5, 'reg_lambda': np.float64(0.01), 'reg_alpha': np.float64(10.0), 'n_estimators': np.int64(300), 'max_depth': np.int64(13), 'learning_rate': np.float64(0.3), 'gamma': np.float64(4.5), 'colsample_bytree': np.float64(0.9)}",0.7670345069189,0.7355053424417586,0.8385881940795237,0.7297366621067032,0.7666490486257928,0.7675027508345357,0.038740676046798234,70
0.23260903358459473,0.050228436462798925,0.007974576950073243,0.003992330018908812,0.8,10,10.0,0.1,200,7,0.042222222222222223,3.0,0.9,"{'subsample': np.float64(0.8), 'scale_pos_weight': 10, 'reg_lambda': np.float64(10.0), 'reg_alpha': np.float64(0.1), 'n_estimators': np.int64(200), 'max_depth': np.int64(7), 'learning_rate': np.float64(0.042222222222222223), 'gamma': np.float64(3.0), 'colsample_bytree': np.float64(0.9)}",0.8088982308635487,0.7670345069189,0.8286915396741986,0.7532489740082079,0.7748414376321353,0.7865429378193982,0.027936555888288046,18
0.6237968444824219,0.04680404082997957,0.011259222030639648,0.002817722266779484,1.0,2,0.001,0.01,500,11,0.01,1.0,1.0,"{'subsample': np.float64(1.0), 'scale_pos_weight': 2, 'reg_lambda': np.float64(0.001), 'reg_alpha': np.float64(0.01), 'n_estimators': np.int64(500), 'max_depth': np.int64(11), 'learning_rate': np.float64(0.01), 'gamma': np.float64(1.0), 'colsample_bytree': np.float64(1.0)}",0.7249956209493783,0.7386582588894728,0.8034682080924855,0.7144322845417236,0.7623326286116985,0.7487774002169517,0.03169348734359846,96
0.22911543846130372,0.054002228060178306,0.01519312858581543,0.011520344769447613,1.0,1,0.1,1.0,700,3,0.1711111111111111,2.5,0.9,"{'subsample': np.float64(1.0), 'scale_pos_weight': 1, 'reg_lambda': np.float64(0.1), 'reg_alpha': np.float64(1.0), 'n_estimators': np.int64(700), 'max_depth': np.int64(3), 'learning_rate': np.float64(0.1711111111111111), 'gamma': np.float64(2.5), 'colsample_bytree': np.float64(0.9)}",0.8045191802417235,0.7516202487300753,0.8486600105097214,0.7091313269493843,0.7713178294573643,0.7770497191776538,0.04727584086126217,41
0.22474451065063478,0.009474111870714681,0.008367824554443359,0.0025008034024566156,0.5,2,10.0,1.0,900,9,0.1388888888888889,4.0,0.5,"{'subsample': np.float64(0.5), 'scale_pos_weight': 2, 'reg_lambda': np.float64(10.0), 'reg_alpha': np.float64(1.0), 'n_estimators': np.int64(900), 'max_depth': np.int64(9), 'learning_rate': np.float64(0.1388888888888889), 'gamma': np.float64(4.0), 'colsample_bytree': np.float64(0.5)}",0.8497109826589596,0.7996146435452793,0.8568926256787529,0.72281121751026,0.8276955602536998,0.8113450059293903,0.0485586399221899,1
0.26389303207397463,0.015966747143293894,0.007814693450927734,0.0018374078486833169,1.0,10,10.0,0.01,1000,11,0.1388888888888889,4.0,0.7,"{'subsample': np.float64(1.0), 'scale_pos_weight': 10, 'reg_lambda': np.float64(10.0), 'reg_alpha': np.float64(0.01), 'n_estimators': np.int64(1000), 'max_depth': np.int64(11), 'learning_rate': np.float64(0.1388888888888889), 'gamma': np.float64(4.0), 'colsample_bytree': np.float64(0.7)}",0.7947101068488351,0.7521457348046943,0.8342967244701348,0.7197332421340629,0.7529950669485553,0.7707761750412565,0.0396896344142828,58
0.10992612838745117,0.013112354490984546,0.011429786682128906,0.00485717268482985,0.6,5,1.0,0.001,200,11,0.1711111111111111,0.5,0.5,"{'subsample': np.float64(0.6), 'scale_pos_weight': 5, 'reg_lambda': np.float64(1.0), 'reg_alpha': np.float64(0.001), 'n_estimators': np.int64(200), 'max_depth': np.int64(11), 'learning_rate': np.float64(0.1711111111111111), 'gamma': np.float64(0.5), 'colsample_bytree': np.float64(0.5)}",0.815729549833596,0.7344543702925206,0.8153792257838501,0.7067373461012312,0.7919309372797745,0.7728462858581945,0.04439950523232947,53
0.22408766746520997,0.016023637443876602,0.005539321899414062,0.0011558950588963,0.5,2,0.01,1.0,900,13,0.3,3.5,0.5,"{'subsample': np.float64(0.5), 'scale_pos_weight': 2, 'reg_lambda': np.float64(0.01), 'reg_alpha': np.float64(1.0), 'n_estimators': np.int64(900), 'max_depth': np.int64(13), 'learning_rate': np.float64(0.3), 'gamma': np.float64(3.5), 'colsample_bytree': np.float64(0.5)}",0.8124014713610089,0.789630408127518,0.7936591346995971,0.7269151846785226,0.7743128964059197,0.7793838190545133,0.02890541277345766,35
0.2726261615753174,0.00912554278242796,0.012714719772338868,0.006528230758038501,1.0,2,10.0,0.01,1000,7,0.042222222222222223,3.5,1.0,"{'subsample': np.float64(1.0), 'scale_pos_weight': 2, 'reg_lambda': np.float64(10.0), 'reg_alpha': np.float64(0.01), 'n_estimators': np.int64(1000), 'max_depth': np.int64(7), 'learning_rate': np.float64(0.042222222222222223), 'gamma': np.float64(3.5), 'colsample_bytree': np.float64(1.0)}",0.7952355929234542,0.7481170082326152,0.8234366789280084,0.7134062927496579,0.7510570824524313,0.7662505310572334,0.038633064523882474,71
0.25664873123168946,0.019168124512660048,0.006457614898681641,0.0034925403388418185,0.6,5,0.001,10.0,900,13,0.23555555555555557,1.0,0.5,"{'subsample': np.float64(0.6), 'scale_pos_weight': 5, 'reg_lambda': np.float64(0.001), 'reg_alpha': np.float64(10.0), 'n_estimators': np.int64(900), 'max_depth': np.int64(13), 'learning_rate': np.float64(0.23555555555555557), 'gamma': np.float64(1.0), 'colsample_bytree': np.float64(0.5)}",0.8202837624802943,0.788053949903661,0.8025923979681204,0.734781121751026,0.8165961945031712,0.7924614853212546,0.031002094750902376,7
0.25077452659606936,0.046466740137725976,0.007061433792114258,0.001384328811785032,1.0,10,10.0,10.0,900,9,0.2677777777777778,2.0,1.0,"{'subsample': np.float64(1.0), 'scale_pos_weight': 10, 'reg_lambda': np.float64(10.0), 'reg_alpha': np.float64(10.0), 'n_estimators': np.int64(900), 'max_depth': np.int64(9), 'learning_rate': np.float64(0.2677777777777778), 'gamma': np.float64(2.0), 'colsample_bytree': np.float64(1.0)}",0.7819232790331055,0.7370818006656158,0.8166053599579611,0.7060533515731874,0.7450669485553207,0.7573461479570381,0.03823104248871647,88
0.07581901550292969,0.005719021484667513,0.00615086555480957,0.0018363872788112634,0.5,5,0.001,0.001,200,9,0.10666666666666666,4.5,0.5,"{'subsample': np.float64(0.5), 'scale_pos_weight': 5, 'reg_lambda': np.float64(0.001), 'reg_alpha': np.float64(0.001), 'n_estimators': np.int64(200), 'max_depth': np.int64(9), 'learning_rate': np.float64(0.10666666666666666), 'gamma': np.float64(4.5), 'colsample_bytree': np.float64(0.5)}",0.8181818181818182,0.7113329830092836,0.8176563321071991,0.7518809849521203,0.8060253699788584,0.7810154976458559,0.042553149172055625,32
0.09454741477966308,0.014395581966629125,0.013743305206298828,0.0077971731954424315,0.5,5,0.01,1.0,100,7,0.07444444444444444,3.0,1.0,"{'subsample': np.float64(0.5), 'scale_pos_weight': 5, 'reg_lambda': np.float64(0.01), 'reg_alpha': np.float64(1.0), 'n_estimators': np.int64(100), 'max_depth': np.int64(7), 'learning_rate': np.float64(0.07444444444444444), 'gamma': np.float64(3.0), 'colsample_bytree': np.float64(1.0)}",0.8218602207041513,0.7773690663864073,0.8208092485549133,0.7130642954856362,0.7737843551797041,0.7813774372621625,0.0398349865545513,31
0.19689793586730958,0.014135652485892386,0.005924797058105469,0.001892343384440922,0.7,5,0.01,0.001,800,3,0.1711111111111111,3.5,0.5,"{'subsample': np.float64(0.7), 'scale_pos_weight': 5, 'reg_lambda': np.float64(0.01), 'reg_alpha': np.float64(0.001), 'n_estimators': np.int64(800), 'max_depth': np.int64(3), 'learning_rate': np.float64(0.1711111111111111), 'gamma': np.float64(3.5), 'colsample_bytree': np.float64(0.5)}",0.7969872131721844,0.7510947626554563,0.7980381853214222,0.731532147742818,0.7721987315010571,0.7699702080785876,0.025909315504945633,60
0.1325526237487793,0.01950247531520739,0.005301666259765625,0.0009717064477262884,0.7,10,0.1,0.1,500,3,0.10666666666666666,3.5,0.5,"{'subsample': np.float64(0.7), 'scale_pos_weight': 10, 'reg_lambda': np.float64(0.1), 'reg_alpha': np.float64(0.1), 'n_estimators': np.int64(500), 'max_depth': np.int64(3), 'learning_rate': np.float64(0.10666666666666666), 'gamma': np.float64(3.5), 'colsample_bytree': np.float64(0.5)}",0.8097740409879138,0.7624802942722018,0.7810474689087405,0.7279411764705882,0.7662085976039464,0.7694903156486782,0.026617991502544337,61
0.12334775924682617,0.011147770600745318,0.006123733520507812,0.004155016428362336,0.8,5,0.01,0.1,500,3,0.23555555555555557,4.5,0.5,"{'subsample': np.float64(0.8), 'scale_pos_weight': 5, 'reg_lambda': np.float64(0.01), 'reg_alpha': np.float64(0.1), 'n_estimators': np.int64(500), 'max_depth': np.int64(3), 'learning_rate': np.float64(0.23555555555555557), 'gamma': np.float64(4.5), 'colsample_bytree': np.float64(0.5)}",0.7978630232965493,0.7272727272727272,0.7771939043615345,0.7340971272229821,0.7850599013389712,0.7642973366985529,0.02830878033484178,77
0.19784607887268066,0.017848995172261992,0.006613397598266601,0.0022085259672842326,0.8,2,10.0,0.01,800,5,0.3,3.0,1.0,"{'subsample': np.float64(0.8), 'scale_pos_weight': 2, 'reg_lambda': np.float64(10.0), 'reg_alpha': np.float64(0.01), 'n_estimators': np.int64(800), 'max_depth': np.int64(5), 'learning_rate': np.float64(0.3), 'gamma': np.float64(3.0), 'colsample_bytree': np.float64(1.0)}",0.8017165878437554,0.7633561043965669,0.8411280434401822,0.7142612859097127,0.8111346018322763,0.7863193246844986,0.04376423147369704,19
0.23371286392211915,0.05692482803258872,0.007666492462158203,0.0032796692681393174,0.7,2,0.1,0.001,900,3,0.1711111111111111,3.5,0.9,"{'subsample': np.float64(0.7), 'scale_pos_weight': 2, 'reg_lambda': np.float64(0.1), 'reg_alpha': np.float64(0.001), 'n_estimators': np.int64(900), 'max_depth': np.int64(3), 'learning_rate': np.float64(0.1711111111111111), 'gamma': np.float64(3.5), 'colsample_bytree': np.float64(0.9)}",0.8017165878437555,0.7782448765107725,0.7817481170082327,0.7200752393980848,0.7968639887244539,0.77572976189706,0.029195694685103163,45
0.26651997566223146,0.0199989095378433,0.009662485122680664,0.0038244334475674257,0.6,10,0.1,0.01,900,11,0.07444444444444444,5.0,1.0,"{'subsample': np.float64(0.6), 'scale_pos_weight': 10, 'reg_lambda': np.float64(0.1), 'reg_alpha': np.float64(0.01), 'n_estimators': np.int64(900), 'max_depth': np.int64(11), 'learning_rate': np.float64(0.07444444444444444), 'gamma': np.float64(5.0), 'colsample_bytree': np.float64(1.0)}",0.8230863548782624,0.7237694867752671,0.837799964967595,0.7045143638850889,0.7697322057787175,0.7717804752569861,0.052582975319595465,56
0.06116800308227539,0.013607056963496792,0.004955434799194336,0.0005502119727832879,0.6,10,0.001,0.01,100,9,0.10666666666666666,5.0,0.8,"{'subsample': np.float64(0.6), 'scale_pos_weight': 10, 'reg_lambda': np.float64(0.001), 'reg_alpha': np.float64(0.01), 'n_estimators': np.int64(100), 'max_depth': np.int64(9), 'learning_rate': np.float64(0.10666666666666666), 'gamma': np.float64(5.0), 'colsample_bytree': np.float64(0.8)}",0.7749167980381854,0.7605535119985987,0.8230863548782623,0.7245212038303693,0.7112403100775194,0.7588636357645869,0.039579037713607136,85
0.17685904502868652,0.00931284983277598,0.009014701843261719,0.004528352621872485,0.9,1,0.01,0.01,800,9,0.1711111111111111,4.0,0.7,"{'subsample': np.float64(0.9), 'scale_pos_weight': 1, 'reg_lambda': np.float64(0.01), 'reg_alpha': np.float64(0.01), 'n_estimators': np.int64(800), 'max_depth': np.int64(9), 'learning_rate': np.float64(0.1711111111111111), 'gamma': np.float64(4.0), 'colsample_bytree': np.float64(0.7)}",0.7996146435452793,0.7435627955859171,0.8341215624452619,0.7277701778385772,0.7588090204369273,0.7727756399703927,0.03887827845239005,54
0.05781550407409668,0.007359046416938075,0.006493616104125977,0.004051170475223707,0.7,2,1.0,10.0,200,11,0.1711111111111111,1.5,0.5,"{'subsample': np.float64(0.7), 'scale_pos_weight': 2, 'reg_lambda': np.float64(1.0), 'reg_alpha': np.float64(10.0), 'n_estimators': np.int64(200), 'max_depth': np.int64(11), 'learning_rate': np.float64(0.1711111111111111), 'gamma': np.float64(1.5), 'colsample_bytree': np.float64(0.5)}",0.7945349448239623,0.7845507094062006,0.8595200560518479,0.737688098495212,0.7797744890768146,0.7912136595708075,0.03928620610571066,11
0.6268709182739258,0.04741102396937031,0.10292415618896485,0.022081788903965394,0.9,10,0.001,0.01,700,13,0.1388888888888889,4.0,1.0,"{'subsample': np.float64(0.9), 'scale_pos_weight': 10, 'reg_lambda': np.float64(0.001), 'reg_alpha': np.float64(0.01), 'n_estimators': np.int64(700), 'max_depth': np.int64(13), 'learning_rate': np.float64(0.1388888888888889), 'gamma': np.float64(4.0), 'colsample_bytree': np.float64(1.0)}",0.7356805044666316,0.7607286740234717,0.8155543878087231,0.7607729138166894,0.7362579281183932,0.7617988816467818,0.029073569889973217,81
0.1809619426727295,0.157834384072368,0.058735227584838866,0.03530212515119974,0.9,1,1.0,1.0,200,11,0.10666666666666666,1.5,0.6,"{'subsample': np.float64(0.9), 'scale_pos_weight': 1, 'reg_lambda': np.float64(1.0), 'reg_alpha': np.float64(1.0), 'n_estimators': np.int64(200), 'max_depth': np.int64(11), 'learning_rate': np.float64(0.10666666666666666), 'gamma': np.float64(1.5), 'colsample_bytree': np.float64(0.6)}",0.8286915396741986,0.743037309511298,0.8353476966193729,0.7416210670314638,0.7686751233262861,0.783474547232524,0.04084435574274813,26
0.3404702663421631,0.03952865367820538,0.009403371810913086,0.004294334895549782,0.7,2,0.001,10.0,800,9,0.1711111111111111,3.0,0.9,"{'subsample': np.float64(0.7), 'scale_pos_weight': 2, 'reg_lambda': np.float64(0.001), 'reg_alpha': np.float64(10.0), 'n_estimators': np.int64(800), 'max_depth': np.int64(9), 'learning_rate': np.float64(0.1711111111111111), 'gamma': np.float64(3.0), 'colsample_bytree': np.float64(0.9)}",0.791206866351375,0.7822736030828515,0.8451567700122613,0.7580369357045144,0.7854122621564482,0.7924172874614901,0.028694568957271377,8
0.15059266090393067,0.02956988143424436,0.00835113525390625,0.003500098281832505,0.5,1,0.01,1.0,200,7,0.042222222222222223,0.0,0.5,"{'subsample': np.float64(0.5), 'scale_pos_weight': 1, 'reg_lambda': np.float64(0.01), 'reg_alpha': np.float64(1.0), 'n_estimators': np.int64(200), 'max_depth': np.int64(7), 'learning_rate': np.float64(0.042222222222222223), 'gamma': np.float64(0.0), 'colsample_bytree': np.float64(0.5)}",0.8088982308635487,0.7875284638290418,0.8353476966193729,0.7178522571819426,0.7961592670894996,0.7891571831166811,0.03913910288400933,13
