mean_fit_time,std_fit_time,mean_score_time,std_score_time,param_tol,param_solver,param_penalty,param_max_iter,param_class_weight,param_C,params,split0_test_score,split1_test_score,split2_test_score,split3_test_score,split4_test_score,mean_test_score,std_test_score,rank_test_score
0.25717868804931643,0.027922377038577237,0.002618885040283203,0.0010740674227058037,0.0001,newton-cg,l2,500,balanced,1000.0,"{'tol': 0.0001, 'solver': 'newton-cg', 'penalty': 'l2', 'max_iter': 500, 'class_weight': 'balanced', 'C': 1000}",0.8015414258188824,0.7768435803117885,0.8483096864599754,0.7657318741450068,0.8088442565186752,0.8002541646508657,0.028721503779662635,13
0.0020548343658447266,0.0008623270300588948,0.0,0.0,0.01,lbfgs,l1,400,balanced,0.0001,"{'tol': 0.01, 'solver': 'lbfgs', 'penalty': 'l1', 'max_iter': 400, 'class_weight': 'balanced', 'C': 0.0001}",,,,,,,,62
0.001233673095703125,0.0007136926833736484,0.0,0.0,0.01,lbfgs,l1,100,balanced,0.0001,"{'tol': 0.01, 'solver': 'lbfgs', 'penalty': 'l1', 'max_iter': 100, 'class_weight': 'balanced', 'C': 0.0001}",,,,,,,,62
0.04878244400024414,0.007651365729798761,0.0030415534973144533,0.002565540249573885,0.0001,lbfgs,l2,400,balanced,0.001,"{'tol': 0.0001, 'solver': 'lbfgs', 'penalty': 'l2', 'max_iter': 400, 'class_weight': 'balanced', 'C': 0.001}",0.6771763881590471,0.7256962690488702,0.7134349273077597,0.7139192886456908,0.726568005637773,0.7113589757598282,0.017978802188533982,28
0.008820772171020508,0.0037408820760916005,0.001965236663818359,0.0007764472470066159,0.001,liblinear,l2,200,,0.0001,"{'tol': 0.001, 'solver': 'liblinear', 'penalty': 'l2', 'max_iter': 200, 'class_weight': None, 'C': 0.0001}",0.5918724820458925,0.624978104746891,0.6111403047819233,0.6911764705882353,0.6897463002114165,0.6417827324748717,0.041116011919218716,42
0.0020371437072753905,0.0009148965167290672,0.0,0.0,0.001,sag,l1,100,,10000.0,"{'tol': 0.001, 'solver': 'sag', 'penalty': 'l1', 'max_iter': 100, 'class_weight': None, 'C': 10000.0}",,,,,,,,62
0.0019529342651367187,0.0001697643684066898,0.0,0.0,0.01,lbfgs,l1,200,,10000.0,"{'tol': 0.01, 'solver': 'lbfgs', 'penalty': 'l1', 'max_iter': 200, 'class_weight': None, 'C': 10000.0}",,,,,,,,62
0.0016690731048583985,0.0005618977246793349,0.0,0.0,0.0001,sag,none,1000,balanced,1.0,"{'tol': 0.0001, 'solver': 'sag', 'penalty': 'none', 'max_iter': 1000, 'class_weight': 'balanced', 'C': 1}",,,,,,,,62
0.009994983673095703,0.0033259959711674546,0.00292353630065918,0.001407509394692446,0.01,liblinear,l2,300,balanced,0.01,"{'tol': 0.01, 'solver': 'liblinear', 'penalty': 'l2', 'max_iter': 300, 'class_weight': 'balanced', 'C': 0.01}",0.6153441933788755,0.6978455070940621,0.649851112278858,0.704172366621067,0.6675475687103594,0.6669521496166444,0.032545123256945356,32
0.0012502193450927735,0.0006163022669567223,0.0,0.0,0.01,saga,elasticnet,300,,10000.0,"{'tol': 0.01, 'solver': 'saga', 'penalty': 'elasticnet', 'max_iter': 300, 'class_weight': None, 'C': 10000.0}",,,,,,,,62
0.012287616729736328,0.0032414226800103873,0.0030982494354248047,0.0017432082435178246,0.001,liblinear,l1,600,,100.0,"{'tol': 0.001, 'solver': 'liblinear', 'penalty': 'l1', 'max_iter': 600, 'class_weight': None, 'C': 100}",0.8269399194254686,0.8052198283412156,0.8770362585391487,0.7698358413132695,0.8393234672304439,0.8236710629699093,0.03561518336313337,6
0.04936099052429199,0.009264520611080858,0.00230259895324707,0.0005534666868548584,0.0001,lbfgs,l2,400,balanced,0.0001,"{'tol': 0.0001, 'solver': 'lbfgs', 'penalty': 'l2', 'max_iter': 400, 'class_weight': 'balanced', 'C': 0.0001}",0.5820634086530041,0.6572079173235242,0.6540550008758101,0.7077633378932969,0.6754756871035941,0.6553130703698459,0.04129951041427743,39
0.0011591434478759766,0.000647780259033732,0.0,0.0,0.0001,liblinear,none,800,,10000.0,"{'tol': 0.0001, 'solver': 'liblinear', 'penalty': 'none', 'max_iter': 800, 'class_weight': None, 'C': 10000.0}",,,,,,,,62
0.0009151935577392578,0.0005963649966650444,0.0,0.0,0.001,sag,none,700,,0.01,"{'tol': 0.001, 'solver': 'sag', 'penalty': 'none', 'max_iter': 700, 'class_weight': None, 'C': 0.01}",,,,,,,,62
0.0018400192260742188,0.0006249124716679302,0.0,0.0,0.01,sag,elasticnet,1000,,1000.0,"{'tol': 0.01, 'solver': 'sag', 'penalty': 'elasticnet', 'max_iter': 1000, 'class_weight': None, 'C': 1000}",,,,,,,,62
0.0008384227752685547,0.00041335947511668235,0.0,0.0,0.01,newton-cg,none,800,,0.01,"{'tol': 0.01, 'solver': 'newton-cg', 'penalty': 'none', 'max_iter': 800, 'class_weight': None, 'C': 0.01}",,,,,,,,62
0.0005609035491943359,9.2301264142687e-05,0.0,0.0,0.001,newton-cg,none,500,,100.0,"{'tol': 0.001, 'solver': 'newton-cg', 'penalty': 'none', 'max_iter': 500, 'class_weight': None, 'C': 100}",,,,,,,,62
0.015528249740600585,0.0036412334239694782,0.001510953903198242,5.5672775206782574e-05,0.001,liblinear,l2,300,balanced,10.0,"{'tol': 0.001, 'solver': 'liblinear', 'penalty': 'l2', 'max_iter': 300, 'class_weight': 'balanced', 'C': 10}",0.8483096864599755,0.7847258714310739,0.8812401471361009,0.7583789329685361,0.8285764622973926,0.8202462200586158,0.04396923151718478,8
0.04580669403076172,0.013832209801148385,0.003028726577758789,0.0015245703405910042,0.0001,newton-cg,l2,100,,0.0001,"{'tol': 0.0001, 'solver': 'newton-cg', 'penalty': 'l2', 'max_iter': 100, 'class_weight': None, 'C': 0.0001}",0.5959012086179716,0.6591346995971273,0.6642143983184445,0.7270861833105335,0.7041930937279774,0.6701059167144109,0.044877840223971975,31
0.005526304244995117,0.0019949395846256272,0.0013876914978027343,5.862336167981453e-05,0.01,liblinear,l2,500,balanced,10.0,"{'tol': 0.01, 'solver': 'liblinear', 'penalty': 'l2', 'max_iter': 500, 'class_weight': 'balanced', 'C': 10}",0.6155193554037485,0.6924154843229988,0.649675950253985,0.6956224350205198,0.6677237491190979,0.66419139482407,0.029585985179272075,33
0.001540231704711914,0.0006319433357867452,0.0,0.0,0.001,newton-cg,elasticnet,300,balanced,0.001,"{'tol': 0.001, 'solver': 'newton-cg', 'penalty': 'elasticnet', 'max_iter': 300, 'class_weight': 'balanced', 'C': 0.001}",,,,,,,,62
0.0025511741638183593,0.0015489348296647673,0.0,0.0,0.001,lbfgs,elasticnet,900,,0.001,"{'tol': 0.001, 'solver': 'lbfgs', 'penalty': 'elasticnet', 'max_iter': 900, 'class_weight': None, 'C': 0.001}",,,,,,,,62
0.0009454727172851562,0.000515143484609588,0.0,0.0,0.0001,liblinear,none,400,,0.001,"{'tol': 0.0001, 'solver': 'liblinear', 'penalty': 'none', 'max_iter': 400, 'class_weight': None, 'C': 0.001}",,,,,,,,62
0.0020888805389404296,0.0012982711914951482,0.0,0.0,0.0001,saga,elasticnet,800,balanced,1000.0,"{'tol': 0.0001, 'solver': 'saga', 'penalty': 'elasticnet', 'max_iter': 800, 'class_weight': 'balanced', 'C': 1000}",,,,,,,,62
0.0019634246826171877,0.0002803922264628915,0.0,0.0,0.0001,newton-cg,elasticnet,600,balanced,0.01,"{'tol': 0.0001, 'solver': 'newton-cg', 'penalty': 'elasticnet', 'max_iter': 600, 'class_weight': 'balanced', 'C': 0.01}",,,,,,,,62
0.0015277862548828125,0.000529700733586988,0.0,0.0,0.001,newton-cg,none,100,balanced,100.0,"{'tol': 0.001, 'solver': 'newton-cg', 'penalty': 'none', 'max_iter': 100, 'class_weight': 'balanced', 'C': 100}",,,,,,,,62
0.026310062408447264,0.008266208086092918,0.0016149520874023438,0.0005026137482061576,0.01,saga,l1,300,,0.1,"{'tol': 0.01, 'solver': 'saga', 'penalty': 'l1', 'max_iter': 300, 'class_weight': None, 'C': 0.1}",0.6093886845331933,0.6048344718864951,0.6162200035032405,0.6764705882352942,0.6763565891472867,0.636654067461102,0.03266522399548075,43
0.07126598358154297,0.013588339324440648,0.002467918395996094,0.0010215358395969183,0.01,lbfgs,l2,600,,1000.0,"{'tol': 0.01, 'solver': 'lbfgs', 'penalty': 'l2', 'max_iter': 600, 'class_weight': None, 'C': 1000}",0.7626554562970748,0.7367314766158697,0.8267647574005955,0.6993844049247606,0.7862931642001408,0.7623658518876882,0.04322870119166763,21
0.048630046844482425,0.014406177659491936,0.002016592025756836,0.0011934071867927,0.01,saga,l2,900,balanced,10.0,"{'tol': 0.01, 'solver': 'saga', 'penalty': 'l2', 'max_iter': 900, 'class_weight': 'balanced', 'C': 10}",0.5258363986687686,0.6190225959012087,0.651777894552461,0.6400478796169631,0.611522198731501,0.6096413934941805,0.04430544134618031,59
0.00045328140258789064,4.335795089881573e-05,0.0,0.0,0.001,newton-cg,l1,800,,0.1,"{'tol': 0.001, 'solver': 'newton-cg', 'penalty': 'l1', 'max_iter': 800, 'class_weight': None, 'C': 0.1}",,,,,,,,62
0.005233144760131836,0.0021520550132789395,0.001319122314453125,0.00016135674834280377,0.01,liblinear,l2,100,balanced,1.0,"{'tol': 0.01, 'solver': 'liblinear', 'penalty': 'l2', 'max_iter': 100, 'class_weight': 'balanced', 'C': 1}",0.6155193554037485,0.6924154843229988,0.6479243300052548,0.6956224350205198,0.6677237491190979,0.663841070774324,0.029765611793456232,36
0.000519418716430664,3.2356695304046245e-05,0.0,0.0,0.001,liblinear,elasticnet,600,balanced,0.0001,"{'tol': 0.001, 'solver': 'liblinear', 'penalty': 'elasticnet', 'max_iter': 600, 'class_weight': 'balanced', 'C': 0.0001}",,,,,,,,62
0.000801992416381836,0.0007230117751082912,0.0,0.0,0.0001,lbfgs,l1,200,,0.01,"{'tol': 0.0001, 'solver': 'lbfgs', 'penalty': 'l1', 'max_iter': 200, 'class_weight': None, 'C': 0.01}",,,,,,,,62
0.0004756927490234375,8.48433074029367e-05,0.0,0.0,0.001,newton-cg,l1,500,,10000.0,"{'tol': 0.001, 'solver': 'newton-cg', 'penalty': 'l1', 'max_iter': 500, 'class_weight': None, 'C': 10000.0}",,,,,,,,62
0.0004241466522216797,1.0921548889123719e-05,0.0,0.0,0.001,newton-cg,elasticnet,400,,0.001,"{'tol': 0.001, 'solver': 'newton-cg', 'penalty': 'elasticnet', 'max_iter': 400, 'class_weight': None, 'C': 0.001}",,,,,,,,62
0.0033783912658691406,0.003629197364489934,0.0,0.0,0.001,newton-cg,none,300,,0.001,"{'tol': 0.001, 'solver': 'newton-cg', 'penalty': 'none', 'max_iter': 300, 'class_weight': None, 'C': 0.001}",,,,,,,,62
0.0015539169311523438,0.0005473857884661791,0.0,0.0,0.01,newton-cg,elasticnet,500,,0.01,"{'tol': 0.01, 'solver': 'newton-cg', 'penalty': 'elasticnet', 'max_iter': 500, 'class_weight': None, 'C': 0.01}",,,,,,,,62
0.051351165771484374,0.03026040031008144,0.0018588066101074218,0.0009282458364648067,0.0001,liblinear,l1,1000,,10000.0,"{'tol': 0.0001, 'solver': 'liblinear', 'penalty': 'l1', 'max_iter': 1000, 'class_weight': None, 'C': 10000.0}",0.8236118409528813,0.8043440182168505,0.8731826939919426,0.7727428180574556,0.8366807610993658,0.8221124264636991,0.03339380603970144,7
0.19324955940246583,0.025471203223940714,0.0022441387176513673,0.0011518188015884037,0.0001,newton-cg,l2,100,balanced,10.0,"{'tol': 0.0001, 'solver': 'newton-cg', 'penalty': 'l2', 'max_iter': 100, 'class_weight': 'balanced', 'C': 10}",0.8078472587143107,0.7752671220879314,0.8582939218777369,0.7635088919288644,0.8144820295983086,0.8038798448414305,0.03327924343072729,10
0.08518509864807129,0.012638280907347232,0.0013796329498291016,7.940141963702774e-05,0.001,lbfgs,l2,700,balanced,0.001,"{'tol': 0.001, 'solver': 'lbfgs', 'penalty': 'l2', 'max_iter': 700, 'class_weight': 'balanced', 'C': 0.001}",0.674899281835698,0.7284988614468384,0.7162375197057278,0.719391244870041,0.7315010570824525,0.7141055929881516,0.020393069457580838,27
0.0020046234130859375,0.00037864533542635053,0.0,0.0,0.0001,newton-cg,l1,300,,0.0001,"{'tol': 0.0001, 'solver': 'newton-cg', 'penalty': 'l1', 'max_iter': 300, 'class_weight': None, 'C': 0.0001}",,,,,,,,62
0.18634510040283203,0.11677334628937762,0.002504396438598633,0.0012013611455712267,0.0001,saga,l1,500,balanced,0.001,"{'tol': 0.0001, 'solver': 'saga', 'penalty': 'l1', 'max_iter': 500, 'class_weight': 'balanced', 'C': 0.001}",0.5240847784200385,0.6218251882991768,0.653004028726572,0.6414158686730507,0.6109936575052854,0.6102647043248247,0.045515273660570184,57
0.0005114078521728516,4.678329041921921e-05,0.0,0.0,0.0001,sag,l1,300,balanced,10.0,"{'tol': 0.0001, 'solver': 'sag', 'penalty': 'l1', 'max_iter': 300, 'class_weight': 'balanced', 'C': 10}",,,,,,,,62
0.0004587650299072266,3.967829584399387e-05,0.0,0.0,0.0001,newton-cg,l1,700,balanced,1000.0,"{'tol': 0.0001, 'solver': 'newton-cg', 'penalty': 'l1', 'max_iter': 700, 'class_weight': 'balanced', 'C': 1000}",,,,,,,,62
0.0004934787750244141,7.48975032379396e-05,0.0,0.0,0.01,lbfgs,l1,1000,balanced,1.0,"{'tol': 0.01, 'solver': 'lbfgs', 'penalty': 'l1', 'max_iter': 1000, 'class_weight': 'balanced', 'C': 1}",,,,,,,,62
0.00045576095581054685,7.801207468663777e-06,0.0,0.0,0.0001,lbfgs,none,700,balanced,1.0,"{'tol': 0.0001, 'solver': 'lbfgs', 'penalty': 'none', 'max_iter': 700, 'class_weight': 'balanced', 'C': 1}",,,,,,,,62
0.0012265682220458985,0.0006727042735314692,0.0,0.0,0.01,saga,none,400,balanced,0.1,"{'tol': 0.01, 'solver': 'saga', 'penalty': 'none', 'max_iter': 400, 'class_weight': 'balanced', 'C': 0.1}",,,,,,,,62
0.0573420524597168,0.02409011981212905,0.0013861656188964844,6.793180876482497e-05,0.01,saga,l1,800,balanced,10.0,"{'tol': 0.01, 'solver': 'saga', 'penalty': 'l1', 'max_iter': 800, 'class_weight': 'balanced', 'C': 10}",0.5282886670169907,0.6190225959012087,0.651777894552461,0.6397058823529411,0.611522198731501,0.6100634477110205,0.04333192369414973,58
0.0016505718231201172,0.00014861500411767574,0.0,0.0,0.0001,liblinear,none,400,,1.0,"{'tol': 0.0001, 'solver': 'liblinear', 'penalty': 'none', 'max_iter': 400, 'class_weight': None, 'C': 1}",,,,,,,,62
0.0016155719757080078,0.00018493878220368499,0.0,0.0,0.001,newton-cg,none,900,,100.0,"{'tol': 0.001, 'solver': 'newton-cg', 'penalty': 'none', 'max_iter': 900, 'class_weight': None, 'C': 100}",,,,,,,,62
0.0008887290954589844,0.0005199572090054521,0.0,0.0,0.001,sag,elasticnet,400,balanced,0.001,"{'tol': 0.001, 'solver': 'sag', 'penalty': 'elasticnet', 'max_iter': 400, 'class_weight': 'balanced', 'C': 0.001}",,,,,,,,62
0.0007922172546386719,0.0004891310036771013,0.0,0.0,0.0001,saga,none,800,balanced,0.0001,"{'tol': 0.0001, 'solver': 'saga', 'penalty': 'none', 'max_iter': 800, 'class_weight': 'balanced', 'C': 0.0001}",,,,,,,,62
0.0006599903106689453,0.0005240364525396278,0.0,0.0,0.01,saga,none,500,,0.001,"{'tol': 0.01, 'solver': 'saga', 'penalty': 'none', 'max_iter': 500, 'class_weight': None, 'C': 0.001}",,,,,,,,62
0.0012932777404785155,0.0004948718074893981,0.0,0.0,0.001,lbfgs,none,900,,0.0001,"{'tol': 0.001, 'solver': 'lbfgs', 'penalty': 'none', 'max_iter': 900, 'class_weight': None, 'C': 0.0001}",,,,,,,,62
0.001058816909790039,0.0007292169339985163,0.0,0.0,0.0001,sag,none,500,,1000.0,"{'tol': 0.0001, 'solver': 'sag', 'penalty': 'none', 'max_iter': 500, 'class_weight': None, 'C': 1000}",,,,,,,,62
0.0004002571105957031,4.300531916002077e-06,0.0,0.0,0.01,saga,none,1000,balanced,1.0,"{'tol': 0.01, 'solver': 'saga', 'penalty': 'none', 'max_iter': 1000, 'class_weight': 'balanced', 'C': 1}",,,,,,,,62
0.0009370326995849609,0.0005707227951568627,0.0,0.0,0.001,sag,elasticnet,500,,1.0,"{'tol': 0.001, 'solver': 'sag', 'penalty': 'elasticnet', 'max_iter': 500, 'class_weight': None, 'C': 1}",,,,,,,,62
0.0008657455444335937,0.000570609081611675,0.0,0.0,0.01,saga,none,100,,1.0,"{'tol': 0.01, 'solver': 'saga', 'penalty': 'none', 'max_iter': 100, 'class_weight': None, 'C': 1}",,,,,,,,62
0.005648660659790039,0.002330699646511098,0.0019411087036132813,0.000900820619926217,0.01,liblinear,l2,400,balanced,10000.0,"{'tol': 0.01, 'solver': 'liblinear', 'penalty': 'l2', 'max_iter': 400, 'class_weight': 'balanced', 'C': 10000.0}",0.6155193554037485,0.6924154843229988,0.7052023121387283,0.6956224350205198,0.6677237491190979,0.6752966672010186,0.03234567801185181,30
0.0004901409149169922,4.7006422279692825e-05,0.0,0.0,0.01,saga,none,500,,10.0,"{'tol': 0.01, 'solver': 'saga', 'penalty': 'none', 'max_iter': 500, 'class_weight': None, 'C': 10}",,,,,,,,62
0.0008035659790039063,0.0007508513491623999,0.0,0.0,0.01,newton-cg,none,1000,,100.0,"{'tol': 0.01, 'solver': 'newton-cg', 'penalty': 'none', 'max_iter': 1000, 'class_weight': None, 'C': 100}",,,,,,,,62
0.0016433238983154298,5.62980128769561e-05,0.0,0.0,0.001,newton-cg,elasticnet,500,balanced,0.1,"{'tol': 0.001, 'solver': 'newton-cg', 'penalty': 'elasticnet', 'max_iter': 500, 'class_weight': 'balanced', 'C': 0.1}",,,,,,,,62
0.23032541275024415,0.04642940883316404,0.002840137481689453,0.0011165215585479961,0.0001,saga,l1,300,,100.0,"{'tol': 0.0001, 'solver': 'saga', 'penalty': 'l1', 'max_iter': 300, 'class_weight': None, 'C': 100}",0.6057102820108601,0.6015063934139079,0.6114906288316693,0.6822845417236661,0.6726568005637773,0.6347297293087761,0.03517356131597183,50
0.0008821964263916015,0.0007082751800537121,0.0,0.0,0.01,lbfgs,l1,600,,10.0,"{'tol': 0.01, 'solver': 'lbfgs', 'penalty': 'l1', 'max_iter': 600, 'class_weight': None, 'C': 10}",,,,,,,,62
0.0007472991943359375,0.0006292777286421446,0.0,0.0,0.0001,saga,elasticnet,1000,,0.1,"{'tol': 0.0001, 'solver': 'saga', 'penalty': 'elasticnet', 'max_iter': 1000, 'class_weight': None, 'C': 0.1}",,,,,,,,62
0.004939889907836914,0.0017245808506487314,0.0020370960235595705,0.001137960178347869,0.01,liblinear,l2,200,balanced,10.0,"{'tol': 0.01, 'solver': 'liblinear', 'penalty': 'l2', 'max_iter': 200, 'class_weight': 'balanced', 'C': 10}",0.6155193554037485,0.6924154843229988,0.649675950253985,0.6956224350205198,0.6677237491190979,0.66419139482407,0.029585985179272075,33
0.0007844448089599609,0.0005613134011745784,0.0,0.0,0.01,lbfgs,elasticnet,300,balanced,1000.0,"{'tol': 0.01, 'solver': 'lbfgs', 'penalty': 'elasticnet', 'max_iter': 300, 'class_weight': 'balanced', 'C': 1000}",,,,,,,,62
0.0007373332977294922,0.0005388315293356358,0.0,0.0,0.001,liblinear,elasticnet,800,balanced,0.0001,"{'tol': 0.001, 'solver': 'liblinear', 'penalty': 'elasticnet', 'max_iter': 800, 'class_weight': 'balanced', 'C': 0.0001}",,,,,,,,62
0.004643678665161133,0.0007796438752320687,0.00171356201171875,0.0010971407974624842,0.01,liblinear,l1,500,,100.0,"{'tol': 0.01, 'solver': 'liblinear', 'penalty': 'l1', 'max_iter': 500, 'class_weight': None, 'C': 100}",0.838500613067087,0.8050446663163426,0.8772114205640218,0.7693228454172367,0.8391472868217054,0.8258453664372787,0.03634014963565394,2
0.07793879508972168,0.01840304874006062,0.003687477111816406,0.003427582976999693,0.0001,lbfgs,l2,700,,0.1,"{'tol': 0.0001, 'solver': 'lbfgs', 'penalty': 'l2', 'max_iter': 700, 'class_weight': None, 'C': 0.1}",0.7642319145209319,0.7617796461727098,0.8293921877736906,0.7028043775649795,0.7832980972515856,0.7683012446567796,0.04075767219075905,18
0.0011843204498291015,0.0005866406767459816,0.0,0.0,0.01,sag,l1,600,,100.0,"{'tol': 0.01, 'solver': 'sag', 'penalty': 'l1', 'max_iter': 600, 'class_weight': None, 'C': 100}",,,,,,,,62
0.0007473945617675782,0.00044217103252412477,0.0,0.0,0.0001,lbfgs,elasticnet,800,,1.0,"{'tol': 0.0001, 'solver': 'lbfgs', 'penalty': 'elasticnet', 'max_iter': 800, 'class_weight': None, 'C': 1}",,,,,,,,62
0.00039653778076171876,7.318168863445204e-06,0.0,0.0,0.001,saga,none,100,,0.01,"{'tol': 0.001, 'solver': 'saga', 'penalty': 'none', 'max_iter': 100, 'class_weight': None, 'C': 0.01}",,,,,,,,62
0.3513376712799072,0.2415473836042914,0.0028178215026855467,0.0012919823774246368,0.001,saga,l1,1000,,1000.0,"{'tol': 0.001, 'solver': 'saga', 'penalty': 'l1', 'max_iter': 1000, 'class_weight': None, 'C': 1000}",0.6030828516377649,0.6020318794885269,0.6106148187073043,0.6836525307797537,0.6742424242424243,0.6347249009711549,0.03635078158893566,51
0.18027563095092775,0.017997689768944492,0.0017254352569580078,0.0005672334060140013,0.0001,sag,l2,600,,10.0,"{'tol': 0.0001, 'solver': 'sag', 'penalty': 'l2', 'max_iter': 600, 'class_weight': None, 'C': 10}",0.6023822035382729,0.603258013662638,0.6144683832545104,0.6845075239398085,0.6756518675123326,0.6360535983815124,0.03630713577242616,44
0.004983234405517578,0.0011417334827609788,0.0015287399291992188,0.0009423191085583122,0.0001,liblinear,l2,1000,balanced,0.0001,"{'tol': 0.0001, 'solver': 'liblinear', 'penalty': 'l2', 'max_iter': 1000, 'class_weight': 'balanced', 'C': 0.0001}",0.5901208617971623,0.6699947451392538,0.650902084428096,0.7045143638850889,0.6752995066948556,0.6581663123888913,0.03811706284604783,38
0.03818798065185547,0.011127781505065796,0.0018260478973388672,0.0010592689388906709,0.0001,newton-cg,l2,800,balanced,0.01,"{'tol': 0.0001, 'solver': 'newton-cg', 'penalty': 'l2', 'max_iter': 800, 'class_weight': 'balanced', 'C': 0.01}",0.7940094587493431,0.765633210719916,0.8432299877386582,0.7431600547195623,0.8130725863284002,0.7918210596511759,0.03507988368404485,16
0.017354583740234374,0.008105622308770464,0.002446413040161133,0.0012192572192524518,0.01,liblinear,l1,900,balanced,100.0,"{'tol': 0.01, 'solver': 'liblinear', 'penalty': 'l1', 'max_iter': 900, 'class_weight': 'balanced', 'C': 100}",0.8025923979681205,0.7761429322122964,0.8507619548081976,0.7636798905608756,0.8157152924594786,0.8017784936017938,0.030669078355570163,11
0.0004643440246582031,4.517553324232931e-05,0.0,0.0,0.001,sag,none,600,,10000.0,"{'tol': 0.001, 'solver': 'sag', 'penalty': 'none', 'max_iter': 600, 'class_weight': None, 'C': 10000.0}",,,,,,,,62
0.0043827533721923825,0.0012706385573860101,0.0016493797302246094,0.0009782739353916784,0.001,liblinear,l1,900,,0.1,"{'tol': 0.001, 'solver': 'liblinear', 'penalty': 'l1', 'max_iter': 900, 'class_weight': None, 'C': 0.1}",0.7948852688737081,0.7845507094062008,0.8591697320021019,0.7441860465116279,0.7861169837914024,0.7937817481170082,0.037095823215545894,15
0.012978649139404297,0.0034977575363108124,0.0024880409240722657,0.0011604300950559768,0.001,liblinear,l2,800,balanced,0.01,"{'tol': 0.001, 'solver': 'liblinear', 'penalty': 'l2', 'max_iter': 800, 'class_weight': 'balanced', 'C': 0.01}",0.8050446663163426,0.7794710106848836,0.8409528814153091,0.7370041039671682,0.8090204369274137,0.7942986198622235,0.03467376264186917,14
0.0007382392883300781,0.00047088944381642214,0.0,0.0,0.0001,newton-cg,none,200,balanced,0.0001,"{'tol': 0.0001, 'solver': 'newton-cg', 'penalty': 'none', 'max_iter': 200, 'class_weight': 'balanced', 'C': 0.0001}",,,,,,,,62
0.0005754947662353516,0.00017184455687738567,0.0,0.0,0.01,sag,l1,700,,10.0,"{'tol': 0.01, 'solver': 'sag', 'penalty': 'l1', 'max_iter': 700, 'class_weight': None, 'C': 10}",,,,,,,,62
0.011424970626831055,0.0032051753257335783,0.0021619796752929688,0.0010285075854855178,0.0001,liblinear,l2,200,,100.0,"{'tol': 0.0001, 'solver': 'liblinear', 'penalty': 'l2', 'max_iter': 200, 'class_weight': None, 'C': 100}",0.8420038535645472,0.8127517954107549,0.8928008407777193,0.7688098495212038,0.806906272022551,0.8246545222593552,0.04128007458926276,4
0.0014007568359375,0.000628261672273894,0.0,0.0,0.0001,lbfgs,elasticnet,900,,0.1,"{'tol': 0.0001, 'solver': 'lbfgs', 'penalty': 'elasticnet', 'max_iter': 900, 'class_weight': None, 'C': 0.1}",,,,,,,,62
0.001061391830444336,0.0005900605687535047,0.0,0.0,0.01,newton-cg,none,600,balanced,1.0,"{'tol': 0.01, 'solver': 'newton-cg', 'penalty': 'none', 'max_iter': 600, 'class_weight': 'balanced', 'C': 1}",,,,,,,,62
0.0017606258392333985,0.0007448940416998572,0.0,0.0,0.01,sag,none,600,,0.001,"{'tol': 0.01, 'solver': 'sag', 'penalty': 'none', 'max_iter': 600, 'class_weight': None, 'C': 0.001}",,,,,,,,62
0.0006119251251220703,0.00022286578112555398,0.0,0.0,0.001,liblinear,none,1000,balanced,0.001,"{'tol': 0.001, 'solver': 'liblinear', 'penalty': 'none', 'max_iter': 1000, 'class_weight': 'balanced', 'C': 0.001}",,,,,,,,62
0.00045504570007324217,3.1866139310080764e-06,0.0,0.0,0.001,newton-cg,none,900,balanced,0.001,"{'tol': 0.001, 'solver': 'newton-cg', 'penalty': 'none', 'max_iter': 900, 'class_weight': 'balanced', 'C': 0.001}",,,,,,,,62
0.0004889965057373047,8.424998783689314e-05,0.0,0.0,0.01,saga,none,600,,100.0,"{'tol': 0.01, 'solver': 'saga', 'penalty': 'none', 'max_iter': 600, 'class_weight': None, 'C': 100}",,,,,,,,62
0.016216850280761717,0.0061396997207223405,0.0025705337524414063,0.0009781164861373372,0.001,lbfgs,l2,100,balanced,0.001,"{'tol': 0.001, 'solver': 'lbfgs', 'penalty': 'l2', 'max_iter': 100, 'class_weight': 'balanced', 'C': 0.001}",0.6572079173235242,0.7064284463128393,0.6878612716763005,0.7099863201094392,0.7052501761804087,0.6933468263205025,0.019625510573280384,29
0.006476211547851563,0.0022215031129807087,0.0023317337036132812,0.0015895907830684242,0.01,liblinear,l1,600,,1.0,"{'tol': 0.01, 'solver': 'liblinear', 'penalty': 'l1', 'max_iter': 600, 'class_weight': None, 'C': 1}",0.8661762129970222,0.8034682080924855,0.8912243825538623,0.7676128590971273,0.8291050035236082,0.8315173332528211,0.04391474525818932,1
0.0004920005798339844,2.5061682826525566e-05,0.0,0.0,0.01,liblinear,none,900,,10.0,"{'tol': 0.01, 'solver': 'liblinear', 'penalty': 'none', 'max_iter': 900, 'class_weight': None, 'C': 10}",,,,,,,,62
0.0004576206207275391,9.705581985446879e-05,0.0,0.0,0.0001,newton-cg,none,1000,,0.1,"{'tol': 0.0001, 'solver': 'newton-cg', 'penalty': 'none', 'max_iter': 1000, 'class_weight': None, 'C': 0.1}",,,,,,,,62
0.00043363571166992186,4.393205053502288e-05,0.0,0.0,0.01,newton-cg,l1,900,balanced,10.0,"{'tol': 0.01, 'solver': 'newton-cg', 'penalty': 'l1', 'max_iter': 900, 'class_weight': 'balanced', 'C': 10}",,,,,,,,62
0.0004546642303466797,2.3211245635741706e-05,0.0,0.0,0.01,newton-cg,elasticnet,400,balanced,0.0001,"{'tol': 0.01, 'solver': 'newton-cg', 'penalty': 'elasticnet', 'max_iter': 400, 'class_weight': 'balanced', 'C': 0.0001}",,,,,,,,62
0.0422760009765625,0.007077715791829033,0.003208637237548828,0.0013763723392044094,0.001,lbfgs,l2,300,balanced,10.0,"{'tol': 0.001, 'solver': 'lbfgs', 'penalty': 'l2', 'max_iter': 300, 'class_weight': 'balanced', 'C': 10}",0.6866351375021895,0.7327027500437905,0.7652828866701699,0.6877564979480164,0.7716701902748414,0.7288094924878015,0.036459648740786554,25
0.0006485462188720703,0.0003028926305336695,0.0,0.0,0.0001,liblinear,none,900,,1.0,"{'tol': 0.0001, 'solver': 'liblinear', 'penalty': 'none', 'max_iter': 900, 'class_weight': None, 'C': 1}",,,,,,,,62
0.006602191925048828,0.001949164957629864,0.002809000015258789,0.0010193123584999301,0.0001,liblinear,l1,800,,0.01,"{'tol': 0.0001, 'solver': 'liblinear', 'penalty': 'l1', 'max_iter': 800, 'class_weight': None, 'C': 0.01}",0.5643720441408303,0.6512524084778419,0.6482746540550007,0.7260601915184678,0.7038407329105003,0.6587600062205282,0.0559231273794529,37
0.0016222953796386718,0.0003842259789587607,0.0,0.0,0.0001,lbfgs,none,800,balanced,1.0,"{'tol': 0.0001, 'solver': 'lbfgs', 'penalty': 'none', 'max_iter': 800, 'class_weight': 'balanced', 'C': 1}",,,,,,,,62
0.02188105583190918,0.006312316088379545,0.0022806644439697264,0.001220390080381644,0.01,newton-cg,l2,200,balanced,0.001,"{'tol': 0.01, 'solver': 'newton-cg', 'penalty': 'l2', 'max_iter': 200, 'class_weight': 'balanced', 'C': 0.001}",0.6715712033631109,0.7176388159047119,0.7239446488001401,0.7294801641586867,0.7329105003523608,0.7151090665158021,0.022376023633680582,26
0.0005156517028808594,4.963217461819953e-05,0.0,0.0,0.001,lbfgs,elasticnet,700,,10000.0,"{'tol': 0.001, 'solver': 'lbfgs', 'penalty': 'elasticnet', 'max_iter': 700, 'class_weight': None, 'C': 10000.0}",,,,,,,,62
0.0009831905364990235,0.0005618657521255589,0.0,0.0,0.001,sag,none,800,,0.01,"{'tol': 0.001, 'solver': 'sag', 'penalty': 'none', 'max_iter': 800, 'class_weight': None, 'C': 0.01}",,,,,,,,62
0.0018555641174316407,0.0002801867469328945,0.0,0.0,0.01,lbfgs,elasticnet,400,,0.001,"{'tol': 0.01, 'solver': 'lbfgs', 'penalty': 'elasticnet', 'max_iter': 400, 'class_weight': None, 'C': 0.001}",,,,,,,,62
0.04353399276733398,0.004415955941917707,0.0028972625732421875,0.0012434838601804075,0.001,saga,l2,100,,0.1,"{'tol': 0.001, 'solver': 'saga', 'penalty': 'l2', 'max_iter': 100, 'class_weight': None, 'C': 0.1}",0.6071115782098441,0.6022070415134,0.6106148187073043,0.6822845417236663,0.6715997181113461,0.6347635396531122,0.0347069645670607,49
0.0010155677795410157,0.0004934201748056593,0.0,0.0,0.0001,liblinear,none,600,,100.0,"{'tol': 0.0001, 'solver': 'liblinear', 'penalty': 'none', 'max_iter': 600, 'class_weight': None, 'C': 100}",,,,,,,,62
0.006076002120971679,0.0028803760332849317,0.0021903514862060547,0.0018940599713000437,0.01,liblinear,l2,700,balanced,10.0,"{'tol': 0.01, 'solver': 'liblinear', 'penalty': 'l2', 'max_iter': 700, 'class_weight': 'balanced', 'C': 10}",0.6155193554037485,0.6924154843229988,0.649675950253985,0.6956224350205198,0.6677237491190979,0.66419139482407,0.029585985179272075,33
0.0821117877960205,0.010353505104936486,0.002567148208618164,0.0010330870945895736,0.0001,lbfgs,l2,700,balanced,1.0,"{'tol': 0.0001, 'solver': 'lbfgs', 'penalty': 'l2', 'max_iter': 700, 'class_weight': 'balanced', 'C': 1}",0.7831494132072168,0.7696619372919952,0.8118759852863898,0.713235294117647,0.8084918957011981,0.7772829051208894,0.03567989302499989,17
0.00047893524169921874,5.5857845299310295e-05,0.0,0.0,0.0001,lbfgs,none,1000,,0.0001,"{'tol': 0.0001, 'solver': 'lbfgs', 'penalty': 'none', 'max_iter': 1000, 'class_weight': None, 'C': 0.0001}",,,,,,,,62
0.0004738807678222656,0.00010905054179591348,0.0,0.0,0.001,newton-cg,none,300,,1000.0,"{'tol': 0.001, 'solver': 'newton-cg', 'penalty': 'none', 'max_iter': 300, 'class_weight': None, 'C': 1000}",,,,,,,,62
0.0004244327545166016,2.716775262702628e-05,0.0,0.0,0.0001,saga,elasticnet,600,balanced,1.0,"{'tol': 0.0001, 'solver': 'saga', 'penalty': 'elasticnet', 'max_iter': 600, 'class_weight': 'balanced', 'C': 1}",,,,,,,,62
0.0004093170166015625,2.4145105173439333e-06,0.0,0.0,0.01,newton-cg,elasticnet,900,,1.0,"{'tol': 0.01, 'solver': 'newton-cg', 'penalty': 'elasticnet', 'max_iter': 900, 'class_weight': None, 'C': 1}",,,,,,,,62
0.0012534141540527343,0.0006925719428443332,0.0,0.0,0.0001,saga,none,200,balanced,0.1,"{'tol': 0.0001, 'solver': 'saga', 'penalty': 'none', 'max_iter': 200, 'class_weight': 'balanced', 'C': 0.1}",,,,,,,,62
0.00041441917419433595,2.385253667099315e-05,0.0,0.0,0.01,sag,none,1000,balanced,0.1,"{'tol': 0.01, 'solver': 'sag', 'penalty': 'none', 'max_iter': 1000, 'class_weight': 'balanced', 'C': 0.1}",,,,,,,,62
0.0010245323181152343,0.0004954467813961081,0.0,0.0,0.0001,liblinear,elasticnet,400,,0.0001,"{'tol': 0.0001, 'solver': 'liblinear', 'penalty': 'elasticnet', 'max_iter': 400, 'class_weight': None, 'C': 0.0001}",,,,,,,,62
0.000970458984375,0.0006596440986487631,0.0,0.0,0.01,saga,none,300,,10.0,"{'tol': 0.01, 'solver': 'saga', 'penalty': 'none', 'max_iter': 300, 'class_weight': None, 'C': 10}",,,,,,,,62
0.16584324836730957,0.01468606680028927,0.0019827365875244142,0.0007063324523743324,0.0001,saga,l2,400,,0.01,"{'tol': 0.0001, 'solver': 'saga', 'penalty': 'l2', 'max_iter': 400, 'class_weight': None, 'C': 0.01}",0.604659309861622,0.6020318794885269,0.6120161149062884,0.6831395348837209,0.6723044397463003,0.6348302557772917,0.035340077533117104,46
0.0011730670928955078,0.0005461173193532624,0.0,0.0,0.0001,lbfgs,elasticnet,100,,0.001,"{'tol': 0.0001, 'solver': 'lbfgs', 'penalty': 'elasticnet', 'max_iter': 100, 'class_weight': None, 'C': 0.001}",,,,,,,,62
0.0013319015502929687,0.0007715252715911719,0.0,0.0,0.01,sag,l1,400,balanced,100.0,"{'tol': 0.01, 'solver': 'sag', 'penalty': 'l1', 'max_iter': 400, 'class_weight': 'balanced', 'C': 100}",,,,,,,,62
0.0009042263031005859,0.0005491957888037628,0.0,0.0,0.0001,sag,l1,900,,0.001,"{'tol': 0.0001, 'solver': 'sag', 'penalty': 'l1', 'max_iter': 900, 'class_weight': None, 'C': 0.001}",,,,,,,,62
0.04225602149963379,0.010064715782718009,0.0028777122497558594,0.0012178043129598638,0.01,sag,l2,600,balanced,100.0,"{'tol': 0.01, 'solver': 'sag', 'penalty': 'l2', 'max_iter': 600, 'class_weight': 'balanced', 'C': 100}",0.5260115606936415,0.6183219478017166,0.65230338062708,0.6419288645690835,0.6132840028188865,0.6103699513020817,0.044592469122415136,56
0.0009697437286376953,0.000554096218522843,0.0,0.0,0.001,newton-cg,l1,400,,1000.0,"{'tol': 0.001, 'solver': 'newton-cg', 'penalty': 'l1', 'max_iter': 400, 'class_weight': None, 'C': 1000}",,,,,,,,62
0.0008754253387451172,0.0004929130861357824,0.0,0.0,0.0001,saga,elasticnet,500,balanced,0.01,"{'tol': 0.0001, 'solver': 'saga', 'penalty': 'elasticnet', 'max_iter': 500, 'class_weight': 'balanced', 'C': 0.01}",,,,,,,,62
0.00043997764587402346,3.279468138688062e-05,0.0,0.0,0.001,saga,none,300,,0.001,"{'tol': 0.001, 'solver': 'saga', 'penalty': 'none', 'max_iter': 300, 'class_weight': None, 'C': 0.001}",,,,,,,,62
0.015620088577270508,0.004574682225021373,0.0013362407684326173,0.00010371253134092972,0.0001,liblinear,l2,600,,100.0,"{'tol': 0.0001, 'solver': 'liblinear', 'penalty': 'l2', 'max_iter': 600, 'class_weight': None, 'C': 100}",0.8420038535645472,0.8127517954107549,0.8928008407777193,0.7688098495212038,0.806906272022551,0.8246545222593552,0.04128007458926276,4
0.00045766830444335935,3.27454183218923e-05,0.0,0.0,0.01,newton-cg,elasticnet,400,,10000.0,"{'tol': 0.01, 'solver': 'newton-cg', 'penalty': 'elasticnet', 'max_iter': 400, 'class_weight': None, 'C': 10000.0}",,,,,,,,62
0.00048174858093261717,1.8443183523000446e-06,0.0,0.0,0.01,saga,elasticnet,500,balanced,0.0001,"{'tol': 0.01, 'solver': 'saga', 'penalty': 'elasticnet', 'max_iter': 500, 'class_weight': 'balanced', 'C': 0.0001}",,,,,,,,62
0.00046429634094238283,6.343188914610248e-06,0.0,0.0,0.01,lbfgs,none,600,,0.0001,"{'tol': 0.01, 'solver': 'lbfgs', 'penalty': 'none', 'max_iter': 600, 'class_weight': None, 'C': 0.0001}",,,,,,,,62
0.01687464714050293,0.008298716454567492,0.0029699325561523436,0.0012672243796658395,0.01,liblinear,l1,400,balanced,100.0,"{'tol': 0.01, 'solver': 'liblinear', 'penalty': 'l1', 'max_iter': 400, 'class_weight': 'balanced', 'C': 100}",0.8024172359432475,0.7763180942371694,0.8505867927833245,0.7628248974008207,0.8148343904157859,0.8013962821560696,0.030718068517530867,12
0.00045504570007324217,3.503880424581093e-05,0.0,0.0,0.01,lbfgs,elasticnet,700,,0.001,"{'tol': 0.01, 'solver': 'lbfgs', 'penalty': 'elasticnet', 'max_iter': 700, 'class_weight': None, 'C': 0.001}",,,,,,,,62
0.0006893634796142578,0.00037292344309445874,0.0,0.0,0.001,lbfgs,elasticnet,800,,10000.0,"{'tol': 0.001, 'solver': 'lbfgs', 'penalty': 'elasticnet', 'max_iter': 800, 'class_weight': None, 'C': 10000.0}",,,,,,,,62
0.0013254642486572265,0.0006314882074651566,0.0,0.0,0.0001,lbfgs,none,200,balanced,0.01,"{'tol': 0.0001, 'solver': 'lbfgs', 'penalty': 'none', 'max_iter': 200, 'class_weight': 'balanced', 'C': 0.01}",,,,,,,,62
0.0004249095916748047,1.8095577497079673e-05,0.0,0.0,0.001,sag,elasticnet,700,,10.0,"{'tol': 0.001, 'solver': 'sag', 'penalty': 'elasticnet', 'max_iter': 700, 'class_weight': None, 'C': 10}",,,,,,,,62
0.0017296314239501954,0.00026059548129779363,0.0,0.0,0.0001,lbfgs,none,400,,10000.0,"{'tol': 0.0001, 'solver': 'lbfgs', 'penalty': 'none', 'max_iter': 400, 'class_weight': None, 'C': 10000.0}",,,,,,,,62
0.03500967025756836,0.007859017853626126,0.0017755985260009765,0.0007566414794032136,0.01,lbfgs,l2,300,balanced,100.0,"{'tol': 0.01, 'solver': 'lbfgs', 'penalty': 'l2', 'max_iter': 300, 'class_weight': 'balanced', 'C': 100}",0.7782448765107725,0.7356805044666316,0.7626554562970748,0.6882694938440492,0.7676180408738549,0.7464936743984765,0.03231891314357374,23
0.0019730567932128907,0.0007082918442387311,0.0,0.0,0.01,liblinear,elasticnet,800,balanced,0.0001,"{'tol': 0.01, 'solver': 'liblinear', 'penalty': 'elasticnet', 'max_iter': 800, 'class_weight': 'balanced', 'C': 0.0001}",,,,,,,,62
0.003999042510986328,0.000860931930760376,0.0012616634368896485,8.663022322548011e-05,0.001,liblinear,l2,700,,10000.0,"{'tol': 0.001, 'solver': 'liblinear', 'penalty': 'l2', 'max_iter': 700, 'class_weight': None, 'C': 10000.0}",0.5901208617971625,0.62725521107024,0.6113154668067963,0.6915184678522571,0.6908033826638478,0.6422026780380607,0.0416750231780872,40
0.0007715225219726562,0.00047628072220620135,0.0,0.0,0.01,newton-cg,elasticnet,400,balanced,1.0,"{'tol': 0.01, 'solver': 'newton-cg', 'penalty': 'elasticnet', 'max_iter': 400, 'class_weight': 'balanced', 'C': 1}",,,,,,,,62
0.0004830360412597656,7.4530120696790495e-06,0.0,0.0,0.01,lbfgs,l1,800,,0.0001,"{'tol': 0.01, 'solver': 'lbfgs', 'penalty': 'l1', 'max_iter': 800, 'class_weight': None, 'C': 0.0001}",,,,,,,,62
0.0010571956634521484,0.0007336332906261699,0.0,0.0,0.0001,lbfgs,elasticnet,800,balanced,1000.0,"{'tol': 0.0001, 'solver': 'lbfgs', 'penalty': 'elasticnet', 'max_iter': 800, 'class_weight': 'balanced', 'C': 1000}",,,,,,,,62
0.0020209789276123048,0.0013445149363377968,0.0,0.0,0.01,lbfgs,none,900,,0.01,"{'tol': 0.01, 'solver': 'lbfgs', 'penalty': 'none', 'max_iter': 900, 'class_weight': None, 'C': 0.01}",,,,,,,,62
0.07656126022338867,0.009582844118838413,0.002138090133666992,0.001570582482303566,0.01,lbfgs,l2,600,balanced,100.0,"{'tol': 0.01, 'solver': 'lbfgs', 'penalty': 'l2', 'max_iter': 600, 'class_weight': 'balanced', 'C': 100}",0.7838500613067086,0.7607286740234718,0.7976878612716762,0.6952804377564978,0.786645525017618,0.7648385118751945,0.03680022019505433,19
0.0004459857940673828,3.9172281380036096e-05,0.0,0.0,0.0001,liblinear,elasticnet,100,,0.0001,"{'tol': 0.0001, 'solver': 'liblinear', 'penalty': 'elasticnet', 'max_iter': 100, 'class_weight': None, 'C': 0.0001}",,,,,,,,62
0.0011934280395507813,0.0007295921668020285,0.0,0.0,0.01,liblinear,none,500,balanced,10.0,"{'tol': 0.01, 'solver': 'liblinear', 'penalty': 'none', 'max_iter': 500, 'class_weight': 'balanced', 'C': 10}",,,,,,,,62
0.00622091293334961,0.002107128320006801,0.0018951416015625,0.0009930358657489673,0.01,liblinear,l1,900,balanced,0.1,"{'tol': 0.01, 'solver': 'liblinear', 'penalty': 'l1', 'max_iter': 900, 'class_weight': 'balanced', 'C': 0.1}",0.8355228586442459,0.81537922578385,0.8716062357680855,0.747093023255814,0.8065539112050739,0.8152310509314139,0.040762788056661635,9
0.04317097663879395,0.007725495595591994,0.0014917850494384766,9.353984620971043e-05,0.001,saga,l1,600,,0.0001,"{'tol': 0.001, 'solver': 'saga', 'penalty': 'l1', 'max_iter': 600, 'class_weight': None, 'C': 0.0001}",0.6174461376773517,0.6065860921352252,0.6111403047819233,0.6544117647058824,0.6767089499647639,0.6332586498530293,0.027517503204243895,52
0.0005135536193847656,4.0356596732533413e-05,0.0,0.0,0.001,newton-cg,l1,900,balanced,10.0,"{'tol': 0.001, 'solver': 'newton-cg', 'penalty': 'l1', 'max_iter': 900, 'class_weight': 'balanced', 'C': 10}",,,,,,,,62
0.0005930900573730469,0.00022737276771980412,0.0,0.0,0.001,lbfgs,elasticnet,1000,,100.0,"{'tol': 0.001, 'solver': 'lbfgs', 'penalty': 'elasticnet', 'max_iter': 1000, 'class_weight': None, 'C': 100}",,,,,,,,62
0.04533419609069824,0.0071803616813047475,0.0021416187286376954,0.0005973187333746053,0.01,saga,l2,600,balanced,1000.0,"{'tol': 0.01, 'solver': 'saga', 'penalty': 'l2', 'max_iter': 600, 'class_weight': 'balanced', 'C': 1000}",0.5258363986687686,0.6190225959012087,0.651777894552461,0.6398768809849522,0.6113460183227625,0.6095719576860306,0.044280549185115085,61
0.0012998104095458985,0.0006864777068567769,0.0,0.0,0.001,lbfgs,elasticnet,800,,100.0,"{'tol': 0.001, 'solver': 'lbfgs', 'penalty': 'elasticnet', 'max_iter': 800, 'class_weight': None, 'C': 100}",,,,,,,,62
0.066790771484375,0.007363691252940955,0.004334640502929687,0.004128389654838442,0.0001,saga,l1,100,,1.0,"{'tol': 0.0001, 'solver': 'saga', 'penalty': 'l1', 'max_iter': 100, 'class_weight': None, 'C': 1}",0.6071115782098441,0.6016815554387809,0.6111403047819233,0.6824555403556771,0.6715997181113461,0.6347977393795142,0.034780830936912616,47
0.0008923053741455078,0.0006216303043853284,0.0,0.0,0.001,newton-cg,elasticnet,300,balanced,10.0,"{'tol': 0.001, 'solver': 'newton-cg', 'penalty': 'elasticnet', 'max_iter': 300, 'class_weight': 'balanced', 'C': 10}",,,,,,,,62
0.00041718482971191405,1.5796485887007294e-05,0.0,0.0,0.01,liblinear,elasticnet,1000,,1000.0,"{'tol': 0.01, 'solver': 'liblinear', 'penalty': 'elasticnet', 'max_iter': 1000, 'class_weight': None, 'C': 1000}",,,,,,,,62
0.00039124488830566406,2.0117781743744836e-06,0.0,0.0,0.0001,liblinear,none,600,balanced,0.001,"{'tol': 0.0001, 'solver': 'liblinear', 'penalty': 'none', 'max_iter': 600, 'class_weight': 'balanced', 'C': 0.001}",,,,,,,,62
0.00038623809814453125,8.395584517316346e-07,0.0,0.0,0.001,lbfgs,none,900,balanced,1000.0,"{'tol': 0.001, 'solver': 'lbfgs', 'penalty': 'none', 'max_iter': 900, 'class_weight': 'balanced', 'C': 1000}",,,,,,,,62
0.00040373802185058596,2.0038510693979927e-06,0.0,0.0,0.001,saga,elasticnet,1000,balanced,1.0,"{'tol': 0.001, 'solver': 'saga', 'penalty': 'elasticnet', 'max_iter': 1000, 'class_weight': 'balanced', 'C': 1}",,,,,,,,62
0.00047502517700195315,9.134768829867397e-05,0.0,0.0,0.01,newton-cg,none,700,,0.1,"{'tol': 0.01, 'solver': 'newton-cg', 'penalty': 'none', 'max_iter': 700, 'class_weight': None, 'C': 0.1}",,,,,,,,62
0.0014426708221435547,0.0005721072869221206,0.0,0.0,0.0001,saga,elasticnet,800,balanced,0.1,"{'tol': 0.0001, 'solver': 'saga', 'penalty': 'elasticnet', 'max_iter': 800, 'class_weight': 'balanced', 'C': 0.1}",,,,,,,,62
0.0012846946716308593,0.0005581467154000024,0.0,0.0,0.001,sag,none,800,,100.0,"{'tol': 0.001, 'solver': 'sag', 'penalty': 'none', 'max_iter': 800, 'class_weight': None, 'C': 100}",,,,,,,,62
0.06317520141601562,0.004484088602037529,0.0029423713684082033,0.0012204591909702376,0.0001,lbfgs,l2,500,balanced,10000.0,"{'tol': 0.0001, 'solver': 'lbfgs', 'penalty': 'l2', 'max_iter': 500, 'class_weight': 'balanced', 'C': 10000.0}",0.7470660360833772,0.7346295323173936,0.8066211245401997,0.7233242134062927,0.765680056377731,0.7554641925449987,0.02918556466063534,22
0.0022460460662841798,0.0012218482413216937,0.0,0.0,0.001,liblinear,elasticnet,1000,balanced,0.0001,"{'tol': 0.001, 'solver': 'liblinear', 'penalty': 'elasticnet', 'max_iter': 1000, 'class_weight': 'balanced', 'C': 0.0001}",,,,,,,,62
0.0020676136016845705,0.0006392778568567364,0.0,0.0,0.0001,sag,l1,300,balanced,0.1,"{'tol': 0.0001, 'solver': 'sag', 'penalty': 'l1', 'max_iter': 300, 'class_weight': 'balanced', 'C': 0.1}",,,,,,,,62
0.07428689002990722,0.013538658845226318,0.002755546569824219,0.0015175294621310215,0.0001,sag,l2,200,balanced,1.0,"{'tol': 0.0001, 'solver': 'sag', 'penalty': 'l2', 'max_iter': 200, 'class_weight': 'balanced', 'C': 1}",0.5270625328428796,0.6197232440007007,0.6519530565773342,0.646032831737346,0.6176885130373503,0.6124920356391221,0.044854544644039596,54
0.006640291213989258,0.0017128657684318091,0.0016778469085693359,0.0008842021987036041,0.01,liblinear,l1,1000,,10000.0,"{'tol': 0.01, 'solver': 'liblinear', 'penalty': 'l1', 'max_iter': 1000, 'class_weight': None, 'C': 10000.0}",0.8365738307934841,0.8027675599929935,0.8770362585391489,0.7701778385772914,0.8380902043692743,0.8249291384544385,0.03609100962109035,3
0.0015712738037109374,0.0005775262331599421,0.0,0.0,0.0001,saga,none,100,balanced,10000.0,"{'tol': 0.0001, 'solver': 'saga', 'penalty': 'none', 'max_iter': 100, 'class_weight': 'balanced', 'C': 10000.0}",,,,,,,,62
0.06277861595153808,0.007414898550875759,0.002573394775390625,0.001047165108926995,0.01,lbfgs,l2,500,balanced,100.0,"{'tol': 0.01, 'solver': 'lbfgs', 'penalty': 'l2', 'max_iter': 500, 'class_weight': 'balanced', 'C': 100}",0.7859520056051849,0.7591522157996147,0.7863023296549307,0.6930574555403557,0.7894644115574349,0.7627856836315042,0.03654228651560223,20
0.001703166961669922,7.29815743991651e-05,0.0,0.0,0.0001,sag,elasticnet,200,balanced,0.0001,"{'tol': 0.0001, 'solver': 'sag', 'penalty': 'elasticnet', 'max_iter': 200, 'class_weight': 'balanced', 'C': 0.0001}",,,,,,,,62
0.0015999794006347657,0.0003388639633049546,0.0,0.0,0.001,saga,none,100,,10000.0,"{'tol': 0.001, 'solver': 'saga', 'penalty': 'none', 'max_iter': 100, 'class_weight': None, 'C': 10000.0}",,,,,,,,62
0.537111473083496,0.04563418928180808,0.0022081851959228514,0.0012206068354866247,0.0001,saga,l1,1000,balanced,10.0,"{'tol': 0.0001, 'solver': 'saga', 'penalty': 'l1', 'max_iter': 1000, 'class_weight': 'balanced', 'C': 10}",0.5331932037134349,0.6176212997022246,0.651953056577334,0.65218878248974,0.6199788583509513,0.614987040166737,0.04352595835813321,53
0.0011266708374023438,0.0005085714886852673,0.0,0.0,0.001,lbfgs,none,500,,0.0001,"{'tol': 0.001, 'solver': 'lbfgs', 'penalty': 'none', 'max_iter': 500, 'class_weight': None, 'C': 0.0001}",,,,,,,,62
0.0016180515289306641,0.0003472970239443032,0.0,0.0,0.0001,liblinear,elasticnet,300,,0.0001,"{'tol': 0.0001, 'solver': 'liblinear', 'penalty': 'elasticnet', 'max_iter': 300, 'class_weight': None, 'C': 0.0001}",,,,,,,,62
0.011800575256347656,0.005543812041336042,0.0017504692077636719,0.0009913233277243172,0.01,sag,l2,400,,1.0,"{'tol': 0.01, 'solver': 'sag', 'penalty': 'l2', 'max_iter': 400, 'class_weight': None, 'C': 1}",0.6071115782098442,0.6030828516377649,0.6113154668067963,0.6790355677154584,0.6733615221987315,0.6347813973137191,0.03396446441755493,48
0.0014486312866210938,0.0004555853283593006,0.0,0.0,0.0001,saga,none,900,balanced,10.0,"{'tol': 0.0001, 'solver': 'saga', 'penalty': 'none', 'max_iter': 900, 'class_weight': 'balanced', 'C': 10}",,,,,,,,62
0.0019517898559570312,0.0003565457056522199,0.0,0.0,0.001,lbfgs,l1,1000,,100.0,"{'tol': 0.001, 'solver': 'lbfgs', 'penalty': 'l1', 'max_iter': 1000, 'class_weight': None, 'C': 100}",,,,,,,,62
0.0019122123718261718,0.00010351327498288727,0.0,0.0,0.01,sag,l1,500,balanced,10.0,"{'tol': 0.01, 'solver': 'sag', 'penalty': 'l1', 'max_iter': 500, 'class_weight': 'balanced', 'C': 10}",,,,,,,,62
0.0006820201873779297,0.0003142701493325209,0.0,0.0,0.01,saga,none,100,,0.01,"{'tol': 0.01, 'solver': 'saga', 'penalty': 'none', 'max_iter': 100, 'class_weight': None, 'C': 0.01}",,,,,,,,62
0.002160787582397461,0.00095166254044045,0.0,0.0,0.001,saga,none,200,,1000.0,"{'tol': 0.001, 'solver': 'saga', 'penalty': 'none', 'max_iter': 200, 'class_weight': None, 'C': 1000}",,,,,,,,62
0.0018812179565429687,0.00029741784981299516,0.0,0.0,0.01,liblinear,elasticnet,100,balanced,1.0,"{'tol': 0.01, 'solver': 'liblinear', 'penalty': 'elasticnet', 'max_iter': 100, 'class_weight': 'balanced', 'C': 1}",,,,,,,,62
0.0011427879333496093,0.0005738607004221177,0.0,0.0,0.0001,lbfgs,none,500,,1000.0,"{'tol': 0.0001, 'solver': 'lbfgs', 'penalty': 'none', 'max_iter': 500, 'class_weight': None, 'C': 1000}",,,,,,,,62
0.001060819625854492,0.0006197238043612475,0.0,0.0,0.0001,saga,elasticnet,600,,0.001,"{'tol': 0.0001, 'solver': 'saga', 'penalty': 'elasticnet', 'max_iter': 600, 'class_weight': None, 'C': 0.001}",,,,,,,,62
0.006939029693603516,0.0025788564519549488,0.0033977985382080077,0.001990637125380345,0.001,liblinear,l2,900,,10.0,"{'tol': 0.001, 'solver': 'liblinear', 'penalty': 'l2', 'max_iter': 900, 'class_weight': None, 'C': 10}",0.5901208617971625,0.62725521107024,0.6113154668067963,0.6915184678522571,0.6908033826638478,0.6422026780380607,0.0416750231780872,40
0.0012638092041015625,0.0008152030760483996,0.0,0.0,0.001,sag,l1,300,,10000.0,"{'tol': 0.001, 'solver': 'sag', 'penalty': 'l1', 'max_iter': 300, 'class_weight': None, 'C': 10000.0}",,,,,,,,62
0.0016909122467041015,0.00046084495475110963,0.0,0.0,0.0001,sag,l1,300,,100.0,"{'tol': 0.0001, 'solver': 'sag', 'penalty': 'l1', 'max_iter': 300, 'class_weight': None, 'C': 100}",,,,,,,,62
0.048953819274902347,0.025613036044358047,0.002767801284790039,0.0028897615953433066,0.01,saga,l2,800,balanced,0.1,"{'tol': 0.01, 'solver': 'saga', 'penalty': 'l2', 'max_iter': 800, 'class_weight': 'balanced', 'C': 0.1}",0.5258363986687686,0.6190225959012087,0.651777894552461,0.6398768809849522,0.611522198731501,0.6096071937677783,0.04428201694088094,60
0.0017304420471191406,0.0004965071117174946,0.0,0.0,0.001,sag,none,500,,0.01,"{'tol': 0.001, 'solver': 'sag', 'penalty': 'none', 'max_iter': 500, 'class_weight': None, 'C': 0.01}",,,,,,,,62
0.00135498046875,0.0005546246580532845,0.0,0.0,0.001,newton-cg,elasticnet,200,balanced,0.01,"{'tol': 0.001, 'solver': 'newton-cg', 'penalty': 'elasticnet', 'max_iter': 200, 'class_weight': 'balanced', 'C': 0.01}",,,,,,,,62
0.0016105175018310547,0.00015719087174141685,0.0,0.0,0.001,lbfgs,none,500,balanced,0.01,"{'tol': 0.001, 'solver': 'lbfgs', 'penalty': 'none', 'max_iter': 500, 'class_weight': 'balanced', 'C': 0.01}",,,,,,,,62
0.001422739028930664,0.00048106046085068526,0.0,0.0,0.01,sag,elasticnet,400,,1000.0,"{'tol': 0.01, 'solver': 'sag', 'penalty': 'elasticnet', 'max_iter': 400, 'class_weight': None, 'C': 1000}",,,,,,,,62
0.0017123222351074219,0.0007257263698462607,0.0,0.0,0.0001,newton-cg,elasticnet,600,,0.001,"{'tol': 0.0001, 'solver': 'newton-cg', 'penalty': 'elasticnet', 'max_iter': 600, 'class_weight': None, 'C': 0.001}",,,,,,,,62
0.04101805686950684,0.010588291638650252,0.0025871753692626952,0.0012925520506429347,0.0001,sag,l2,100,balanced,1000.0,"{'tol': 0.0001, 'solver': 'sag', 'penalty': 'l2', 'max_iter': 100, 'class_weight': 'balanced', 'C': 1000}",0.5260115606936415,0.6183219478017166,0.652478542651953,0.6422708618331053,0.6134601832276251,0.6105086192416083,0.04467622916478424,55
0.0013492584228515625,0.00048004292050914707,0.0,0.0,0.001,saga,elasticnet,400,balanced,1000.0,"{'tol': 0.001, 'solver': 'saga', 'penalty': 'elasticnet', 'max_iter': 400, 'class_weight': 'balanced', 'C': 1000}",,,,,,,,62
0.28504552841186526,0.05188848811120568,0.0014555931091308593,4.7337082755569274e-05,0.0001,saga,l2,800,,0.0001,"{'tol': 0.0001, 'solver': 'saga', 'penalty': 'l2', 'max_iter': 800, 'class_weight': None, 'C': 0.0001}",0.603608337712384,0.6023822035382729,0.6128919250306534,0.6822845417236663,0.6738900634249473,0.6350114142859848,0.035458111494642744,45
0.0016659736633300782,0.00010803972571148082,0.0,0.0,0.01,lbfgs,elasticnet,600,,0.01,"{'tol': 0.01, 'solver': 'lbfgs', 'penalty': 'elasticnet', 'max_iter': 600, 'class_weight': None, 'C': 0.01}",,,,,,,,62
0.048122406005859375,0.011165330740861512,0.0014655590057373047,0.00018040124188905548,0.0001,lbfgs,l2,400,,0.01,"{'tol': 0.0001, 'solver': 'lbfgs', 'penalty': 'l2', 'max_iter': 400, 'class_weight': None, 'C': 0.01}",0.6925906463478718,0.7528463829041864,0.7778945524610265,0.719391244870041,0.7864693446088794,0.745838434238401,0.03539027459136126,24
0.001569843292236328,0.0005757703069346114,0.0,0.0,0.001,sag,elasticnet,900,,0.001,"{'tol': 0.001, 'solver': 'sag', 'penalty': 'elasticnet', 'max_iter': 900, 'class_weight': None, 'C': 0.001}",,,,,,,,62
0.001931476593017578,0.001756271927011468,0.0,0.0,0.0001,lbfgs,none,200,balanced,10000.0,"{'tol': 0.0001, 'solver': 'lbfgs', 'penalty': 'none', 'max_iter': 200, 'class_weight': 'balanced', 'C': 10000.0}",,,,,,,,62
0.0008715152740478516,0.00044988600604372545,0.0,0.0,0.01,newton-cg,none,800,,0.001,"{'tol': 0.01, 'solver': 'newton-cg', 'penalty': 'none', 'max_iter': 800, 'class_weight': None, 'C': 0.001}",,,,,,,,62
0.0011041641235351562,0.0005056452004200993,0.0,0.0,0.01,saga,none,200,,10000.0,"{'tol': 0.01, 'solver': 'saga', 'penalty': 'none', 'max_iter': 200, 'class_weight': None, 'C': 10000.0}",,,,,,,,62
0.001790904998779297,0.00019242896892618066,0.0,0.0,0.001,liblinear,elasticnet,200,balanced,1000.0,"{'tol': 0.001, 'solver': 'liblinear', 'penalty': 'elasticnet', 'max_iter': 200, 'class_weight': 'balanced', 'C': 1000}",,,,,,,,62
0.0017691612243652343,0.00020647779059771178,0.0,0.0,0.01,newton-cg,elasticnet,200,balanced,10.0,"{'tol': 0.01, 'solver': 'newton-cg', 'penalty': 'elasticnet', 'max_iter': 200, 'class_weight': 'balanced', 'C': 10}",,,,,,,,62
