mean_fit_time,std_fit_time,mean_score_time,std_score_time,param_criterion,param_max_depth,param_max_features,param_min_samples_leaf,param_min_samples_split,params,split0_test_score,split1_test_score,split2_test_score,split3_test_score,split4_test_score,mean_test_score,std_test_score,rank_test_score
0.0018230438232421874,0.00034289739670586303,0.001153707504272461,0.00013689736543542446,gini,15,log2,8,8,"{'criterion': 'gini', 'max_depth': 15, 'max_features': 'log2', 'min_samples_leaf': 8, 'min_samples_split': 8}",0.6463478717813977,0.6404799439481521,0.5902960238220354,0.5820793433652531,0.6688689217758985,0.6256144209385475,0.03365859104324713,101
0.001722574234008789,0.00026411097222034624,0.0012201786041259766,0.0002232014278953188,entropy,19,log2,11,12,"{'criterion': 'entropy', 'max_depth': 19, 'max_features': 'log2', 'min_samples_leaf': 11, 'min_samples_split': 12}",0.675249605885444,0.6763005780346821,0.7081800665615694,0.5774623803009575,0.6172480620155039,0.6508881385596315,0.046999223206931784,61
0.0014240264892578125,8.251575746667946e-05,0.0010289669036865235,4.918810463893589e-05,entropy,4,log2,2,13,"{'criterion': 'entropy', 'max_depth': 4, 'max_features': 'log2', 'min_samples_leaf': 2, 'min_samples_split': 13}",0.5782974251182345,0.7007356805044667,0.7136100893326327,0.5337722298221614,0.6143410852713178,0.6281513020097625,0.06950573606059991,99
0.001650094985961914,3.5557795165577696e-05,0.001031780242919922,3.192053503337214e-05,entropy,6,sqrt,1,13,"{'criterion': 'entropy', 'max_depth': 6, 'max_features': 'sqrt', 'min_samples_leaf': 1, 'min_samples_split': 13}",0.6882115957260466,0.6351375021895254,0.6936416184971098,0.6041381668946648,0.6713354474982383,0.6584928661611171,0.03401022179205227,46
0.0004179954528808594,2.515215442328395e-05,0.0,0.0,entropy,12,auto,17,11,"{'criterion': 'entropy', 'max_depth': 12, 'max_features': 'auto', 'min_samples_leaf': 17, 'min_samples_split': 11}",,,,,,,,128
0.001551055908203125,4.7734376698268973e-05,0.001049375534057617,5.8754697427843145e-05,entropy,16,log2,15,13,"{'criterion': 'entropy', 'max_depth': 16, 'max_features': 'log2', 'min_samples_leaf': 15, 'min_samples_split': 13}",0.686547556489753,0.7226309336135925,0.7813102119460501,0.60687414500684,0.6843727977448908,0.6963471289602252,0.05684082149950657,3
0.00040192604064941405,1.7405797313182183e-05,0.0,0.0,gini,3,auto,19,8,"{'criterion': 'gini', 'max_depth': 3, 'max_features': 'auto', 'min_samples_leaf': 19, 'min_samples_split': 8}",,,,,,,,128
0.0014949321746826171,6.325733314778473e-05,0.001007843017578125,2.085005575596701e-05,gini,9,log2,18,5,"{'criterion': 'gini', 'max_depth': 9, 'max_features': 'log2', 'min_samples_leaf': 18, 'min_samples_split': 5}",0.6722718514626029,0.6309336135925732,0.6529164477141356,0.5693399452804377,0.6599718111346019,0.6370867338368702,0.03644115079178109,86
0.001705503463745117,7.731199525539086e-05,0.0010596752166748048,5.2037901259363286e-05,gini,14,sqrt,9,3,"{'criterion': 'gini', 'max_depth': 14, 'max_features': 'sqrt', 'min_samples_leaf': 9, 'min_samples_split': 3}",0.6375021895253109,0.60571028201086,0.6683307059029602,0.5925102599179206,0.6972339675828049,0.6402574809879713,0.03876937887028737,81
0.0015746116638183593,4.881298866208915e-05,0.0012764453887939454,0.0004944962128293537,entropy,15,log2,12,9,"{'criterion': 'entropy', 'max_depth': 15, 'max_features': 'log2', 'min_samples_leaf': 12, 'min_samples_split': 9}",0.6457348046943423,0.676300578034682,0.6493256262042388,0.5794288645690835,0.6034178999295279,0.6308415546863749,0.03471401487808241,96
0.0014798641204833984,7.390591396048792e-05,0.0010518074035644532,5.529452702336936e-05,gini,3,sqrt,17,5,"{'criterion': 'gini', 'max_depth': 3, 'max_features': 'sqrt', 'min_samples_leaf': 17, 'min_samples_split': 5}",0.6667542476791033,0.650026274303731,0.6579961464354529,0.5874658002735978,0.6335447498238196,0.639157443703141,0.028064711372035988,85
0.0017419815063476562,8.800437659930788e-05,0.001178884506225586,0.0002496115500015562,entropy,8,sqrt,6,11,"{'criterion': 'entropy', 'max_depth': 8, 'max_features': 'sqrt', 'min_samples_leaf': 6, 'min_samples_split': 11}",0.6667542476791031,0.5544753897355053,0.7429497284988615,0.5768638850889193,0.6582100070472164,0.6398506516099212,0.06774445684448961,82
0.0017193794250488282,0.00012306275607032737,0.0010540485382080078,5.5898861659059004e-05,entropy,18,sqrt,12,3,"{'criterion': 'entropy', 'max_depth': 18, 'max_features': 'sqrt', 'min_samples_leaf': 12, 'min_samples_split': 3}",0.7450516727973375,0.708267647574006,0.7561744613767736,0.6305574555403557,0.6579457364341086,0.6995993947445163,0.04866950373994477,1
0.0014968395233154296,0.0001163123419284427,0.001018667221069336,3.3672132023651294e-05,entropy,4,sqrt,16,16,"{'criterion': 'entropy', 'max_depth': 4, 'max_features': 'sqrt', 'min_samples_leaf': 16, 'min_samples_split': 16}",0.6371518654755649,0.6919775792608162,0.733315817130846,0.6033686730506156,0.6155743481324877,0.6562776566100661,0.04905360007691723,48
0.0016589641571044921,0.00010067876568258364,0.001096057891845703,0.0001348480308155965,entropy,14,log2,8,17,"{'criterion': 'entropy', 'max_depth': 14, 'max_features': 'log2', 'min_samples_leaf': 8, 'min_samples_split': 17}",0.6530916097390085,0.7284112804344018,0.5874934314240673,0.617390560875513,0.6297568710359408,0.6432287507017863,0.0475581092354498,75
0.0015999317169189454,0.00016505989433120247,0.0010280609130859375,5.780005958493899e-05,gini,18,log2,13,10,"{'criterion': 'gini', 'max_depth': 18, 'max_features': 'log2', 'min_samples_leaf': 13, 'min_samples_split': 10}",0.6454720616570329,0.7158871956559818,0.6871606235768086,0.6518467852257182,0.7090380549682875,0.6818809442167657,0.028807867852412867,15
0.0003990650177001953,8.606085116873899e-06,0.0,0.0,gini,15,auto,1,8,"{'criterion': 'gini', 'max_depth': 15, 'max_features': 'auto', 'min_samples_leaf': 1, 'min_samples_split': 8}",,,,,,,,128
0.0012572288513183593,5.2281970808830226e-05,0.0009960174560546876,3.492212891603039e-05,gini,1,log2,11,18,"{'criterion': 'gini', 'max_depth': 1, 'max_features': 'log2', 'min_samples_leaf': 11, 'min_samples_split': 18}",0.5338938518129269,0.49273077596777015,0.5194429847609038,0.4531463748290014,0.5192917547568711,0.5037011484254947,0.028560833181425636,124
0.0013201236724853516,3.4884801643513276e-05,0.0009799957275390624,1.4571725379975314e-05,entropy,3,log2,1,6,"{'criterion': 'entropy', 'max_depth': 3, 'max_features': 'log2', 'min_samples_leaf': 1, 'min_samples_split': 6}",0.6350499211770888,0.6810299527062532,0.6424067262217552,0.515218878248974,0.5994538407329105,0.6146318638173963,0.056054188675598214,109
0.0015976428985595703,4.702615341199426e-05,0.0009946823120117188,8.932268620738526e-06,entropy,7,sqrt,9,8,"{'criterion': 'entropy', 'max_depth': 7, 'max_features': 'sqrt', 'min_samples_leaf': 9, 'min_samples_split': 8}",0.7213172184270451,0.6098265895953757,0.7477666841828692,0.5748119015047879,0.6250880902043694,0.6557620967828894,0.06688231110261748,50
0.0016320705413818359,4.563623078224532e-05,0.001000690460205078,1.5056581596229606e-05,gini,8,sqrt,1,17,"{'criterion': 'gini', 'max_depth': 8, 'max_features': 'sqrt', 'min_samples_leaf': 1, 'min_samples_split': 17}",0.6559817831494132,0.6382904186372395,0.6830443159922929,0.5854993160054719,0.6070295983086681,0.6339690864186172,0.0346025015013186,89
0.0014027118682861327,2.7306828334119323e-05,0.0009979724884033204,3.608476024733675e-05,gini,5,log2,12,9,"{'criterion': 'gini', 'max_depth': 5, 'max_features': 'log2', 'min_samples_leaf': 12, 'min_samples_split': 9}",0.7193028551410054,0.6733228236118409,0.699071641268173,0.5753248974008208,0.6374207188160677,0.6608885872475816,0.050787140913301825,41
0.00040111541748046877,1.0486732182375672e-05,0.0,0.0,entropy,3,auto,3,6,"{'criterion': 'entropy', 'max_depth': 3, 'max_features': 'auto', 'min_samples_leaf': 3, 'min_samples_split': 6}",,,,,,,,128
0.0021527767181396484,0.0008842621000516062,0.0011749744415283203,0.00017055635296110404,gini,14,log2,1,6,"{'criterion': 'gini', 'max_depth': 14, 'max_features': 'log2', 'min_samples_leaf': 1, 'min_samples_split': 6}",0.6370642844631285,0.6396917148362236,0.6712208793133648,0.5424076607387142,0.6677237491190979,0.6316216576941058,0.046744720812708335,95
0.0016795635223388673,0.00015442057559694487,0.0010461807250976562,5.505869166486697e-05,entropy,14,log2,9,16,"{'criterion': 'entropy', 'max_depth': 14, 'max_features': 'log2', 'min_samples_leaf': 9, 'min_samples_split': 16}",0.6794534944823962,0.7334033981432826,0.6516027325275882,0.6495383036935705,0.5643939393939393,0.6556783736481554,0.05476056071691382,51
0.00039782524108886717,9.422331203771408e-06,0.0,0.0,gini,10,auto,19,8,"{'criterion': 'gini', 'max_depth': 10, 'max_features': 'auto', 'min_samples_leaf': 19, 'min_samples_split': 8}",,,,,,,,128
0.0015230178833007812,7.718342598047108e-05,0.001062631607055664,2.8288944626655825e-05,gini,4,sqrt,5,8,"{'criterion': 'gini', 'max_depth': 4, 'max_features': 'sqrt', 'min_samples_leaf': 5, 'min_samples_split': 8}",0.6762129970222455,0.6888246628131021,0.7144858994569977,0.5882352941176471,0.5890591966173362,0.6513636100054658,0.052673086358481704,58
0.001575136184692383,2.5825739962257793e-05,0.001032543182373047,5.854065141929115e-05,gini,15,log2,4,14,"{'criterion': 'gini', 'max_depth': 15, 'max_features': 'log2', 'min_samples_leaf': 4, 'min_samples_split': 14}",0.6999474513925381,0.6565948502364687,0.6378525135750569,0.6520177838577292,0.648167723749119,0.6589160645621824,0.021427781164957877,43
0.0015430927276611328,0.000107307580709781,0.0010383129119873047,5.449833607989531e-05,entropy,7,log2,19,3,"{'criterion': 'entropy', 'max_depth': 7, 'max_features': 'log2', 'min_samples_leaf': 19, 'min_samples_split': 3}",0.7035382729024348,0.7146610614818706,0.8251882991767385,0.5674589603283174,0.6245595489781536,0.6870812285735031,0.08754826317118078,11
0.0021006584167480467,0.0002818808008671245,0.0012249946594238281,5.408413928754481e-05,entropy,13,sqrt,6,13,"{'criterion': 'entropy', 'max_depth': 13, 'max_features': 'sqrt', 'min_samples_leaf': 6, 'min_samples_split': 13}",0.7323524259940445,0.7344543702925206,0.6422315641968822,0.5901162790697674,0.7103594080338266,0.6819028095174083,0.05677179443801596,14
0.0017359256744384766,5.750486108850838e-05,0.0010538578033447265,7.936200675907319e-05,entropy,11,sqrt,7,2,"{'criterion': 'entropy', 'max_depth': 11, 'max_features': 'sqrt', 'min_samples_leaf': 7, 'min_samples_split': 2}",0.6994219653179191,0.5988789630408128,0.6346120161149063,0.5865253077975376,0.5905567300916138,0.6219989964725579,0.042272778519031745,103
0.00040378570556640623,1.605929217332571e-05,0.0,0.0,gini,13,auto,3,8,"{'criterion': 'gini', 'max_depth': 13, 'max_features': 'auto', 'min_samples_leaf': 3, 'min_samples_split': 8}",,,,,,,,128
0.001520061492919922,1.3527896230280588e-05,0.0010265350341796876,4.41836909395427e-05,entropy,8,log2,9,6,"{'criterion': 'entropy', 'max_depth': 8, 'max_features': 'log2', 'min_samples_leaf': 9, 'min_samples_split': 6}",0.6488877211420564,0.6847083552285864,0.6283937642319145,0.5790868673050615,0.6845489781536294,0.6451251372122497,0.039436580366635776,69
0.0015760898590087891,4.276423872829309e-05,0.0010179042816162109,5.47405319334019e-05,gini,19,sqrt,12,16,"{'criterion': 'gini', 'max_depth': 19, 'max_features': 'sqrt', 'min_samples_leaf': 12, 'min_samples_split': 16}",0.764932562620424,0.5984410579786302,0.6682431248905236,0.5642099863201094,0.6360993657505286,0.6463852195120432,0.06883088107598902,67
0.00040636062622070315,1.4750077121310622e-05,0.0,0.0,gini,9,auto,17,13,"{'criterion': 'gini', 'max_depth': 9, 'max_features': 'auto', 'min_samples_leaf': 17, 'min_samples_split': 13}",,,,,,,,128
0.001601266860961914,3.924326357595113e-05,0.0010346412658691407,5.5158868675186e-05,entropy,7,sqrt,3,18,"{'criterion': 'entropy', 'max_depth': 7, 'max_features': 'sqrt', 'min_samples_leaf': 3, 'min_samples_split': 18}",0.7056402172009109,0.5964266946925906,0.7750919600630582,0.6219220246238031,0.6915961945031713,0.6781354182167069,0.06352092346836623,17
0.00040955543518066405,2.0315389566632196e-05,0.0,0.0,gini,17,auto,17,3,"{'criterion': 'gini', 'max_depth': 17, 'max_features': 'auto', 'min_samples_leaf': 17, 'min_samples_split': 3}",,,,,,,,128
0.0003899574279785156,3.686170213716066e-06,0.0,0.0,entropy,5,auto,1,3,"{'criterion': 'entropy', 'max_depth': 5, 'max_features': 'auto', 'min_samples_leaf': 1, 'min_samples_split': 3}",,,,,,,,128
0.0016868114471435547,3.5621682590046826e-05,0.0010106563568115234,1.848935696634416e-05,gini,12,sqrt,6,5,"{'criterion': 'gini', 'max_depth': 12, 'max_features': 'sqrt', 'min_samples_leaf': 6, 'min_samples_split': 5}",0.6509020844280959,0.6220879313364862,0.6100017516202487,0.6102086183310533,0.6772374911909796,0.6340875753813727,0.026225811339691308,87
0.0014591693878173828,2.2356188649651043e-05,0.0009952068328857421,2.189892494677167e-05,gini,11,log2,17,7,"{'criterion': 'gini', 'max_depth': 11, 'max_features': 'log2', 'min_samples_leaf': 17, 'min_samples_split': 7}",0.6200735680504468,0.6458223857067789,0.6180592047644071,0.5778043775649795,0.7062191684284708,0.6335957409030166,0.04233334951467986,90
0.00151824951171875,4.5150461369972574e-05,0.0009916305541992187,1.1975544749574618e-05,entropy,5,sqrt,6,12,"{'criterion': 'entropy', 'max_depth': 5, 'max_features': 'sqrt', 'min_samples_leaf': 6, 'min_samples_split': 12}",0.7390961639516551,0.6254160098090734,0.7306883867577509,0.6191005471956225,0.5409619450317125,0.6510526105491629,0.07468821651668003,60
0.00041413307189941406,1.1304158774499604e-05,0.0,0.0,gini,16,auto,9,7,"{'criterion': 'gini', 'max_depth': 16, 'max_features': 'auto', 'min_samples_leaf': 9, 'min_samples_split': 7}",,,,,,,,128
0.001313161849975586,1.8973925141527438e-05,0.0009902477264404296,2.0026365900165192e-05,entropy,3,log2,4,4,"{'criterion': 'entropy', 'max_depth': 3, 'max_features': 'log2', 'min_samples_leaf': 4, 'min_samples_split': 4}",0.6353126642143984,0.6811175337186899,0.6423191452093187,0.515218878248974,0.5994538407329105,0.6146844124248583,0.056085516197606114,108
0.0015269756317138673,6.105798800912824e-05,0.0009944438934326172,1.0601453097174444e-05,gini,19,log2,9,2,"{'criterion': 'gini', 'max_depth': 19, 'max_features': 'log2', 'min_samples_leaf': 9, 'min_samples_split': 2}",0.778332457523209,0.6875985286389911,0.6653529514801191,0.6226915184678523,0.6027131782945736,0.671337726880949,0.06135778004014932,23
0.0016363143920898437,6.579029254219056e-05,0.0010095596313476562,3.3552059691470035e-05,entropy,7,sqrt,8,2,"{'criterion': 'entropy', 'max_depth': 7, 'max_features': 'sqrt', 'min_samples_leaf': 8, 'min_samples_split': 2}",0.6785776843580312,0.6138553161674549,0.7306883867577509,0.5566005471956224,0.6331042988019733,0.6425652466561667,0.05893434090053483,76
0.0015282154083251954,2.2488522047210093e-05,0.0010023117065429688,1.8377108590195372e-05,gini,18,log2,10,4,"{'criterion': 'gini', 'max_depth': 18, 'max_features': 'log2', 'min_samples_leaf': 10, 'min_samples_split': 4}",0.7318269399194255,0.6478367489928183,0.7538973550534245,0.5270177838577291,0.6510747004933051,0.6623307056633405,0.07982548101481074,39
0.0015375137329101563,2.71464026541001e-05,0.001006937026977539,2.4568268177715138e-05,gini,16,sqrt,16,18,"{'criterion': 'gini', 'max_depth': 16, 'max_features': 'sqrt', 'min_samples_leaf': 16, 'min_samples_split': 18}",0.6754247679103171,0.6792783324575233,0.5869679453494483,0.6839945280437757,0.694415081042988,0.6640161309608106,0.03904547915874047,37
0.0012338638305664062,2.8018961154008995e-05,0.0009576797485351563,9.183789586489473e-06,entropy,1,sqrt,12,6,"{'criterion': 'entropy', 'max_depth': 1, 'max_features': 'sqrt', 'min_samples_leaf': 12, 'min_samples_split': 6}",0.5839901909266071,0.49273077596777015,0.6590471185846909,0.5386456908344732,0.5368217054263565,0.5622470963479796,0.056354240500280345,120
0.0004020214080810547,1.142161864837029e-05,0.0,0.0,gini,9,auto,3,17,"{'criterion': 'gini', 'max_depth': 9, 'max_features': 'auto', 'min_samples_leaf': 3, 'min_samples_split': 17}",,,,,,,,128
0.001449251174926758,7.06425197477659e-05,0.0010369777679443359,4.435011115216905e-05,entropy,3,sqrt,1,12,"{'criterion': 'entropy', 'max_depth': 3, 'max_features': 'sqrt', 'min_samples_leaf': 1, 'min_samples_split': 12}",0.6516903135400245,0.650376598353477,0.6673673147661587,0.5998632010943913,0.6553030303030304,0.6449200916114164,0.023312726125807603,71
0.00164947509765625,2.0917123815390913e-05,0.0010342597961425781,5.117686872695028e-05,gini,8,sqrt,8,4,"{'criterion': 'gini', 'max_depth': 8, 'max_features': 'sqrt', 'min_samples_leaf': 8, 'min_samples_split': 4}",0.6220003503240498,0.6149062883166929,0.6664915046417936,0.6075581395348838,0.6976744186046511,0.6417261402844143,0.034696964256554934,79
0.0004191398620605469,2.6947417450714087e-05,0.0,0.0,entropy,3,auto,18,15,"{'criterion': 'entropy', 'max_depth': 3, 'max_features': 'auto', 'min_samples_leaf': 18, 'min_samples_split': 15}",,,,,,,,128
0.0013980388641357422,8.566461496892809e-05,0.0010269641876220702,5.721084196018615e-05,entropy,2,sqrt,3,17,"{'criterion': 'entropy', 'max_depth': 2, 'max_features': 'sqrt', 'min_samples_leaf': 3, 'min_samples_split': 17}",0.6770888071466106,0.6354002452268348,0.7025748817656332,0.5461696306429549,0.6350422832980973,0.6392551696160261,0.05317573975900305,83
0.00040163993835449217,1.0739533072035017e-05,0.0,0.0,gini,9,auto,4,2,"{'criterion': 'gini', 'max_depth': 9, 'max_features': 'auto', 'min_samples_leaf': 4, 'min_samples_split': 2}",,,,,,,,128
0.0016568660736083984,8.671734391469478e-05,0.0010476112365722656,6.782579073188306e-05,entropy,16,log2,3,18,"{'criterion': 'entropy', 'max_depth': 16, 'max_features': 'log2', 'min_samples_leaf': 3, 'min_samples_split': 18}",0.6128043440182168,0.6441583464704852,0.6812051147311263,0.4902530779753762,0.6124031007751938,0.6081647967940796,0.06414528153576855,111
0.0012969970703125,7.720831471543623e-05,0.001054239273071289,8.090444225609037e-05,entropy,1,log2,19,15,"{'criterion': 'entropy', 'max_depth': 1, 'max_features': 'log2', 'min_samples_leaf': 19, 'min_samples_split': 15}",0.5338938518129269,0.49273077596777015,0.5194429847609038,0.4531463748290014,0.5192917547568711,0.5037011484254947,0.028560833181425636,124
0.0016169548034667969,0.0001255124713595284,0.001100635528564453,0.00014171160720639753,entropy,6,sqrt,13,9,"{'criterion': 'entropy', 'max_depth': 6, 'max_features': 'sqrt', 'min_samples_leaf': 13, 'min_samples_split': 9}",0.6890874058504116,0.6716587843755473,0.7814853739709231,0.6872435020519835,0.6194503171247357,0.6897850766747202,0.05232863794104183,9
0.00040946006774902346,2.5278036813627305e-05,0.0,0.0,gini,2,auto,1,16,"{'criterion': 'gini', 'max_depth': 2, 'max_features': 'auto', 'min_samples_leaf': 1, 'min_samples_split': 16}",,,,,,,,128
0.0005128383636474609,0.00013934557374885827,0.0,0.0,entropy,1,auto,16,5,"{'criterion': 'entropy', 'max_depth': 1, 'max_features': 'auto', 'min_samples_leaf': 16, 'min_samples_split': 5}",,,,,,,,128
0.0003938198089599609,3.663897077998838e-06,0.0,0.0,gini,17,auto,12,15,"{'criterion': 'gini', 'max_depth': 17, 'max_features': 'auto', 'min_samples_leaf': 12, 'min_samples_split': 15}",,,,,,,,128
0.0016526222229003907,0.0001536621041162679,0.0011620044708251954,0.0001622304430857816,gini,6,log2,9,6,"{'criterion': 'gini', 'max_depth': 6, 'max_features': 'log2', 'min_samples_leaf': 9, 'min_samples_split': 6}",0.733140655105973,0.6876861096514276,0.6142932212296375,0.6072161422708618,0.6428823114869626,0.6570436879489725,0.04741442336380071,47
0.0019136428833007812,0.0001278149172101752,0.001056337356567383,5.5853815282434407e-05,entropy,17,sqrt,3,2,"{'criterion': 'entropy', 'max_depth': 17, 'max_features': 'sqrt', 'min_samples_leaf': 3, 'min_samples_split': 2}",0.6194605009633912,0.5828516377649325,0.7480294272201786,0.6035396716826265,0.7114164904862579,0.6530595456234772,0.06470714870440701,56
0.001308107376098633,8.508792667831168e-05,0.0009953498840332032,2.4176349291019726e-05,entropy,1,log2,18,11,"{'criterion': 'entropy', 'max_depth': 1, 'max_features': 'log2', 'min_samples_leaf': 18, 'min_samples_split': 11}",0.5338938518129269,0.49273077596777015,0.5194429847609038,0.4531463748290014,0.5192917547568711,0.5037011484254947,0.028560833181425636,124
0.0013812065124511718,2.278982326378264e-05,0.001047515869140625,8.182720146445973e-05,gini,3,sqrt,18,16,"{'criterion': 'gini', 'max_depth': 3, 'max_features': 'sqrt', 'min_samples_leaf': 18, 'min_samples_split': 16}",0.6804168856191979,0.650026274303731,0.6579961464354529,0.5874658002735978,0.6335447498238196,0.6418899712911599,0.031117726602111515,77
0.001298236846923828,7.003184471551163e-05,0.0009914398193359374,3.129541519176099e-05,entropy,2,log2,10,3,"{'criterion': 'entropy', 'max_depth': 2, 'max_features': 'log2', 'min_samples_leaf': 10, 'min_samples_split': 3}",0.583114380802242,0.647924330005255,0.6509020844280959,0.4990595075239398,0.5357646229739252,0.5833529851466916,0.060170489289400775,113
0.00043115615844726565,2.584114263073927e-05,0.0,0.0,entropy,17,auto,9,12,"{'criterion': 'entropy', 'max_depth': 17, 'max_features': 'auto', 'min_samples_leaf': 9, 'min_samples_split': 12}",,,,,,,,128
0.0015784263610839843,4.004398848452577e-05,0.00107269287109375,3.6165324389518777e-05,entropy,16,log2,10,4,"{'criterion': 'entropy', 'max_depth': 16, 'max_features': 'log2', 'min_samples_leaf': 10, 'min_samples_split': 4}",0.7059905412506569,0.6941671045717288,0.7236819057628306,0.6092681258549931,0.6510747004933051,0.6768364755867029,0.04141003626071988,19
0.001760244369506836,8.437471490615621e-05,0.0010309219360351562,2.3466977690437854e-05,entropy,13,sqrt,7,5,"{'criterion': 'entropy', 'max_depth': 13, 'max_features': 'sqrt', 'min_samples_leaf': 7, 'min_samples_split': 5}",0.6910141881240148,0.6283061832194781,0.6566824312489052,0.5865253077975376,0.5831571529245948,0.6291370526629061,0.04127500478199089,98
0.0012985706329345704,6.197353321005205e-05,0.0009795188903808593,1.539571244543596e-05,gini,1,sqrt,16,15,"{'criterion': 'gini', 'max_depth': 1, 'max_features': 'sqrt', 'min_samples_leaf': 16, 'min_samples_split': 15}",0.5839901909266071,0.49273077596777015,0.6590471185846909,0.5386456908344732,0.5368217054263565,0.5622470963479796,0.056354240500280345,120
0.0015779972076416016,0.00012505726982557668,0.0010365962982177735,6.326955300903302e-05,entropy,19,log2,15,3,"{'criterion': 'entropy', 'max_depth': 19, 'max_features': 'log2', 'min_samples_leaf': 15, 'min_samples_split': 3}",0.686547556489753,0.7226309336135925,0.7813102119460501,0.60687414500684,0.6843727977448908,0.6963471289602252,0.05684082149950657,3
0.00039930343627929686,1.5790007285321993e-05,0.0,0.0,entropy,19,auto,17,11,"{'criterion': 'entropy', 'max_depth': 19, 'max_features': 'auto', 'min_samples_leaf': 17, 'min_samples_split': 11}",,,,,,,,128
0.001633024215698242,5.634766762085028e-05,0.0010039806365966797,1.1426196411733164e-05,entropy,15,sqrt,11,6,"{'criterion': 'entropy', 'max_depth': 15, 'max_features': 'sqrt', 'min_samples_leaf': 11, 'min_samples_split': 6}",0.7425994044491154,0.6758626729724996,0.7510071816430198,0.5955882352941176,0.703400281888654,0.6936915552494813,0.0560596977242706,6
0.0004028797149658203,1.1339704952518185e-05,0.0,0.0,gini,8,auto,12,13,"{'criterion': 'gini', 'max_depth': 8, 'max_features': 'auto', 'min_samples_leaf': 12, 'min_samples_split': 13}",,,,,,,,128
0.0015613555908203125,3.3312937316946405e-05,0.0010000228881835937,9.098222918892628e-06,gini,7,sqrt,13,16,"{'criterion': 'gini', 'max_depth': 7, 'max_features': 'sqrt', 'min_samples_leaf': 13, 'min_samples_split': 16}",0.6333858819407953,0.6971448589945699,0.6873357856016815,0.6574897400820794,0.6675475687103594,0.6685807670658971,0.022496294740930387,29
0.0004005908966064453,7.424585771237152e-06,0.0,0.0,gini,8,auto,18,11,"{'criterion': 'gini', 'max_depth': 8, 'max_features': 'auto', 'min_samples_leaf': 18, 'min_samples_split': 11}",,,,,,,,128
0.0003891468048095703,1.0704967651674103e-06,0.0,0.0,entropy,19,auto,19,6,"{'criterion': 'entropy', 'max_depth': 19, 'max_features': 'auto', 'min_samples_leaf': 19, 'min_samples_split': 6}",,,,,,,,128
0.0004195690155029297,4.759909751141405e-05,0.0,0.0,entropy,9,auto,1,2,"{'criterion': 'entropy', 'max_depth': 9, 'max_features': 'auto', 'min_samples_leaf': 1, 'min_samples_split': 2}",,,,,,,,128
0.0013509750366210937,3.4568753681322916e-05,0.00102691650390625,4.810136046818013e-05,gini,2,sqrt,16,9,"{'criterion': 'gini', 'max_depth': 2, 'max_features': 'sqrt', 'min_samples_leaf': 16, 'min_samples_split': 9}",0.6770888071466106,0.6436328603958662,0.7025748817656332,0.5095759233926128,0.6350422832980973,0.633582951199764,0.0665334791747135,91
0.0004313468933105469,6.403434817180254e-05,0.0,0.0,gini,1,auto,7,6,"{'criterion': 'gini', 'max_depth': 1, 'max_features': 'auto', 'min_samples_leaf': 7, 'min_samples_split': 6}",,,,,,,,128
0.001403665542602539,4.354612061805268e-05,0.0010016918182373046,2.117747576706812e-05,entropy,3,sqrt,16,6,"{'criterion': 'entropy', 'max_depth': 3, 'max_features': 'sqrt', 'min_samples_leaf': 16, 'min_samples_split': 6}",0.6702574881765634,0.650026274303731,0.6734104046242775,0.6000341997264022,0.6553030303030304,0.6498062794268009,0.026392912879440043,62
0.0004054069519042969,1.0853257865734178e-05,0.0,0.0,entropy,14,auto,15,18,"{'criterion': 'entropy', 'max_depth': 14, 'max_features': 'auto', 'min_samples_leaf': 15, 'min_samples_split': 18}",,,,,,,,128
0.0018521785736083985,0.0001336510503964655,0.0010808467864990234,6.250871383609082e-05,entropy,14,sqrt,5,13,"{'criterion': 'entropy', 'max_depth': 14, 'max_features': 'sqrt', 'min_samples_leaf': 5, 'min_samples_split': 13}",0.6899632159747766,0.6317218427045016,0.7303380627080049,0.585499316005472,0.6853417899929528,0.6645728454771417,0.050463640800096195,36
0.00047760009765625,8.40799809688689e-05,0.0,0.0,entropy,16,auto,7,5,"{'criterion': 'entropy', 'max_depth': 16, 'max_features': 'auto', 'min_samples_leaf': 7, 'min_samples_split': 5}",,,,,,,,128
0.0014927387237548828,0.00010875954201915213,0.001049041748046875,5.9931431454969e-05,gini,5,log2,10,6,"{'criterion': 'gini', 'max_depth': 5, 'max_features': 'log2', 'min_samples_leaf': 10, 'min_samples_split': 6}",0.710194429847609,0.6947801716587845,0.7065160273252759,0.6043091655266758,0.638830162085976,0.6709259912888642,0.04206097141029064,25
0.0013849735260009766,0.00019475608036880108,0.001015472412109375,5.129500236062086e-05,entropy,2,log2,10,2,"{'criterion': 'entropy', 'max_depth': 2, 'max_features': 'log2', 'min_samples_leaf': 10, 'min_samples_split': 2}",0.583114380802242,0.647924330005255,0.6509020844280959,0.4990595075239398,0.5357646229739252,0.5833529851466916,0.060170489289400775,113
0.0004031658172607422,1.1754785517688196e-05,0.0,0.0,entropy,5,auto,4,17,"{'criterion': 'entropy', 'max_depth': 5, 'max_features': 'auto', 'min_samples_leaf': 4, 'min_samples_split': 17}",,,,,,,,128
0.001696014404296875,0.00010459753215632145,0.001040029525756836,4.23009658114637e-05,entropy,16,log2,2,18,"{'criterion': 'entropy', 'max_depth': 16, 'max_features': 'log2', 'min_samples_leaf': 2, 'min_samples_split': 18}",0.5666491504641794,0.6139428971798914,0.6823436678928009,0.5528385772913816,0.7080690627202255,0.6247686711096958,0.061518858823937046,102
0.0019322872161865235,0.00024019157158398102,0.0010627269744873046,6.043270931173998e-05,entropy,12,sqrt,3,2,"{'criterion': 'entropy', 'max_depth': 12, 'max_features': 'sqrt', 'min_samples_leaf': 3, 'min_samples_split': 2}",0.6024697845507093,0.627605535119986,0.7724645296899632,0.5935362517099863,0.6967054263565892,0.6585563054854467,0.06747102248285469,44
0.0017251014709472657,0.00012800467702842372,0.0010927200317382812,4.7894109056214e-05,gini,19,log2,5,13,"{'criterion': 'gini', 'max_depth': 19, 'max_features': 'log2', 'min_samples_leaf': 5, 'min_samples_split': 13}",0.7750919600630584,0.6702574881765633,0.6657908565423016,0.5814808481532148,0.649400986610289,0.6684044279090854,0.06214391941859025,30
0.0004350185394287109,1.3819724759390008e-05,0.0,0.0,gini,1,auto,8,11,"{'criterion': 'gini', 'max_depth': 1, 'max_features': 'auto', 'min_samples_leaf': 8, 'min_samples_split': 11}",,,,,,,,128
0.0004733562469482422,9.389595648961351e-05,0.0,0.0,gini,12,auto,13,13,"{'criterion': 'gini', 'max_depth': 12, 'max_features': 'auto', 'min_samples_leaf': 13, 'min_samples_split': 13}",,,,,,,,128
0.0022210121154785157,0.0006516643972562901,0.0014286518096923828,0.00021501450913638504,gini,14,sqrt,19,19,"{'criterion': 'gini', 'max_depth': 14, 'max_features': 'sqrt', 'min_samples_leaf': 19, 'min_samples_split': 19}",0.6885619197757926,0.6148187073042565,0.7002977754422841,0.5361662106703147,0.7334390415785764,0.6546567309542448,0.07080450658508419,54
0.0021486759185791017,0.00018506653979071064,0.0014182567596435548,0.0003245981737450818,gini,17,sqrt,8,11,"{'criterion': 'gini', 'max_depth': 17, 'max_features': 'sqrt', 'min_samples_leaf': 8, 'min_samples_split': 11}",0.6553687160623576,0.5727798213347346,0.6710457172884918,0.5792578659370725,0.6679880197322059,0.6292880280709725,0.043858387569905406,97
0.0016188621520996094,0.00022742948087331658,0.001288127899169922,0.00018211561612654063,entropy,2,log2,9,8,"{'criterion': 'entropy', 'max_depth': 2, 'max_features': 'log2', 'min_samples_leaf': 9, 'min_samples_split': 8}",0.583114380802242,0.647924330005255,0.6509020844280959,0.4990595075239398,0.5357646229739252,0.5833529851466916,0.060170489289400775,113
0.000457000732421875,3.447615093548746e-05,0.0,0.0,entropy,18,auto,11,5,"{'criterion': 'entropy', 'max_depth': 18, 'max_features': 'auto', 'min_samples_leaf': 11, 'min_samples_split': 5}",,,,,,,,128
0.010722589492797852,0.01760908788117143,0.0027004241943359374,0.00216446036409201,gini,4,sqrt,5,10,"{'criterion': 'gini', 'max_depth': 4, 'max_features': 'sqrt', 'min_samples_leaf': 5, 'min_samples_split': 10}",0.6762129970222455,0.6888246628131021,0.7144858994569977,0.5882352941176471,0.5890591966173362,0.6513636100054658,0.052673086358481704,58
0.0016301631927490234,0.0020696448362663837,0.0,0.0,entropy,3,auto,3,17,"{'criterion': 'entropy', 'max_depth': 3, 'max_features': 'auto', 'min_samples_leaf': 3, 'min_samples_split': 17}",,,,,,,,128
0.002203559875488281,0.00134359287494368,0.0,0.0,entropy,18,auto,7,6,"{'criterion': 'entropy', 'max_depth': 18, 'max_features': 'auto', 'min_samples_leaf': 7, 'min_samples_split': 6}",,,,,,,,128
0.004806041717529297,0.0038653409383090573,0.0028647422790527345,0.0014886283512211519,entropy,17,log2,13,4,"{'criterion': 'entropy', 'max_depth': 17, 'max_features': 'log2', 'min_samples_leaf': 13, 'min_samples_split': 4}",0.7045892450516729,0.7168505867927834,0.6871606235768086,0.5870383036935705,0.6362755461592671,0.6663828610548206,0.048250271973886365,35
0.0005539894104003906,1.6702646641231084e-05,0.0,0.0,gini,17,auto,16,14,"{'criterion': 'gini', 'max_depth': 17, 'max_features': 'auto', 'min_samples_leaf': 16, 'min_samples_split': 14}",,,,,,,,128
0.0005635261535644531,5.759841548235192e-05,0.0,0.0,gini,19,auto,4,13,"{'criterion': 'gini', 'max_depth': 19, 'max_features': 'auto', 'min_samples_leaf': 4, 'min_samples_split': 13}",,,,,,,,128
0.0022150516510009766,9.912119882882237e-05,0.0014595508575439454,5.314914323440313e-05,gini,9,log2,12,10,"{'criterion': 'gini', 'max_depth': 9, 'max_features': 'log2', 'min_samples_leaf': 12, 'min_samples_split': 10}",0.6452093186197234,0.6784901033455947,0.7016114906288317,0.6376538987688098,0.6952078928823114,0.6716345408490543,0.025900948196474725,22
0.001926565170288086,0.00013757108191204688,0.0013231754302978516,6.128580067893932e-05,gini,14,log2,19,16,"{'criterion': 'gini', 'max_depth': 14, 'max_features': 'log2', 'min_samples_leaf': 19, 'min_samples_split': 16}",0.6587843755473815,0.6428446312839377,0.6494132072166755,0.5812243502051984,0.6909795630725863,0.6446492254651559,0.035763024297993586,72
0.001825571060180664,5.762690987681915e-05,0.0012851238250732421,2.6772357610915e-05,entropy,5,log2,12,5,"{'criterion': 'entropy', 'max_depth': 5, 'max_features': 'log2', 'min_samples_leaf': 12, 'min_samples_split': 5}",0.6927658083727447,0.6952180767209668,0.7356805044666317,0.5644664842681258,0.6214763918252291,0.6619214531307396,0.061047049047099025,40
0.0005173206329345704,2.06120549075704e-05,0.0,0.0,gini,16,auto,7,14,"{'criterion': 'gini', 'max_depth': 16, 'max_features': 'auto', 'min_samples_leaf': 7, 'min_samples_split': 14}",,,,,,,,128
0.0021575927734375,0.00015147328083590125,0.001327848434448242,4.550600679198537e-05,gini,10,sqrt,7,15,"{'criterion': 'gini', 'max_depth': 10, 'max_features': 'sqrt', 'min_samples_leaf': 7, 'min_samples_split': 15}",0.7320896829567349,0.6000175162024873,0.6328603958661763,0.5589090287277703,0.6432346723044398,0.6334222592115217,0.05744555339147961,93
0.0018549442291259765,9.73800715770429e-05,0.0012829303741455078,1.7463570965641796e-05,gini,5,log2,11,12,"{'criterion': 'gini', 'max_depth': 5, 'max_features': 'log2', 'min_samples_leaf': 11, 'min_samples_split': 12}",0.7196531791907514,0.6565072692240322,0.7090558766859345,0.6151675786593707,0.6398872445384073,0.6680542296596992,0.04016788730249216,31
0.0005000591278076172,1.637059120184485e-05,0.0,0.0,entropy,15,auto,10,13,"{'criterion': 'entropy', 'max_depth': 15, 'max_features': 'auto', 'min_samples_leaf': 10, 'min_samples_split': 13}",,,,,,,,128
0.001833963394165039,3.884317949248842e-05,0.001290273666381836,4.0398098814280355e-05,gini,6,log2,14,14,"{'criterion': 'gini', 'max_depth': 6, 'max_features': 'log2', 'min_samples_leaf': 14, 'min_samples_split': 14}",0.732089682956735,0.6819057628306183,0.7900683131897005,0.5596785225718194,0.6527484143763214,0.6832981391850389,0.07745646365541246,13
0.0005600929260253906,4.988692135363105e-05,0.0,0.0,entropy,10,auto,18,3,"{'criterion': 'entropy', 'max_depth': 10, 'max_features': 'auto', 'min_samples_leaf': 18, 'min_samples_split': 3}",,,,,,,,128
0.0017627716064453126,0.0001149606426825528,0.0012133598327636718,5.7094236074571606e-05,gini,5,sqrt,19,9,"{'criterion': 'gini', 'max_depth': 5, 'max_features': 'sqrt', 'min_samples_leaf': 19, 'min_samples_split': 9}",0.6776142932212297,0.6556314590996671,0.7002977754422841,0.6173050615595076,0.6964411557434814,0.669457949013234,0.030518223354420657,28
0.000472259521484375,1.918960036914089e-05,0.0,0.0,entropy,13,auto,17,8,"{'criterion': 'entropy', 'max_depth': 13, 'max_features': 'auto', 'min_samples_leaf': 17, 'min_samples_split': 8}",,,,,,,,128
0.0018253803253173828,3.0442010182492854e-05,0.0012038707733154296,6.596169605333112e-05,gini,13,sqrt,19,13,"{'criterion': 'gini', 'max_depth': 13, 'max_features': 'sqrt', 'min_samples_leaf': 19, 'min_samples_split': 13}",0.6885619197757926,0.6148187073042565,0.7002977754422841,0.5361662106703147,0.7334390415785764,0.6546567309542448,0.07080450658508419,54
0.0017236232757568359,2.4541877909037524e-05,0.0011515617370605469,1.5488768994344068e-05,entropy,7,log2,10,8,"{'criterion': 'entropy', 'max_depth': 7, 'max_features': 'log2', 'min_samples_leaf': 10, 'min_samples_split': 8}",0.6718339464004205,0.7226309336135925,0.729812576633386,0.5795998632010944,0.7155567300916139,0.6838868099880214,0.05591834365867183,12
0.00046520233154296876,1.7646454132956118e-05,0.0,0.0,entropy,3,auto,13,19,"{'criterion': 'entropy', 'max_depth': 3, 'max_features': 'auto', 'min_samples_leaf': 13, 'min_samples_split': 19}",,,,,,,,128
0.000449371337890625,4.469060712379449e-06,0.0,0.0,entropy,8,auto,9,8,"{'criterion': 'entropy', 'max_depth': 8, 'max_features': 'auto', 'min_samples_leaf': 9, 'min_samples_split': 8}",,,,,,,,128
0.00045003890991210935,3.6830847773222957e-06,0.0,0.0,gini,3,auto,17,2,"{'criterion': 'gini', 'max_depth': 3, 'max_features': 'auto', 'min_samples_leaf': 17, 'min_samples_split': 2}",,,,,,,,128
0.0017860889434814452,4.3932878619411525e-05,0.001153564453125,2.1765722942427174e-05,entropy,6,sqrt,12,14,"{'criterion': 'entropy', 'max_depth': 6, 'max_features': 'sqrt', 'min_samples_leaf': 12, 'min_samples_split': 14}",0.6947801716587844,0.6805044666316342,0.7461902259590121,0.6409883720930233,0.6258809020436928,0.6776688276772292,0.04248168082106722,18
0.0004622936248779297,1.3511414582247523e-05,0.0,0.0,entropy,13,auto,15,17,"{'criterion': 'entropy', 'max_depth': 13, 'max_features': 'auto', 'min_samples_leaf': 15, 'min_samples_split': 17}",,,,,,,,128
0.0004827022552490234,3.3903960259182734e-05,0.0,0.0,entropy,11,auto,4,4,"{'criterion': 'entropy', 'max_depth': 11, 'max_features': 'auto', 'min_samples_leaf': 4, 'min_samples_split': 4}",,,,,,,,128
0.001689767837524414,4.538793470374365e-05,0.0010980606079101563,2.192600748905628e-05,gini,18,log2,9,18,"{'criterion': 'gini', 'max_depth': 18, 'max_features': 'log2', 'min_samples_leaf': 9, 'min_samples_split': 18}",0.778332457523209,0.6875985286389911,0.6653529514801191,0.6226915184678523,0.6027131782945736,0.671337726880949,0.06135778004014932,23
0.0018724918365478516,3.37681518193523e-05,0.0011021614074707032,2.1352190791069716e-05,entropy,15,log2,1,4,"{'criterion': 'entropy', 'max_depth': 15, 'max_features': 'log2', 'min_samples_leaf': 1, 'min_samples_split': 4}",0.603258013662638,0.5816255035908214,0.6241898756349624,0.48606361149110805,0.5890591966173362,0.5768392401993732,0.04764973176618611,119
0.0016971588134765624,2.240708493237635e-05,0.0010782241821289062,1.508991852229094e-05,entropy,11,sqrt,16,9,"{'criterion': 'entropy', 'max_depth': 11, 'max_features': 'sqrt', 'min_samples_leaf': 16, 'min_samples_split': 9}",0.6795410754948328,0.651252408477842,0.7494307234191628,0.6928864569083447,0.6647286821705427,0.6875678692941449,0.033941628352709266,10
0.0004306316375732422,9.227014632748982e-06,0.0,0.0,entropy,12,auto,8,5,"{'criterion': 'entropy', 'max_depth': 12, 'max_features': 'auto', 'min_samples_leaf': 8, 'min_samples_split': 5}",,,,,,,,128
0.0016610145568847657,2.080748207637041e-05,0.0010842323303222657,2.0235319546740517e-05,entropy,8,sqrt,18,6,"{'criterion': 'entropy', 'max_depth': 8, 'max_features': 'sqrt', 'min_samples_leaf': 18, 'min_samples_split': 6}",0.7006480994920301,0.6698195831143807,0.6592222806095639,0.6522742818057455,0.6816420014094433,0.6727212492862328,0.017135980169896724,21
0.0015326976776123048,8.520248780268551e-05,0.001088714599609375,2.310796360200121e-05,gini,4,log2,17,10,"{'criterion': 'gini', 'max_depth': 4, 'max_features': 'log2', 'min_samples_leaf': 17, 'min_samples_split': 10}",0.6736731476615869,0.6597477666841829,0.7330530740935366,0.5610465116279071,0.6080866807610994,0.6471214361656626,0.058619568006540834,66
0.00047435760498046873,6.101738402781773e-05,0.0,0.0,gini,13,auto,13,15,"{'criterion': 'gini', 'max_depth': 13, 'max_features': 'auto', 'min_samples_leaf': 13, 'min_samples_split': 15}",,,,,,,,128
0.001650857925415039,5.5145634954455545e-05,0.001102781295776367,3.3835485784560565e-05,gini,6,sqrt,19,6,"{'criterion': 'gini', 'max_depth': 6, 'max_features': 'sqrt', 'min_samples_leaf': 19, 'min_samples_split': 6}",0.7095813627605536,0.6379400945874935,0.6683307059029604,0.5950752393980847,0.7234848484848485,0.6668824502267882,0.046953299227174804,32
0.0014418601989746095,5.40626101482162e-05,0.0010741710662841796,3.439136559285093e-05,gini,2,sqrt,18,14,"{'criterion': 'gini', 'max_depth': 2, 'max_features': 'sqrt', 'min_samples_leaf': 18, 'min_samples_split': 14}",0.6770888071466106,0.6436328603958662,0.7025748817656332,0.5095759233926128,0.6350422832980973,0.633582951199764,0.0665334791747135,91
0.0013448238372802735,3.5502311720576665e-05,0.0010479927062988282,1.1071045726778871e-05,gini,1,sqrt,1,19,"{'criterion': 'gini', 'max_depth': 1, 'max_features': 'sqrt', 'min_samples_leaf': 1, 'min_samples_split': 19}",0.5839901909266071,0.49273077596777015,0.6590471185846909,0.5386456908344732,0.5368217054263565,0.5622470963479796,0.056354240500280345,120
0.0004303455352783203,2.3756829274656805e-05,0.0,0.0,entropy,15,auto,11,18,"{'criterion': 'entropy', 'max_depth': 15, 'max_features': 'auto', 'min_samples_leaf': 11, 'min_samples_split': 18}",,,,,,,,128
0.001291799545288086,8.329901604288638e-05,0.0010092735290527343,2.1207945736003642e-05,gini,1,sqrt,9,4,"{'criterion': 'gini', 'max_depth': 1, 'max_features': 'sqrt', 'min_samples_leaf': 9, 'min_samples_split': 4}",0.5839901909266071,0.49273077596777015,0.6590471185846909,0.5386456908344732,0.5368217054263565,0.5622470963479796,0.056354240500280345,120
0.00040564537048339846,1.535726598683004e-05,0.0,0.0,gini,1,auto,16,7,"{'criterion': 'gini', 'max_depth': 1, 'max_features': 'auto', 'min_samples_leaf': 16, 'min_samples_split': 7}",,,,,,,,128
0.00039534568786621095,6.389262061386893e-06,0.0,0.0,entropy,17,auto,5,7,"{'criterion': 'entropy', 'max_depth': 17, 'max_features': 'auto', 'min_samples_leaf': 5, 'min_samples_split': 7}",,,,,,,,128
0.00040898323059082033,4.206574062333785e-05,0.0,0.0,gini,5,auto,5,11,"{'criterion': 'gini', 'max_depth': 5, 'max_features': 'auto', 'min_samples_leaf': 5, 'min_samples_split': 11}",,,,,,,,128
0.000405120849609375,1.2176072081587108e-05,0.0,0.0,entropy,19,auto,14,10,"{'criterion': 'entropy', 'max_depth': 19, 'max_features': 'auto', 'min_samples_leaf': 14, 'min_samples_split': 10}",,,,,,,,128
0.0012752532958984375,4.148110559316399e-05,0.0009827136993408204,3.7962167842126286e-05,entropy,1,log2,13,14,"{'criterion': 'entropy', 'max_depth': 1, 'max_features': 'log2', 'min_samples_leaf': 13, 'min_samples_split': 14}",0.5338938518129269,0.49273077596777015,0.5194429847609038,0.4531463748290014,0.5192917547568711,0.5037011484254947,0.028560833181425636,124
0.0004284381866455078,5.0930806998898264e-05,0.0,0.0,entropy,1,auto,8,3,"{'criterion': 'entropy', 'max_depth': 1, 'max_features': 'auto', 'min_samples_leaf': 8, 'min_samples_split': 3}",,,,,,,,128
0.0016222953796386718,4.563672901014537e-05,0.0010556221008300782,5.5679717758995976e-05,entropy,8,log2,2,4,"{'criterion': 'entropy', 'max_depth': 8, 'max_features': 'log2', 'min_samples_leaf': 2, 'min_samples_split': 4}",0.6913645121737607,0.7115081450341566,0.6143808022420738,0.5269322845417237,0.7039288231148696,0.649622913421317,0.07045036777912424,63
0.00041599273681640624,2.1896848274447198e-05,0.0,0.0,gini,18,auto,12,6,"{'criterion': 'gini', 'max_depth': 18, 'max_features': 'auto', 'min_samples_leaf': 12, 'min_samples_split': 6}",,,,,,,,128
0.001519918441772461,2.8376418629112838e-05,0.0010419845581054687,5.235524340494772e-05,entropy,17,log2,15,16,"{'criterion': 'entropy', 'max_depth': 17, 'max_features': 'log2', 'min_samples_leaf': 15, 'min_samples_split': 16}",0.686547556489753,0.7226309336135925,0.7813102119460501,0.60687414500684,0.6843727977448908,0.6963471289602252,0.05684082149950657,3
0.0016294002532958984,8.605958299433838e-05,0.0010071754455566405,2.244003975168289e-05,gini,14,sqrt,11,8,"{'criterion': 'gini', 'max_depth': 14, 'max_features': 'sqrt', 'min_samples_leaf': 11, 'min_samples_split': 8}",0.7513575056927658,0.6607111578209843,0.709143457698371,0.588406292749658,0.6886892177589852,0.6796615263441529,0.05436475157482596,16
0.001401996612548828,0.0001028967300332584,0.0010527610778808595,0.00010192371669543486,entropy,2,sqrt,18,3,"{'criterion': 'entropy', 'max_depth': 2, 'max_features': 'sqrt', 'min_samples_leaf': 18, 'min_samples_split': 3}",0.6770888071466106,0.6436328603958662,0.7025748817656332,0.5461696306429549,0.6350422832980973,0.6409016926498324,0.05315833902333542,80
0.001544618606567383,0.00012092703147867354,0.001032257080078125,6.790562949989359e-05,entropy,15,log2,19,3,"{'criterion': 'entropy', 'max_depth': 15, 'max_features': 'log2', 'min_samples_leaf': 19, 'min_samples_split': 3}",0.6454720616570326,0.6776142932212297,0.8031178840427395,0.5812243502051984,0.6408562367864693,0.6696569651825339,0.07363403403173992,27
0.0004016876220703125,1.0782636746229666e-05,0.0,0.0,entropy,6,auto,15,11,"{'criterion': 'entropy', 'max_depth': 6, 'max_features': 'auto', 'min_samples_leaf': 15, 'min_samples_split': 11}",,,,,,,,128
0.00038900375366210935,1.248912892695312e-06,0.0,0.0,gini,17,auto,4,11,"{'criterion': 'gini', 'max_depth': 17, 'max_features': 'auto', 'min_samples_leaf': 4, 'min_samples_split': 11}",,,,,,,,128
0.0015866756439208984,4.771755924839005e-05,0.0010160446166992188,3.719164771305359e-05,entropy,17,sqrt,17,6,"{'criterion': 'entropy', 'max_depth': 17, 'max_features': 'sqrt', 'min_samples_leaf': 17, 'min_samples_split': 6}",0.6889998248379752,0.6539674198633736,0.7411981082501313,0.6438953488372092,0.7275369978858351,0.6911195399349049,0.038597905878023704,8
0.0004024982452392578,1.441705142078907e-05,0.0,0.0,entropy,6,auto,2,14,"{'criterion': 'entropy', 'max_depth': 6, 'max_features': 'auto', 'min_samples_leaf': 2, 'min_samples_split': 14}",,,,,,,,128
0.0015342235565185547,4.407043451417905e-05,0.0010402202606201172,4.9502265729503175e-05,entropy,11,log2,16,12,"{'criterion': 'entropy', 'max_depth': 11, 'max_features': 'log2', 'min_samples_leaf': 16, 'min_samples_split': 12}",0.5895953757225434,0.6459099667192153,0.7771939043615345,0.6398768809849521,0.7235729386892179,0.6752298132954927,0.06659800862548813,20
0.00040121078491210936,1.0826828928084338e-05,0.0,0.0,gini,15,auto,16,12,"{'criterion': 'gini', 'max_depth': 15, 'max_features': 'auto', 'min_samples_leaf': 16, 'min_samples_split': 12}",,,,,,,,128
0.0004319190979003906,4.498690090243655e-05,0.0,0.0,entropy,16,auto,3,4,"{'criterion': 'entropy', 'max_depth': 16, 'max_features': 'auto', 'min_samples_leaf': 3, 'min_samples_split': 4}",,,,,,,,128
0.0003939628601074219,5.181094104803345e-06,0.0,0.0,gini,18,auto,19,6,"{'criterion': 'gini', 'max_depth': 18, 'max_features': 'auto', 'min_samples_leaf': 19, 'min_samples_split': 6}",,,,,,,,128
0.00039019584655761717,6.36644574189638e-06,0.0,0.0,entropy,10,auto,6,2,"{'criterion': 'entropy', 'max_depth': 10, 'max_features': 'auto', 'min_samples_leaf': 6, 'min_samples_split': 2}",,,,,,,,128
0.0016735076904296875,7.314912028966991e-05,0.001039743423461914,4.134730859790172e-05,gini,9,sqrt,14,3,"{'criterion': 'gini', 'max_depth': 9, 'max_features': 'sqrt', 'min_samples_leaf': 14, 'min_samples_split': 3}",0.6768260641093011,0.6067612541600981,0.6495883692415484,0.5738714090287278,0.7021670190274842,0.6418428231134319,0.0464190884464067,78
0.0016228199005126954,3.374936047076823e-05,0.0009975433349609375,6.266373253249935e-06,gini,14,sqrt,13,10,"{'criterion': 'gini', 'max_depth': 14, 'max_features': 'sqrt', 'min_samples_leaf': 13, 'min_samples_split': 10}",0.6568575932737782,0.6189350148887721,0.683044315992293,0.582250341997264,0.7367864693446089,0.6555747470993433,0.05304810100192115,52
0.00040035247802734376,1.1185262230984306e-05,0.0,0.0,entropy,15,auto,15,12,"{'criterion': 'entropy', 'max_depth': 15, 'max_features': 'auto', 'min_samples_leaf': 15, 'min_samples_split': 12}",,,,,,,,128
0.0003887176513671875,2.11427681707338e-06,0.0,0.0,gini,16,auto,17,5,"{'criterion': 'gini', 'max_depth': 16, 'max_features': 'auto', 'min_samples_leaf': 17, 'min_samples_split': 5}",,,,,,,,128
0.0003895759582519531,2.7100128628507275e-06,0.0,0.0,gini,8,auto,3,16,"{'criterion': 'gini', 'max_depth': 8, 'max_features': 'auto', 'min_samples_leaf': 3, 'min_samples_split': 16}",,,,,,,,128
0.0016295909881591797,8.138857428444869e-05,0.0010204792022705078,4.1244457176395936e-05,gini,14,sqrt,14,3,"{'criterion': 'gini', 'max_depth': 14, 'max_features': 'sqrt', 'min_samples_leaf': 14, 'min_samples_split': 3}",0.6675424767910316,0.6691189350148888,0.7192152741285689,0.5738714090287278,0.7021670190274842,0.6663830227981402,0.050277170561247,33
0.0014559268951416016,1.5286777576505004e-05,0.0010191917419433594,5.270321291467044e-05,gini,14,log2,19,8,"{'criterion': 'gini', 'max_depth': 14, 'max_features': 'log2', 'min_samples_leaf': 19, 'min_samples_split': 8}",0.6587843755473815,0.6428446312839377,0.6494132072166755,0.5812243502051984,0.6909795630725863,0.6446492254651559,0.035763024297993586,72
0.0015198707580566407,5.4233052753929406e-05,0.000990581512451172,1.4729869519277819e-05,gini,15,log2,14,12,"{'criterion': 'gini', 'max_depth': 15, 'max_features': 'log2', 'min_samples_leaf': 14, 'min_samples_split': 12}",0.6507269224032229,0.7232440007006482,0.7565247854265196,0.5279582763337893,0.6225334742776604,0.6561974918283682,0.08021133310305362,49
0.0016748905181884766,2.712654467190637e-05,0.0010016918182373046,7.667446610352243e-06,gini,13,sqrt,6,4,"{'criterion': 'gini', 'max_depth': 13, 'max_features': 'sqrt', 'min_samples_leaf': 6, 'min_samples_split': 4}",0.6509020844280959,0.6220879313364862,0.6100017516202487,0.6102086183310533,0.6772374911909796,0.6340875753813727,0.026225811339691308,87
0.00040955543518066405,1.8153285178360802e-05,0.0,0.0,gini,15,auto,5,11,"{'criterion': 'gini', 'max_depth': 15, 'max_features': 'auto', 'min_samples_leaf': 5, 'min_samples_split': 11}",,,,,,,,128
0.0014992713928222655,2.4993091117310274e-05,0.0009998798370361329,2.0899615438410975e-05,gini,17,log2,12,18,"{'criterion': 'gini', 'max_depth': 17, 'max_features': 'log2', 'min_samples_leaf': 12, 'min_samples_split': 18}",0.64880014012962,0.710544753897355,0.661499386932913,0.6376538987688098,0.6924770965468641,0.6701950552551124,0.02726489116394886,26
0.0014432907104492188,4.690163113222843e-05,0.0009881973266601563,1.6682078297442122e-05,gini,4,sqrt,3,10,"{'criterion': 'gini', 'max_depth': 4, 'max_features': 'sqrt', 'min_samples_leaf': 3, 'min_samples_split': 10}",0.6325100718164303,0.6953932387458398,0.7182518829917673,0.6044801641586867,0.5890591966173362,0.6479389108660121,0.05057540859642861,64
0.0015665054321289062,6.28366808954963e-05,0.0009880542755126953,5.710908859855601e-06,gini,18,log2,4,16,"{'criterion': 'gini', 'max_depth': 18, 'max_features': 'log2', 'min_samples_leaf': 4, 'min_samples_split': 16}",0.6798913995445787,0.7003853564547207,0.6056227009984234,0.6270519835841314,0.6087914023960536,0.6443485685955815,0.03864347595077583,74
0.0012822151184082031,7.494630296872172e-05,0.0009844779968261718,2.8539171987852405e-05,entropy,2,log2,8,9,"{'criterion': 'entropy', 'max_depth': 2, 'max_features': 'log2', 'min_samples_leaf': 8, 'min_samples_split': 9}",0.583114380802242,0.647924330005255,0.6509020844280959,0.4990595075239398,0.5357646229739252,0.5833529851466916,0.060170489289400775,113
0.0015540122985839844,8.322673195154955e-05,0.0010365486145019532,4.2446435766329704e-05,gini,12,log2,10,10,"{'criterion': 'gini', 'max_depth': 12, 'max_features': 'log2', 'min_samples_leaf': 10, 'min_samples_split': 10}",0.7318269399194255,0.6478367489928183,0.6799789805570153,0.5270177838577291,0.6510747004933051,0.6475470307640586,0.06737174809189296,65
0.0015578269958496094,2.6399730869245522e-05,0.0010062217712402343,1.1994705785197881e-05,gini,6,sqrt,2,14,"{'criterion': 'gini', 'max_depth': 6, 'max_features': 'sqrt', 'min_samples_leaf': 2, 'min_samples_split': 14}",0.683044315992293,0.6890874058504116,0.6735855666491506,0.6506497948016415,0.6065010570824524,0.6605736280751897,0.03003199388832157,42
0.00042333602905273435,3.671540840918527e-05,0.0,0.0,entropy,5,auto,1,7,"{'criterion': 'entropy', 'max_depth': 5, 'max_features': 'auto', 'min_samples_leaf': 1, 'min_samples_split': 7}",,,,,,,,128
0.0016184329986572265,5.926117161884259e-05,0.001008319854736328,1.4123881209262742e-05,entropy,16,sqrt,11,10,"{'criterion': 'entropy', 'max_depth': 16, 'max_features': 'sqrt', 'min_samples_leaf': 11, 'min_samples_split': 10}",0.7425994044491154,0.6758626729724996,0.7510071816430198,0.5955882352941176,0.703400281888654,0.6936915552494813,0.0560596977242706,6
0.0013242244720458984,4.125520579405449e-05,0.000986194610595703,1.8885159579766227e-05,gini,3,log2,8,6,"{'criterion': 'gini', 'max_depth': 3, 'max_features': 'log2', 'min_samples_leaf': 8, 'min_samples_split': 6}",0.6205114731126293,0.6820809248554913,0.6435452793834296,0.5331737346101232,0.5927589852008457,0.6144140794325038,0.050067042498655824,110
0.0015704631805419922,5.101734215113741e-05,0.0010101795196533203,5.112419326099432e-05,entropy,6,sqrt,11,5,"{'criterion': 'entropy', 'max_depth': 6, 'max_features': 'sqrt', 'min_samples_leaf': 11, 'min_samples_split': 5}",0.6864599754773165,0.6867227185146261,0.7506568575932737,0.6621067031463748,0.6967935165609584,0.6965479542585098,0.0293677921281701,2
0.0015523433685302734,9.736099349582078e-05,0.0009987354278564453,1.9795347742812355e-05,gini,6,sqrt,17,7,"{'criterion': 'gini', 'max_depth': 6, 'max_features': 'sqrt', 'min_samples_leaf': 17, 'min_samples_split': 7}",0.6836573830793484,0.6331231389034858,0.6824312489052373,0.5884917920656635,0.7049859055673009,0.6585378937042072,0.04221768608439479,45
0.001251554489135742,2.083434637423638e-05,0.0009974002838134765,3.245807804259516e-05,gini,2,log2,11,9,"{'criterion': 'gini', 'max_depth': 2, 'max_features': 'log2', 'min_samples_leaf': 11, 'min_samples_split': 9}",0.583114380802242,0.647924330005255,0.6509020844280959,0.4990595075239398,0.5357646229739252,0.5833529851466916,0.060170489289400775,113
0.0004097461700439453,2.4341404353292778e-05,0.0,0.0,entropy,19,auto,12,6,"{'criterion': 'entropy', 'max_depth': 19, 'max_features': 'auto', 'min_samples_leaf': 12, 'min_samples_split': 6}",,,,,,,,128
0.001350069046020508,5.068525539460055e-05,0.0009716510772705078,2.9756166956851428e-05,entropy,4,log2,1,18,"{'criterion': 'entropy', 'max_depth': 4, 'max_features': 'log2', 'min_samples_leaf': 1, 'min_samples_split': 18}",0.5782974251182345,0.6678052198283413,0.7469784550709405,0.5337722298221614,0.6027131782945736,0.6259133016268501,0.07444084728248995,100
0.00040740966796875,4.510849273128622e-05,0.0,0.0,entropy,15,auto,14,7,"{'criterion': 'entropy', 'max_depth': 15, 'max_features': 'auto', 'min_samples_leaf': 14, 'min_samples_split': 7}",,,,,,,,128
0.0015254497528076171,3.4752695532848e-05,0.0009852886199951173,1.966778429525179e-05,gini,11,log2,4,14,"{'criterion': 'gini', 'max_depth': 11, 'max_features': 'log2', 'min_samples_leaf': 4, 'min_samples_split': 14}",0.6889998248379752,0.6065860921352251,0.6796286565072691,0.6520177838577292,0.648167723749119,0.6550800162174635,0.028851366983272196,53
0.00040283203125,2.598066849296425e-05,0.0,0.0,gini,3,auto,6,19,"{'criterion': 'gini', 'max_depth': 3, 'max_features': 'auto', 'min_samples_leaf': 6, 'min_samples_split': 19}",,,,,,,,128
0.0003783702850341797,8.334426065897243e-06,0.0,0.0,entropy,10,auto,10,13,"{'criterion': 'entropy', 'max_depth': 10, 'max_features': 'auto', 'min_samples_leaf': 10, 'min_samples_split': 13}",,,,,,,,128
0.0018372535705566406,4.073149592439599e-05,0.0010071277618408203,3.139001302134588e-05,entropy,13,sqrt,1,6,"{'criterion': 'entropy', 'max_depth': 13, 'max_features': 'sqrt', 'min_samples_leaf': 1, 'min_samples_split': 6}",0.650026274303731,0.5551760378349974,0.6176212997022245,0.5402701778385773,0.6145172656800564,0.5955222110719174,0.041232209734418955,112
0.00039019584655761717,1.3434289285995737e-05,0.0,0.0,gini,17,auto,11,16,"{'criterion': 'gini', 'max_depth': 17, 'max_features': 'auto', 'min_samples_leaf': 11, 'min_samples_split': 16}",,,,,,,,128
0.0014331817626953125,3.4035753210340394e-05,0.0010231971740722657,7.922166863601647e-05,entropy,6,log2,3,18,"{'criterion': 'entropy', 'max_depth': 6, 'max_features': 'log2', 'min_samples_leaf': 3, 'min_samples_split': 18}",0.6116657908565424,0.6235768085479068,0.7718514626029078,0.4989740082079343,0.5994538407329105,0.6211043821896404,0.08741219176505687,104
0.001522397994995117,2.755962024177944e-05,0.0009685993194580078,1.354469356493997e-05,gini,12,sqrt,14,12,"{'criterion': 'gini', 'max_depth': 12, 'max_features': 'sqrt', 'min_samples_leaf': 14, 'min_samples_split': 12}",0.6675424767910316,0.6691189350148888,0.7192152741285689,0.5738714090287278,0.7021670190274842,0.6663830227981402,0.050277170561247,33
0.0012164115905761719,1.7282304824942467e-05,0.0009430408477783203,1.9775006686415988e-05,gini,2,log2,3,2,"{'criterion': 'gini', 'max_depth': 2, 'max_features': 'log2', 'min_samples_leaf': 3, 'min_samples_split': 2}",0.583114380802242,0.647924330005255,0.6509020844280959,0.4990595075239398,0.5357646229739252,0.5833529851466916,0.060170489289400775,113
0.0014909267425537109,6.224589963558545e-05,0.0009984016418457032,4.289536540906649e-05,entropy,8,log2,9,6,"{'criterion': 'entropy', 'max_depth': 8, 'max_features': 'log2', 'min_samples_leaf': 9, 'min_samples_split': 6}",0.6488877211420564,0.6847083552285864,0.6283937642319145,0.5790868673050615,0.6845489781536294,0.6451251372122497,0.039436580366635776,69
0.0003857135772705078,9.34698138718097e-06,0.0,0.0,entropy,3,auto,5,6,"{'criterion': 'entropy', 'max_depth': 3, 'max_features': 'auto', 'min_samples_leaf': 5, 'min_samples_split': 6}",,,,,,,,128
0.001656341552734375,6.872833124296299e-05,0.0010026931762695313,4.074059398709145e-05,gini,14,sqrt,4,14,"{'criterion': 'gini', 'max_depth': 14, 'max_features': 'sqrt', 'min_samples_leaf': 4, 'min_samples_split': 14}",0.6903135400245228,0.5501839201261166,0.6468733578560169,0.573187414500684,0.6353946441155742,0.6191905753245829,0.05092267406420104,106
0.00155487060546875,9.441479287398428e-05,0.0009735107421875,3.4630788990035224e-05,entropy,18,log2,8,15,"{'criterion': 'entropy', 'max_depth': 18, 'max_features': 'log2', 'min_samples_leaf': 8, 'min_samples_split': 15}",0.5826764757400595,0.683044315992293,0.5874934314240673,0.5998632010943912,0.6465821000704721,0.6199319048642566,0.03882366230093248,105
0.0003912925720214844,1.3412099372960173e-05,0.0,0.0,entropy,19,auto,6,2,"{'criterion': 'entropy', 'max_depth': 19, 'max_features': 'auto', 'min_samples_leaf': 6, 'min_samples_split': 2}",,,,,,,,128
0.00037522315979003905,1.701981382138705e-06,0.0,0.0,gini,15,auto,17,2,"{'criterion': 'gini', 'max_depth': 15, 'max_features': 'auto', 'min_samples_leaf': 17, 'min_samples_split': 2}",,,,,,,,128
0.0013160228729248047,9.059522018326254e-05,0.0009776592254638673,2.970492660676133e-05,gini,2,sqrt,8,9,"{'criterion': 'gini', 'max_depth': 2, 'max_features': 'sqrt', 'min_samples_leaf': 8, 'min_samples_split': 9}",0.6770888071466106,0.6354002452268348,0.7025748817656332,0.5095759233926128,0.6350422832980973,0.6319364281659577,0.06636605449729074,94
0.0014464378356933594,2.316388340192457e-05,0.0009831428527832032,5.3703931804037024e-05,gini,7,log2,6,7,"{'criterion': 'gini', 'max_depth': 7, 'max_features': 'log2', 'min_samples_leaf': 6, 'min_samples_split': 7}",0.662024873007532,0.686197232440007,0.630232965493081,0.6362004103967168,0.6124031007751938,0.645411716422506,0.025862198800421687,68
0.001419210433959961,6.1243417198190014e-06,0.0009596347808837891,5.8885045219557134e-06,gini,7,log2,8,11,"{'criterion': 'gini', 'max_depth': 7, 'max_features': 'log2', 'min_samples_leaf': 8, 'min_samples_split': 11}",0.651077246452969,0.7309511297950604,0.6109651427570503,0.583532831737346,0.683139534883721,0.6519331771252294,0.05210641671650887,57
0.0016280174255371093,3.3659637437427384e-05,0.0009804248809814453,1.949640141629908e-05,entropy,15,log2,1,8,"{'criterion': 'entropy', 'max_depth': 15, 'max_features': 'log2', 'min_samples_leaf': 1, 'min_samples_split': 8}",0.5655981783149413,0.6537046768260641,0.7023997197407601,0.5381326949384405,0.6138125440451022,0.6147295627730617,0.05913870130866743,107
0.0003941059112548828,1.1143103883548292e-05,0.0,0.0,gini,4,auto,6,2,"{'criterion': 'gini', 'max_depth': 4, 'max_features': 'auto', 'min_samples_leaf': 6, 'min_samples_split': 2}",,,,,,,,128
0.0014108657836914063,5.9470330539436416e-05,0.0009746551513671875,2.8879960461552988e-05,gini,5,log2,1,5,"{'criterion': 'gini', 'max_depth': 5, 'max_features': 'log2', 'min_samples_leaf': 1, 'min_samples_split': 5}",0.6239271325976529,0.6903135400245227,0.7143107374321247,0.6071306429548563,0.6789992952783651,0.6629362696575043,0.04070098870985898,38
0.0012972831726074218,5.099135243460947e-05,0.0009584903717041015,1.512964553503219e-05,entropy,2,sqrt,5,11,"{'criterion': 'entropy', 'max_depth': 2, 'max_features': 'sqrt', 'min_samples_leaf': 5, 'min_samples_split': 11}",0.6770888071466106,0.6354002452268348,0.7025748817656332,0.5461696306429549,0.6350422832980973,0.6392551696160261,0.05317573975900305,83
0.00039181709289550783,1.1950075757035028e-05,0.0,0.0,gini,6,auto,15,5,"{'criterion': 'gini', 'max_depth': 6, 'max_features': 'auto', 'min_samples_leaf': 15, 'min_samples_split': 5}",,,,,,,,128
